solid OpenSCAD_Model
  facet normal 0.442621 -0.896709 0
    outer loop
      vertex 36.0827 -47.6239 -2
      vertex 36.2 -47.566 0
      vertex 36.0827 -47.6239 0
    endloop
  endfacet
  facet normal 0.442621 -0.896709 0
    outer loop
      vertex 36.2 -47.566 0
      vertex 36.0827 -47.6239 -2
      vertex 36.2 -47.566 -2
    endloop
  endfacet
  facet normal 0.896709 -0.442621 0
    outer loop
      vertex 36.566 -47.2 0
      vertex 36.6239 -47.0827 -2
      vertex 36.6239 -47.0827 0
    endloop
  endfacet
  facet normal 0.896709 -0.442621 0
    outer loop
      vertex 36.6239 -47.0827 -2
      vertex 36.566 -47.2 0
      vertex 36.566 -47.2 -2
    endloop
  endfacet
  facet normal 0.555053 0.831815 -0
    outer loop
      vertex 36.3088 47.4934 -2
      vertex 36.2 47.566 0
      vertex 36.3088 47.4934 0
    endloop
  endfacet
  facet normal 0.555053 0.831815 0
    outer loop
      vertex 36.2 47.566 0
      vertex 36.3088 47.4934 -2
      vertex 36.2 47.566 -2
    endloop
  endfacet
  facet normal 0 1 -0
    outer loop
      vertex 35.7 47.7 -2
      vertex -35.7 47.7 0
      vertex 35.7 47.7 0
    endloop
  endfacet
  facet normal 0 1 0
    outer loop
      vertex -35.7 47.7 0
      vertex 35.7 47.7 -2
      vertex -35.7 47.7 -2
    endloop
  endfacet
  facet normal 0.997836 0.0657577 0
    outer loop
      vertex 36.7 46.7 0
      vertex 36.6914 46.8305 -2
      vertex 36.6914 46.8305 0
    endloop
  endfacet
  facet normal 0.997836 0.0657577 0
    outer loop
      vertex 36.6914 46.8305 -2
      vertex 36.7 46.7 0
      vertex 36.7 46.7 -2
    endloop
  endfacet
  facet normal 0.555053 -0.831815 0
    outer loop
      vertex 36.2 -47.566 -2
      vertex 36.3088 -47.4934 0
      vertex 36.2 -47.566 0
    endloop
  endfacet
  facet normal 0.555053 -0.831815 0
    outer loop
      vertex 36.3088 -47.4934 0
      vertex 36.2 -47.566 -2
      vertex 36.3088 -47.4934 -2
    endloop
  endfacet
  facet normal 0.659749 0.751486 -0
    outer loop
      vertex 36.4071 47.4071 -2
      vertex 36.3088 47.4934 0
      vertex 36.4071 47.4071 0
    endloop
  endfacet
  facet normal 0.659749 0.751486 0
    outer loop
      vertex 36.3088 47.4934 0
      vertex 36.4071 47.4071 -2
      vertex 36.3088 47.4934 -2
    endloop
  endfacet
  facet normal -0.0657577 0.997836 0
    outer loop
      vertex -35.7 47.7 -2
      vertex -35.8305 47.6914 0
      vertex -35.7 47.7 0
    endloop
  endfacet
  facet normal -0.0657577 0.997836 0
    outer loop
      vertex -35.8305 47.6914 0
      vertex -35.7 47.7 -2
      vertex -35.8305 47.6914 -2
    endloop
  endfacet
  facet normal 0 -1 0
    outer loop
      vertex -35.7 -47.7 -2
      vertex 35.7 -47.7 0
      vertex -35.7 -47.7 0
    endloop
  endfacet
  facet normal 0 -1 -0
    outer loop
      vertex 35.7 -47.7 0
      vertex -35.7 -47.7 -2
      vertex 35.7 -47.7 -2
    endloop
  endfacet
  facet normal -0.997836 0.0657577 0
    outer loop
      vertex -36.7 46.7 -2
      vertex -36.6914 46.8305 0
      vertex -36.6914 46.8305 -2
    endloop
  endfacet
  facet normal -0.997836 0.0657577 0
    outer loop
      vertex -36.6914 46.8305 0
      vertex -36.7 46.7 -2
      vertex -36.7 46.7 0
    endloop
  endfacet
  facet normal 1 -0 0
    outer loop
      vertex 36.7 -46.7 0
      vertex 36.7 46.7 -2
      vertex 36.7 46.7 0
    endloop
  endfacet
  facet normal 1 0 0
    outer loop
      vertex 36.7 46.7 -2
      vertex 36.7 -46.7 0
      vertex 36.7 -46.7 -2
    endloop
  endfacet
  facet normal -1 0 0
    outer loop
      vertex -36.7 -46.7 -2
      vertex -36.7 46.7 0
      vertex -36.7 46.7 -2
    endloop
  endfacet
  facet normal -1 -0 0
    outer loop
      vertex -36.7 46.7 0
      vertex -36.7 -46.7 -2
      vertex -36.7 -46.7 0
    endloop
  endfacet
  facet normal -0.896709 0.442621 0
    outer loop
      vertex -36.6239 47.0827 -2
      vertex -36.566 47.2 0
      vertex -36.566 47.2 -2
    endloop
  endfacet
  facet normal -0.896709 0.442621 0
    outer loop
      vertex -36.566 47.2 0
      vertex -36.6239 47.0827 -2
      vertex -36.6239 47.0827 0
    endloop
  endfacet
  facet normal 0.0657577 0.997836 -0
    outer loop
      vertex 35.8305 47.6914 -2
      vertex 35.7 47.7 0
      vertex 35.8305 47.6914 0
    endloop
  endfacet
  facet normal 0.0657577 0.997836 0
    outer loop
      vertex 35.7 47.7 0
      vertex 35.8305 47.6914 -2
      vertex 35.7 47.7 -2
    endloop
  endfacet
  facet normal 0.19494 -0.980815 0
    outer loop
      vertex 35.8305 -47.6914 -2
      vertex 35.9588 -47.6659 0
      vertex 35.8305 -47.6914 0
    endloop
  endfacet
  facet normal 0.19494 -0.980815 0
    outer loop
      vertex 35.9588 -47.6659 0
      vertex 35.8305 -47.6914 -2
      vertex 35.9588 -47.6659 -2
    endloop
  endfacet
  facet normal 0.442621 0.896709 -0
    outer loop
      vertex 36.2 47.566 -2
      vertex 36.0827 47.6239 0
      vertex 36.2 47.566 0
    endloop
  endfacet
  facet normal 0.442621 0.896709 0
    outer loop
      vertex 36.0827 47.6239 0
      vertex 36.2 47.566 -2
      vertex 36.0827 47.6239 -2
    endloop
  endfacet
  facet normal 0.980815 -0.19494 0
    outer loop
      vertex 36.6659 -46.9588 0
      vertex 36.6914 -46.8305 -2
      vertex 36.6914 -46.8305 0
    endloop
  endfacet
  facet normal 0.980815 -0.19494 0
    outer loop
      vertex 36.6914 -46.8305 -2
      vertex 36.6659 -46.9588 0
      vertex 36.6659 -46.9588 -2
    endloop
  endfacet
  facet normal -0.555053 -0.831815 0
    outer loop
      vertex -36.3088 -47.4934 -2
      vertex -36.2 -47.566 0
      vertex -36.3088 -47.4934 0
    endloop
  endfacet
  facet normal -0.555053 -0.831815 -0
    outer loop
      vertex -36.2 -47.566 0
      vertex -36.3088 -47.4934 -2
      vertex -36.2 -47.566 -2
    endloop
  endfacet
  facet normal -0.321039 -0.947066 0
    outer loop
      vertex -36.0827 -47.6239 -2
      vertex -35.9588 -47.6659 0
      vertex -36.0827 -47.6239 0
    endloop
  endfacet
  facet normal -0.321039 -0.947066 -0
    outer loop
      vertex -35.9588 -47.6659 0
      vertex -36.0827 -47.6239 -2
      vertex -35.9588 -47.6659 -2
    endloop
  endfacet
  facet normal -0.442621 0.896709 0
    outer loop
      vertex -36.0827 47.6239 -2
      vertex -36.2 47.566 0
      vertex -36.0827 47.6239 0
    endloop
  endfacet
  facet normal -0.442621 0.896709 0
    outer loop
      vertex -36.2 47.566 0
      vertex -36.0827 47.6239 -2
      vertex -36.2 47.566 -2
    endloop
  endfacet
  facet normal -0.980815 0.19494 0
    outer loop
      vertex -36.6914 46.8305 -2
      vertex -36.6659 46.9588 0
      vertex -36.6659 46.9588 -2
    endloop
  endfacet
  facet normal -0.980815 0.19494 0
    outer loop
      vertex -36.6659 46.9588 0
      vertex -36.6914 46.8305 -2
      vertex -36.6914 46.8305 0
    endloop
  endfacet
  facet normal -0.947066 0.321039 0
    outer loop
      vertex -36.6659 46.9588 -2
      vertex -36.6239 47.0827 0
      vertex -36.6239 47.0827 -2
    endloop
  endfacet
  facet normal -0.947066 0.321039 0
    outer loop
      vertex -36.6239 47.0827 0
      vertex -36.6659 46.9588 -2
      vertex -36.6659 46.9588 0
    endloop
  endfacet
  facet normal 0.997836 -0.0657577 0
    outer loop
      vertex 36.6914 -46.8305 0
      vertex 36.7 -46.7 -2
      vertex 36.7 -46.7 0
    endloop
  endfacet
  facet normal 0.997836 -0.0657577 0
    outer loop
      vertex 36.7 -46.7 -2
      vertex 36.6914 -46.8305 0
      vertex 36.6914 -46.8305 -2
    endloop
  endfacet
  facet normal -0.19494 0.980815 0
    outer loop
      vertex -35.8305 47.6914 -2
      vertex -35.9588 47.6659 0
      vertex -35.8305 47.6914 0
    endloop
  endfacet
  facet normal -0.19494 0.980815 0
    outer loop
      vertex -35.9588 47.6659 0
      vertex -35.8305 47.6914 -2
      vertex -35.9588 47.6659 -2
    endloop
  endfacet
  facet normal 0.947066 -0.321039 0
    outer loop
      vertex 36.6239 -47.0827 0
      vertex 36.6659 -46.9588 -2
      vertex 36.6659 -46.9588 0
    endloop
  endfacet
  facet normal 0.947066 -0.321039 0
    outer loop
      vertex 36.6659 -46.9588 -2
      vertex 36.6239 -47.0827 0
      vertex 36.6239 -47.0827 -2
    endloop
  endfacet
  facet normal 0.321039 -0.947066 0
    outer loop
      vertex 35.9588 -47.6659 -2
      vertex 36.0827 -47.6239 0
      vertex 35.9588 -47.6659 0
    endloop
  endfacet
  facet normal 0.321039 -0.947066 0
    outer loop
      vertex 36.0827 -47.6239 0
      vertex 35.9588 -47.6659 -2
      vertex 36.0827 -47.6239 -2
    endloop
  endfacet
  facet normal -0.442621 -0.896709 0
    outer loop
      vertex -36.2 -47.566 -2
      vertex -36.0827 -47.6239 0
      vertex -36.2 -47.566 0
    endloop
  endfacet
  facet normal -0.442621 -0.896709 -0
    outer loop
      vertex -36.0827 -47.6239 0
      vertex -36.2 -47.566 -2
      vertex -36.0827 -47.6239 -2
    endloop
  endfacet
  facet normal 0.831815 0.555053 0
    outer loop
      vertex 36.566 47.2 0
      vertex 36.4934 47.3088 -2
      vertex 36.4934 47.3088 0
    endloop
  endfacet
  facet normal 0.831815 0.555053 0
    outer loop
      vertex 36.4934 47.3088 -2
      vertex 36.566 47.2 0
      vertex 36.566 47.2 -2
    endloop
  endfacet
  facet normal 0.659749 -0.751486 0
    outer loop
      vertex 36.3088 -47.4934 -2
      vertex 36.4071 -47.4071 0
      vertex 36.3088 -47.4934 0
    endloop
  endfacet
  facet normal 0.659749 -0.751486 0
    outer loop
      vertex 36.4071 -47.4071 0
      vertex 36.3088 -47.4934 -2
      vertex 36.4071 -47.4071 -2
    endloop
  endfacet
  facet normal 0.980815 0.19494 0
    outer loop
      vertex 36.6914 46.8305 0
      vertex 36.6659 46.9588 -2
      vertex 36.6659 46.9588 0
    endloop
  endfacet
  facet normal 0.980815 0.19494 0
    outer loop
      vertex 36.6659 46.9588 -2
      vertex 36.6914 46.8305 0
      vertex 36.6914 46.8305 -2
    endloop
  endfacet
  facet normal 0.751486 0.659749 0
    outer loop
      vertex 36.4934 47.3088 0
      vertex 36.4071 47.4071 -2
      vertex 36.4071 47.4071 0
    endloop
  endfacet
  facet normal 0.751486 0.659749 0
    outer loop
      vertex 36.4071 47.4071 -2
      vertex 36.4934 47.3088 0
      vertex 36.4934 47.3088 -2
    endloop
  endfacet
  facet normal -0.947066 -0.321039 0
    outer loop
      vertex -36.6239 -47.0827 -2
      vertex -36.6659 -46.9588 0
      vertex -36.6659 -46.9588 -2
    endloop
  endfacet
  facet normal -0.947066 -0.321039 0
    outer loop
      vertex -36.6659 -46.9588 0
      vertex -36.6239 -47.0827 -2
      vertex -36.6239 -47.0827 0
    endloop
  endfacet
  facet normal -0.321039 0.947066 0
    outer loop
      vertex -35.9588 47.6659 -2
      vertex -36.0827 47.6239 0
      vertex -35.9588 47.6659 0
    endloop
  endfacet
  facet normal -0.321039 0.947066 0
    outer loop
      vertex -36.0827 47.6239 0
      vertex -35.9588 47.6659 -2
      vertex -36.0827 47.6239 -2
    endloop
  endfacet
  facet normal 0.0657577 -0.997836 0
    outer loop
      vertex 35.7 -47.7 -2
      vertex 35.8305 -47.6914 0
      vertex 35.7 -47.7 0
    endloop
  endfacet
  facet normal 0.0657577 -0.997836 0
    outer loop
      vertex 35.8305 -47.6914 0
      vertex 35.7 -47.7 -2
      vertex 35.8305 -47.6914 -2
    endloop
  endfacet
  facet normal -0.555053 0.831815 0
    outer loop
      vertex -36.2 47.566 -2
      vertex -36.3088 47.4934 0
      vertex -36.2 47.566 0
    endloop
  endfacet
  facet normal -0.555053 0.831815 0
    outer loop
      vertex -36.3088 47.4934 0
      vertex -36.2 47.566 -2
      vertex -36.3088 47.4934 -2
    endloop
  endfacet
  facet normal -0.659749 -0.751486 0
    outer loop
      vertex -36.4071 -47.4071 -2
      vertex -36.3088 -47.4934 0
      vertex -36.4071 -47.4071 0
    endloop
  endfacet
  facet normal -0.659749 -0.751486 -0
    outer loop
      vertex -36.3088 -47.4934 0
      vertex -36.4071 -47.4071 -2
      vertex -36.3088 -47.4934 -2
    endloop
  endfacet
  facet normal 0.831815 -0.555053 0
    outer loop
      vertex 36.4934 -47.3088 0
      vertex 36.566 -47.2 -2
      vertex 36.566 -47.2 0
    endloop
  endfacet
  facet normal 0.831815 -0.555053 0
    outer loop
      vertex 36.566 -47.2 -2
      vertex 36.4934 -47.3088 0
      vertex 36.4934 -47.3088 -2
    endloop
  endfacet
  facet normal -0.751486 -0.659749 0
    outer loop
      vertex -36.4071 -47.4071 -2
      vertex -36.4934 -47.3088 0
      vertex -36.4934 -47.3088 -2
    endloop
  endfacet
  facet normal -0.751486 -0.659749 0
    outer loop
      vertex -36.4934 -47.3088 0
      vertex -36.4071 -47.4071 -2
      vertex -36.4071 -47.4071 0
    endloop
  endfacet
  facet normal -0.659749 0.751486 0
    outer loop
      vertex -36.3088 47.4934 -2
      vertex -36.4071 47.4071 0
      vertex -36.3088 47.4934 0
    endloop
  endfacet
  facet normal -0.659749 0.751486 0
    outer loop
      vertex -36.4071 47.4071 0
      vertex -36.3088 47.4934 -2
      vertex -36.4071 47.4071 -2
    endloop
  endfacet
  facet normal -0.997836 -0.0657577 0
    outer loop
      vertex -36.6914 -46.8305 -2
      vertex -36.7 -46.7 0
      vertex -36.7 -46.7 -2
    endloop
  endfacet
  facet normal -0.997836 -0.0657577 0
    outer loop
      vertex -36.7 -46.7 0
      vertex -36.6914 -46.8305 -2
      vertex -36.6914 -46.8305 0
    endloop
  endfacet
  facet normal -0.0657577 -0.997836 0
    outer loop
      vertex -35.8305 -47.6914 -2
      vertex -35.7 -47.7 0
      vertex -35.8305 -47.6914 0
    endloop
  endfacet
  facet normal -0.0657577 -0.997836 -0
    outer loop
      vertex -35.7 -47.7 0
      vertex -35.8305 -47.6914 -2
      vertex -35.7 -47.7 -2
    endloop
  endfacet
  facet normal 0.751486 -0.659749 0
    outer loop
      vertex 36.4071 -47.4071 0
      vertex 36.4934 -47.3088 -2
      vertex 36.4934 -47.3088 0
    endloop
  endfacet
  facet normal 0.751486 -0.659749 0
    outer loop
      vertex 36.4934 -47.3088 -2
      vertex 36.4071 -47.4071 0
      vertex 36.4071 -47.4071 -2
    endloop
  endfacet
  facet normal 0.896709 0.442621 0
    outer loop
      vertex 36.6239 47.0827 0
      vertex 36.566 47.2 -2
      vertex 36.566 47.2 0
    endloop
  endfacet
  facet normal 0.896709 0.442621 0
    outer loop
      vertex 36.566 47.2 -2
      vertex 36.6239 47.0827 0
      vertex 36.6239 47.0827 -2
    endloop
  endfacet
  facet normal -0.831815 0.555053 0
    outer loop
      vertex -36.566 47.2 -2
      vertex -36.4934 47.3088 0
      vertex -36.4934 47.3088 -2
    endloop
  endfacet
  facet normal -0.831815 0.555053 0
    outer loop
      vertex -36.4934 47.3088 0
      vertex -36.566 47.2 -2
      vertex -36.566 47.2 0
    endloop
  endfacet
  facet normal -0.751486 0.659749 0
    outer loop
      vertex -36.4934 47.3088 -2
      vertex -36.4071 47.4071 0
      vertex -36.4071 47.4071 -2
    endloop
  endfacet
  facet normal -0.751486 0.659749 0
    outer loop
      vertex -36.4071 47.4071 0
      vertex -36.4934 47.3088 -2
      vertex -36.4934 47.3088 0
    endloop
  endfacet
  facet normal 0.19494 0.980815 -0
    outer loop
      vertex 35.9588 47.6659 -2
      vertex 35.8305 47.6914 0
      vertex 35.9588 47.6659 0
    endloop
  endfacet
  facet normal 0.19494 0.980815 0
    outer loop
      vertex 35.8305 47.6914 0
      vertex 35.9588 47.6659 -2
      vertex 35.8305 47.6914 -2
    endloop
  endfacet
  facet normal 0.321039 0.947066 -0
    outer loop
      vertex 36.0827 47.6239 -2
      vertex 35.9588 47.6659 0
      vertex 36.0827 47.6239 0
    endloop
  endfacet
  facet normal 0.321039 0.947066 0
    outer loop
      vertex 35.9588 47.6659 0
      vertex 36.0827 47.6239 -2
      vertex 35.9588 47.6659 -2
    endloop
  endfacet
  facet normal -0.980815 -0.19494 0
    outer loop
      vertex -36.6659 -46.9588 -2
      vertex -36.6914 -46.8305 0
      vertex -36.6914 -46.8305 -2
    endloop
  endfacet
  facet normal -0.980815 -0.19494 0
    outer loop
      vertex -36.6914 -46.8305 0
      vertex -36.6659 -46.9588 -2
      vertex -36.6659 -46.9588 0
    endloop
  endfacet
  facet normal -0.831815 -0.555053 0
    outer loop
      vertex -36.4934 -47.3088 -2
      vertex -36.566 -47.2 0
      vertex -36.566 -47.2 -2
    endloop
  endfacet
  facet normal -0.831815 -0.555053 0
    outer loop
      vertex -36.566 -47.2 0
      vertex -36.4934 -47.3088 -2
      vertex -36.4934 -47.3088 0
    endloop
  endfacet
  facet normal -0.896709 -0.442621 0
    outer loop
      vertex -36.566 -47.2 -2
      vertex -36.6239 -47.0827 0
      vertex -36.6239 -47.0827 -2
    endloop
  endfacet
  facet normal -0.896709 -0.442621 0
    outer loop
      vertex -36.6239 -47.0827 0
      vertex -36.566 -47.2 -2
      vertex -36.566 -47.2 0
    endloop
  endfacet
  facet normal -0.19494 -0.980815 0
    outer loop
      vertex -35.9588 -47.6659 -2
      vertex -35.8305 -47.6914 0
      vertex -35.9588 -47.6659 0
    endloop
  endfacet
  facet normal -0.19494 -0.980815 -0
    outer loop
      vertex -35.8305 -47.6914 0
      vertex -35.9588 -47.6659 -2
      vertex -35.8305 -47.6914 -2
    endloop
  endfacet
  facet normal 0.947066 0.321039 0
    outer loop
      vertex 36.6659 46.9588 0
      vertex 36.6239 47.0827 -2
      vertex 36.6239 47.0827 0
    endloop
  endfacet
  facet normal 0.947066 0.321039 0
    outer loop
      vertex 36.6239 47.0827 -2
      vertex 36.6659 46.9588 0
      vertex 36.6659 46.9588 -2
    endloop
  endfacet
  facet normal -0 0 -1
    outer loop
      vertex -35.1 44.8958 -2
      vertex -35.1359 44.7154 -2
      vertex -35.1 45.1 -2
    endloop
  endfacet
  facet normal 0 0 -1
    outer loop
      vertex 36.7 -46.7 -2
      vertex 35.1 -44.1042 -2
      vertex 36.7 46.7 -2
    endloop
  endfacet
  facet normal 0 0 -1
    outer loop
      vertex 36.7 46.7 -2
      vertex 35.1359 44.2846 -2
      vertex 35.15 44.5 -2
    endloop
  endfacet
  facet normal 0 0 -1
    outer loop
      vertex 35.1 44.1042 -2
      vertex 36.7 46.7 -2
      vertex 35.1 -44.1042 -2
    endloop
  endfacet
  facet normal 0 0 -1
    outer loop
      vertex 36.7 46.7 -2
      vertex 35.1 44.1042 -2
      vertex 35.1359 44.2846 -2
    endloop
  endfacet
  facet normal 0 0 -1
    outer loop
      vertex 35.7 -47.7 -2
      vertex 36.7 -46.7 -2
      vertex 36.6914 -46.8305 -2
    endloop
  endfacet
  facet normal 0 0 -1
    outer loop
      vertex 35.1359 -44.2846 -2
      vertex 36.7 -46.7 -2
      vertex 35.15 -44.5 -2
    endloop
  endfacet
  facet normal 0 0 -1
    outer loop
      vertex 35.7 -47.7 -2
      vertex 36.6914 -46.8305 -2
      vertex 36.6659 -46.9588 -2
    endloop
  endfacet
  facet normal 0 0 -1
    outer loop
      vertex 35.1 -44.1042 -2
      vertex 36.7 -46.7 -2
      vertex 35.1359 -44.2846 -2
    endloop
  endfacet
  facet normal 0 0 -1
    outer loop
      vertex 35.7 -47.7 -2
      vertex 36.6659 -46.9588 -2
      vertex 36.6239 -47.0827 -2
    endloop
  endfacet
  facet normal 0 0 -1
    outer loop
      vertex 35.1359 44.7154 -2
      vertex 36.7 46.7 -2
      vertex 35.15 44.5 -2
    endloop
  endfacet
  facet normal 0 0 -1
    outer loop
      vertex 35.7 -47.7 -2
      vertex 36.6239 -47.0827 -2
      vertex 36.566 -47.2 -2
    endloop
  endfacet
  facet normal 0 0 -1
    outer loop
      vertex 35.1 45.1 -2
      vertex 36.7 46.7 -2
      vertex 35.1359 44.7154 -2
    endloop
  endfacet
  facet normal 0 0 -1
    outer loop
      vertex 35.7 -47.7 -2
      vertex 36.566 -47.2 -2
      vertex 36.4934 -47.3088 -2
    endloop
  endfacet
  facet normal 0 0 -1
    outer loop
      vertex 35.0914 45.2305 -2
      vertex 36.7 46.7 -2
      vertex 35.1 45.1 -2
    endloop
  endfacet
  facet normal 0 0 -1
    outer loop
      vertex 35.7 -47.7 -2
      vertex 36.4934 -47.3088 -2
      vertex 36.4071 -47.4071 -2
    endloop
  endfacet
  facet normal 0 0 -1
    outer loop
      vertex 35.0659 45.3588 -2
      vertex 36.7 46.7 -2
      vertex 35.0914 45.2305 -2
    endloop
  endfacet
  facet normal 0 0 -1
    outer loop
      vertex 35.7 -47.7 -2
      vertex 36.4071 -47.4071 -2
      vertex 36.3088 -47.4934 -2
    endloop
  endfacet
  facet normal 0 0 -1
    outer loop
      vertex 35.0239 45.4827 -2
      vertex 36.7 46.7 -2
      vertex 35.0659 45.3588 -2
    endloop
  endfacet
  facet normal 0 0 -1
    outer loop
      vertex 35.7 -47.7 -2
      vertex 36.3088 -47.4934 -2
      vertex 36.2 -47.566 -2
    endloop
  endfacet
  facet normal 0 0 -1
    outer loop
      vertex 34.966 45.6 -2
      vertex 36.7 46.7 -2
      vertex 35.0239 45.4827 -2
    endloop
  endfacet
  facet normal 0 0 -1
    outer loop
      vertex 35.7 -47.7 -2
      vertex 36.2 -47.566 -2
      vertex 36.0827 -47.6239 -2
    endloop
  endfacet
  facet normal 0 0 -1
    outer loop
      vertex 34.8934 45.7088 -2
      vertex 36.7 46.7 -2
      vertex 34.966 45.6 -2
    endloop
  endfacet
  facet normal 0 0 -1
    outer loop
      vertex 35.7 -47.7 -2
      vertex 36.0827 -47.6239 -2
      vertex 35.9588 -47.6659 -2
    endloop
  endfacet
  facet normal 0 0 -1
    outer loop
      vertex 34.8071 45.8071 -2
      vertex 36.7 46.7 -2
      vertex 34.8934 45.7088 -2
    endloop
  endfacet
  facet normal 0 0 -1
    outer loop
      vertex 35.7 -47.7 -2
      vertex 35.9588 -47.6659 -2
      vertex 35.8305 -47.6914 -2
    endloop
  endfacet
  facet normal 0 -0 -1
    outer loop
      vertex 35.7 47.7 -2
      vertex 36.7 46.7 -2
      vertex 34.8071 45.8071 -2
    endloop
  endfacet
  facet normal -0 0 -1
    outer loop
      vertex 36.7 -46.7 -2
      vertex 35.7 -47.7 -2
      vertex 34.8071 -45.8071 -2
    endloop
  endfacet
  facet normal 0 0 -1
    outer loop
      vertex 36.7 46.7 -2
      vertex 35.7 47.7 -2
      vertex 36.6914 46.8305 -2
    endloop
  endfacet
  facet normal 0 0 -1
    outer loop
      vertex 36.6914 46.8305 -2
      vertex 35.7 47.7 -2
      vertex 36.6659 46.9588 -2
    endloop
  endfacet
  facet normal 0 0 -1
    outer loop
      vertex 36.7 -46.7 -2
      vertex 35.1359 -44.7154 -2
      vertex 35.15 -44.5 -2
    endloop
  endfacet
  facet normal 0 0 -1
    outer loop
      vertex 36.7 -46.7 -2
      vertex 35.1 -45.1 -2
      vertex 35.1359 -44.7154 -2
    endloop
  endfacet
  facet normal 0 0 -1
    outer loop
      vertex 36.7 -46.7 -2
      vertex 35.0914 -45.2305 -2
      vertex 35.1 -45.1 -2
    endloop
  endfacet
  facet normal 0 0 -1
    outer loop
      vertex 36.7 -46.7 -2
      vertex 35.0659 -45.3588 -2
      vertex 35.0914 -45.2305 -2
    endloop
  endfacet
  facet normal 0 0 -1
    outer loop
      vertex 36.7 -46.7 -2
      vertex 35.0239 -45.4827 -2
      vertex 35.0659 -45.3588 -2
    endloop
  endfacet
  facet normal 0 0 -1
    outer loop
      vertex 36.7 -46.7 -2
      vertex 34.966 -45.6 -2
      vertex 35.0239 -45.4827 -2
    endloop
  endfacet
  facet normal 0 0 -1
    outer loop
      vertex 36.7 -46.7 -2
      vertex 34.8934 -45.7088 -2
      vertex 34.966 -45.6 -2
    endloop
  endfacet
  facet normal 0 0 -1
    outer loop
      vertex 36.7 -46.7 -2
      vertex 34.8071 -45.8071 -2
      vertex 34.8934 -45.7088 -2
    endloop
  endfacet
  facet normal 0 0 -1
    outer loop
      vertex 35.7 -47.7 -2
      vertex 34.7088 -45.8934 -2
      vertex 34.8071 -45.8071 -2
    endloop
  endfacet
  facet normal 0 0 -1
    outer loop
      vertex 35.7 -47.7 -2
      vertex 34.6 -45.966 -2
      vertex 34.7088 -45.8934 -2
    endloop
  endfacet
  facet normal 0 0 -1
    outer loop
      vertex 35.7 -47.7 -2
      vertex 34.4827 -46.0239 -2
      vertex 34.6 -45.966 -2
    endloop
  endfacet
  facet normal 0 0 -1
    outer loop
      vertex 35.7 -47.7 -2
      vertex 34.3588 -46.0659 -2
      vertex 34.4827 -46.0239 -2
    endloop
  endfacet
  facet normal 0 0 -1
    outer loop
      vertex 35.7 -47.7 -2
      vertex 34.2305 -46.0914 -2
      vertex 34.3588 -46.0659 -2
    endloop
  endfacet
  facet normal 0 0 -1
    outer loop
      vertex 35.7 -47.7 -2
      vertex 34.1 -46.1 -2
      vertex 34.2305 -46.0914 -2
    endloop
  endfacet
  facet normal 0 0 -1
    outer loop
      vertex 33.7154 -46.1359 -2
      vertex 34.1 -46.1 -2
      vertex 35.7 -47.7 -2
    endloop
  endfacet
  facet normal -0 0 -1
    outer loop
      vertex 34.1 -46.1 -2
      vertex 33.7154 -46.1359 -2
      vertex 33.8958 -46.1 -2
    endloop
  endfacet
  facet normal 0 0 -1
    outer loop
      vertex 35.7 -47.7 -2
      vertex 33.5 -46.15 -2
      vertex 33.7154 -46.1359 -2
    endloop
  endfacet
  facet normal 0 0 -1
    outer loop
      vertex 35.7 -47.7 -2
      vertex 33.2846 -46.1359 -2
      vertex 33.5 -46.15 -2
    endloop
  endfacet
  facet normal 0 0 -1
    outer loop
      vertex 35.7 -47.7 -2
      vertex 33.1042 -46.1 -2
      vertex 33.2846 -46.1359 -2
    endloop
  endfacet
  facet normal 0 0 -1
    outer loop
      vertex 35.7 -47.7 -2
      vertex -33.1042 -46.1 -2
      vertex 33.1042 -46.1 -2
    endloop
  endfacet
  facet normal 0 0 -1
    outer loop
      vertex -35.7 -47.7 -2
      vertex -33.1042 -46.1 -2
      vertex 35.7 -47.7 -2
    endloop
  endfacet
  facet normal 0 0 -1
    outer loop
      vertex -33.1042 -46.1 -2
      vertex -35.7 -47.7 -2
      vertex -33.2846 -46.1359 -2
    endloop
  endfacet
  facet normal 0 0 -1
    outer loop
      vertex -33.7154 -46.1359 -2
      vertex -34.1 -46.1 -2
      vertex -33.8958 -46.1 -2
    endloop
  endfacet
  facet normal 0 0 -1
    outer loop
      vertex -35.7 -47.7 -2
      vertex -34.1 -46.1 -2
      vertex -33.7154 -46.1359 -2
    endloop
  endfacet
  facet normal 0 0 -1
    outer loop
      vertex -35.1 -45.1 -2
      vertex -35.1359 -44.7154 -2
      vertex -35.1 -44.8958 -2
    endloop
  endfacet
  facet normal 0 0 -1
    outer loop
      vertex -36.7 -46.7 -2
      vertex -35.1 -45.1 -2
      vertex -35.0914 -45.2305 -2
    endloop
  endfacet
  facet normal 0 0 -1
    outer loop
      vertex -36.7 46.7 -2
      vertex -35.1 44.1042 -2
      vertex -36.7 -46.7 -2
    endloop
  endfacet
  facet normal -0 0 -1
    outer loop
      vertex -35.1 -45.1 -2
      vertex -36.7 -46.7 -2
      vertex -35.1359 -44.7154 -2
    endloop
  endfacet
  facet normal -0 0 -1
    outer loop
      vertex -35.0659 -45.3588 -2
      vertex -36.7 -46.7 -2
      vertex -35.0914 -45.2305 -2
    endloop
  endfacet
  facet normal -0 0 -1
    outer loop
      vertex -35.0239 -45.4827 -2
      vertex -36.7 -46.7 -2
      vertex -35.0659 -45.3588 -2
    endloop
  endfacet
  facet normal -0 0 -1
    outer loop
      vertex -34.966 -45.6 -2
      vertex -36.7 -46.7 -2
      vertex -35.0239 -45.4827 -2
    endloop
  endfacet
  facet normal -0 0 -1
    outer loop
      vertex -34.8934 -45.7088 -2
      vertex -36.7 -46.7 -2
      vertex -34.966 -45.6 -2
    endloop
  endfacet
  facet normal -0 0 -1
    outer loop
      vertex -34.8071 -45.8071 -2
      vertex -36.7 -46.7 -2
      vertex -34.8934 -45.7088 -2
    endloop
  endfacet
  facet normal 0 0 -1
    outer loop
      vertex -36.7 -46.7 -2
      vertex -34.8071 -45.8071 -2
      vertex -35.7 -47.7 -2
    endloop
  endfacet
  facet normal -0 0 -1
    outer loop
      vertex -34.7088 -45.8934 -2
      vertex -35.7 -47.7 -2
      vertex -34.8071 -45.8071 -2
    endloop
  endfacet
  facet normal -0 0 -1
    outer loop
      vertex -34.6 -45.966 -2
      vertex -35.7 -47.7 -2
      vertex -34.7088 -45.8934 -2
    endloop
  endfacet
  facet normal -0 0 -1
    outer loop
      vertex -34.4827 -46.0239 -2
      vertex -35.7 -47.7 -2
      vertex -34.6 -45.966 -2
    endloop
  endfacet
  facet normal -0 0 -1
    outer loop
      vertex -34.3588 -46.0659 -2
      vertex -35.7 -47.7 -2
      vertex -34.4827 -46.0239 -2
    endloop
  endfacet
  facet normal -0 0 -1
    outer loop
      vertex -34.2305 -46.0914 -2
      vertex -35.7 -47.7 -2
      vertex -34.3588 -46.0659 -2
    endloop
  endfacet
  facet normal -0 0 -1
    outer loop
      vertex -34.1 -46.1 -2
      vertex -35.7 -47.7 -2
      vertex -34.2305 -46.0914 -2
    endloop
  endfacet
  facet normal -0 0 -1
    outer loop
      vertex -33.5 -46.15 -2
      vertex -35.7 -47.7 -2
      vertex -33.7154 -46.1359 -2
    endloop
  endfacet
  facet normal 0 0 -1
    outer loop
      vertex -33.2846 -46.1359 -2
      vertex -35.7 -47.7 -2
      vertex -33.5 -46.15 -2
    endloop
  endfacet
  facet normal 0 0 -1
    outer loop
      vertex 36.6659 46.9588 -2
      vertex 35.7 47.7 -2
      vertex 36.6239 47.0827 -2
    endloop
  endfacet
  facet normal 0 0 -1
    outer loop
      vertex 36.6239 47.0827 -2
      vertex 35.7 47.7 -2
      vertex 36.566 47.2 -2
    endloop
  endfacet
  facet normal 0 0 -1
    outer loop
      vertex 35.1 45.1 -2
      vertex 35.1359 44.7154 -2
      vertex 35.1 44.8958 -2
    endloop
  endfacet
  facet normal 0 0 -1
    outer loop
      vertex 36.566 47.2 -2
      vertex 35.7 47.7 -2
      vertex 36.4934 47.3088 -2
    endloop
  endfacet
  facet normal 0 0 -1
    outer loop
      vertex 36.4934 47.3088 -2
      vertex 35.7 47.7 -2
      vertex 36.4071 47.4071 -2
    endloop
  endfacet
  facet normal 0 0 -1
    outer loop
      vertex 36.4071 47.4071 -2
      vertex 35.7 47.7 -2
      vertex 36.3088 47.4934 -2
    endloop
  endfacet
  facet normal 0 0 -1
    outer loop
      vertex 36.3088 47.4934 -2
      vertex 35.7 47.7 -2
      vertex 36.2 47.566 -2
    endloop
  endfacet
  facet normal 0 0 -1
    outer loop
      vertex 36.2 47.566 -2
      vertex 35.7 47.7 -2
      vertex 36.0827 47.6239 -2
    endloop
  endfacet
  facet normal 0 0 -1
    outer loop
      vertex 36.0827 47.6239 -2
      vertex 35.7 47.7 -2
      vertex 35.9588 47.6659 -2
    endloop
  endfacet
  facet normal 0 0 -1
    outer loop
      vertex 35.9588 47.6659 -2
      vertex 35.7 47.7 -2
      vertex 35.8305 47.6914 -2
    endloop
  endfacet
  facet normal 0 0 -1
    outer loop
      vertex 34.7088 45.8934 -2
      vertex 35.7 47.7 -2
      vertex 34.8071 45.8071 -2
    endloop
  endfacet
  facet normal 0 0 -1
    outer loop
      vertex 34.6 45.966 -2
      vertex 35.7 47.7 -2
      vertex 34.7088 45.8934 -2
    endloop
  endfacet
  facet normal 0 0 -1
    outer loop
      vertex 34.4827 46.0239 -2
      vertex 35.7 47.7 -2
      vertex 34.6 45.966 -2
    endloop
  endfacet
  facet normal 0 0 -1
    outer loop
      vertex 34.3588 46.0659 -2
      vertex 35.7 47.7 -2
      vertex 34.4827 46.0239 -2
    endloop
  endfacet
  facet normal 0 0 -1
    outer loop
      vertex 34.2305 46.0914 -2
      vertex 35.7 47.7 -2
      vertex 34.3588 46.0659 -2
    endloop
  endfacet
  facet normal 0 0 -1
    outer loop
      vertex 34.1 46.1 -2
      vertex 35.7 47.7 -2
      vertex 34.2305 46.0914 -2
    endloop
  endfacet
  facet normal 0 0 -1
    outer loop
      vertex 33.7154 46.1359 -2
      vertex 34.1 46.1 -2
      vertex 33.8958 46.1 -2
    endloop
  endfacet
  facet normal 0 0 -1
    outer loop
      vertex 34.1 46.1 -2
      vertex 33.7154 46.1359 -2
      vertex 35.7 47.7 -2
    endloop
  endfacet
  facet normal 0 0 -1
    outer loop
      vertex 33.5 46.15 -2
      vertex 35.7 47.7 -2
      vertex 33.7154 46.1359 -2
    endloop
  endfacet
  facet normal 0 0 -1
    outer loop
      vertex 33.2846 46.1359 -2
      vertex 35.7 47.7 -2
      vertex 33.5 46.15 -2
    endloop
  endfacet
  facet normal 0 0 -1
    outer loop
      vertex 33.1042 46.1 -2
      vertex 35.7 47.7 -2
      vertex 33.2846 46.1359 -2
    endloop
  endfacet
  facet normal 0 0 -1
    outer loop
      vertex -33.1042 46.1 -2
      vertex 35.7 47.7 -2
      vertex 33.1042 46.1 -2
    endloop
  endfacet
  facet normal 0 0 -1
    outer loop
      vertex -35.7 47.7 -2
      vertex -33.1042 46.1 -2
      vertex -33.2846 46.1359 -2
    endloop
  endfacet
  facet normal 0 0 -1
    outer loop
      vertex -35.7 47.7 -2
      vertex -33.2846 46.1359 -2
      vertex -33.5 46.15 -2
    endloop
  endfacet
  facet normal 0 0 -1
    outer loop
      vertex -34.1 46.1 -2
      vertex -33.7154 46.1359 -2
      vertex -33.8958 46.1 -2
    endloop
  endfacet
  facet normal 0 0 -1
    outer loop
      vertex -35.7 47.7 -2
      vertex -34.1 46.1 -2
      vertex -34.2305 46.0914 -2
    endloop
  endfacet
  facet normal 0 0 -1
    outer loop
      vertex -36.7 46.7 -2
      vertex -35.1 45.1 -2
      vertex -35.1359 44.7154 -2
    endloop
  endfacet
  facet normal 0 0 -1
    outer loop
      vertex -33.1042 46.1 -2
      vertex -35.7 47.7 -2
      vertex 35.7 47.7 -2
    endloop
  endfacet
  facet normal 0 0 -1
    outer loop
      vertex -33.7154 46.1359 -2
      vertex -35.7 47.7 -2
      vertex -33.5 46.15 -2
    endloop
  endfacet
  facet normal 0 0 -1
    outer loop
      vertex -34.1 46.1 -2
      vertex -35.7 47.7 -2
      vertex -33.7154 46.1359 -2
    endloop
  endfacet
  facet normal 0 0 -1
    outer loop
      vertex -34.3588 46.0659 -2
      vertex -35.7 47.7 -2
      vertex -34.2305 46.0914 -2
    endloop
  endfacet
  facet normal 0 0 -1
    outer loop
      vertex -34.4827 46.0239 -2
      vertex -35.7 47.7 -2
      vertex -34.3588 46.0659 -2
    endloop
  endfacet
  facet normal 0 0 -1
    outer loop
      vertex -34.6 45.966 -2
      vertex -35.7 47.7 -2
      vertex -34.4827 46.0239 -2
    endloop
  endfacet
  facet normal 0 0 -1
    outer loop
      vertex -34.7088 45.8934 -2
      vertex -35.7 47.7 -2
      vertex -34.6 45.966 -2
    endloop
  endfacet
  facet normal 0 0 -1
    outer loop
      vertex -34.8071 45.8071 -2
      vertex -35.7 47.7 -2
      vertex -34.7088 45.8934 -2
    endloop
  endfacet
  facet normal 0 0 -1
    outer loop
      vertex -36.7 46.7 -2
      vertex -34.8071 45.8071 -2
      vertex -34.8934 45.7088 -2
    endloop
  endfacet
  facet normal 0 0 -1
    outer loop
      vertex -36.7 46.7 -2
      vertex -34.8934 45.7088 -2
      vertex -34.966 45.6 -2
    endloop
  endfacet
  facet normal 0 0 -1
    outer loop
      vertex -36.7 46.7 -2
      vertex -34.966 45.6 -2
      vertex -35.0239 45.4827 -2
    endloop
  endfacet
  facet normal 0 0 -1
    outer loop
      vertex -36.7 46.7 -2
      vertex -35.0239 45.4827 -2
      vertex -35.0659 45.3588 -2
    endloop
  endfacet
  facet normal 0 0 -1
    outer loop
      vertex -36.7 46.7 -2
      vertex -35.0659 45.3588 -2
      vertex -35.0914 45.2305 -2
    endloop
  endfacet
  facet normal 0 0 -1
    outer loop
      vertex -35.1 45.1 -2
      vertex -36.7 46.7 -2
      vertex -35.0914 45.2305 -2
    endloop
  endfacet
  facet normal 0 0 -1
    outer loop
      vertex -36.7 46.7 -2
      vertex -35.1359 44.7154 -2
      vertex -35.15 44.5 -2
    endloop
  endfacet
  facet normal 0 0 -1
    outer loop
      vertex -35.1 44.1042 -2
      vertex -36.7 46.7 -2
      vertex -35.1359 44.2846 -2
    endloop
  endfacet
  facet normal 0 0 -1
    outer loop
      vertex -36.7 -46.7 -2
      vertex -35.7 -47.7 -2
      vertex -35.8305 -47.6914 -2
    endloop
  endfacet
  facet normal 0 0 -1
    outer loop
      vertex -35.1359 44.2846 -2
      vertex -36.7 46.7 -2
      vertex -35.15 44.5 -2
    endloop
  endfacet
  facet normal 0 0 -1
    outer loop
      vertex -36.7 -46.7 -2
      vertex -35.8305 -47.6914 -2
      vertex -35.9588 -47.6659 -2
    endloop
  endfacet
  facet normal 0 0 -1
    outer loop
      vertex -34.8071 45.8071 -2
      vertex -36.7 46.7 -2
      vertex -35.7 47.7 -2
    endloop
  endfacet
  facet normal 0 0 -1
    outer loop
      vertex -36.7 -46.7 -2
      vertex -35.9588 -47.6659 -2
      vertex -36.0827 -47.6239 -2
    endloop
  endfacet
  facet normal 0 0 -1
    outer loop
      vertex -35.7 47.7 -2
      vertex -36.7 46.7 -2
      vertex -35.8305 47.6914 -2
    endloop
  endfacet
  facet normal 0 0 -1
    outer loop
      vertex -36.7 -46.7 -2
      vertex -36.0827 -47.6239 -2
      vertex -36.2 -47.566 -2
    endloop
  endfacet
  facet normal 0 0 -1
    outer loop
      vertex -35.8305 47.6914 -2
      vertex -36.7 46.7 -2
      vertex -35.9588 47.6659 -2
    endloop
  endfacet
  facet normal 0 0 -1
    outer loop
      vertex -36.7 -46.7 -2
      vertex -36.2 -47.566 -2
      vertex -36.3088 -47.4934 -2
    endloop
  endfacet
  facet normal 0 0 -1
    outer loop
      vertex -35.9588 47.6659 -2
      vertex -36.7 46.7 -2
      vertex -36.0827 47.6239 -2
    endloop
  endfacet
  facet normal 0 0 -1
    outer loop
      vertex -36.7 -46.7 -2
      vertex -36.3088 -47.4934 -2
      vertex -36.4071 -47.4071 -2
    endloop
  endfacet
  facet normal 0 0 -1
    outer loop
      vertex -36.0827 47.6239 -2
      vertex -36.7 46.7 -2
      vertex -36.2 47.566 -2
    endloop
  endfacet
  facet normal 0 0 -1
    outer loop
      vertex -36.7 -46.7 -2
      vertex -36.4071 -47.4071 -2
      vertex -36.4934 -47.3088 -2
    endloop
  endfacet
  facet normal 0 0 -1
    outer loop
      vertex -36.2 47.566 -2
      vertex -36.7 46.7 -2
      vertex -36.3088 47.4934 -2
    endloop
  endfacet
  facet normal 0 0 -1
    outer loop
      vertex -36.7 -46.7 -2
      vertex -36.4934 -47.3088 -2
      vertex -36.566 -47.2 -2
    endloop
  endfacet
  facet normal 0 0 -1
    outer loop
      vertex -36.3088 47.4934 -2
      vertex -36.7 46.7 -2
      vertex -36.4071 47.4071 -2
    endloop
  endfacet
  facet normal 0 0 -1
    outer loop
      vertex -36.7 -46.7 -2
      vertex -36.566 -47.2 -2
      vertex -36.6239 -47.0827 -2
    endloop
  endfacet
  facet normal 0 0 -1
    outer loop
      vertex -36.4071 47.4071 -2
      vertex -36.7 46.7 -2
      vertex -36.4934 47.3088 -2
    endloop
  endfacet
  facet normal 0 0 -1
    outer loop
      vertex -36.7 -46.7 -2
      vertex -36.6239 -47.0827 -2
      vertex -36.6659 -46.9588 -2
    endloop
  endfacet
  facet normal 0 0 -1
    outer loop
      vertex -36.4934 47.3088 -2
      vertex -36.7 46.7 -2
      vertex -36.566 47.2 -2
    endloop
  endfacet
  facet normal 0 0 -1
    outer loop
      vertex -36.7 -46.7 -2
      vertex -36.6659 -46.9588 -2
      vertex -36.6914 -46.8305 -2
    endloop
  endfacet
  facet normal 0 0 -1
    outer loop
      vertex -36.566 47.2 -2
      vertex -36.7 46.7 -2
      vertex -36.6239 47.0827 -2
    endloop
  endfacet
  facet normal 0 0 -1
    outer loop
      vertex -36.6239 47.0827 -2
      vertex -36.7 46.7 -2
      vertex -36.6659 46.9588 -2
    endloop
  endfacet
  facet normal 0 0 -1
    outer loop
      vertex -36.6659 46.9588 -2
      vertex -36.7 46.7 -2
      vertex -36.6914 46.8305 -2
    endloop
  endfacet
  facet normal 0 0 -1
    outer loop
      vertex 35.1359 -44.7154 -2
      vertex 35.1 -45.1 -2
      vertex 35.1 -44.8958 -2
    endloop
  endfacet
  facet normal 0 0 -1
    outer loop
      vertex -36.7 -46.7 -2
      vertex -35.1 -44.1042 -2
      vertex -35.1359 -44.2846 -2
    endloop
  endfacet
  facet normal -0 0 -1
    outer loop
      vertex -35.1 -44.1042 -2
      vertex -36.7 -46.7 -2
      vertex -35.1 44.1042 -2
    endloop
  endfacet
  facet normal -0 0 -1
    outer loop
      vertex -35.1359 -44.7154 -2
      vertex -36.7 -46.7 -2
      vertex -35.15 -44.5 -2
    endloop
  endfacet
  facet normal -0 0 -1
    outer loop
      vertex -35.15 -44.5 -2
      vertex -36.7 -46.7 -2
      vertex -35.1359 -44.2846 -2
    endloop
  endfacet
  facet normal -0.0657577 -0.997836 0
    outer loop
      vertex 34.1 46.1 -2
      vertex 34.2305 46.0914 0
      vertex 34.1 46.1 0
    endloop
  endfacet
  facet normal -0.0657577 -0.997836 -0
    outer loop
      vertex 34.2305 46.0914 0
      vertex 34.1 46.1 -2
      vertex 34.2305 46.0914 -2
    endloop
  endfacet
  facet normal -1 0 0
    outer loop
      vertex 35.1 44.8958 -2
      vertex 35.1 45.1 0
      vertex 35.1 45.1 -2
    endloop
  endfacet
  facet normal -1 -0 0
    outer loop
      vertex 35.1 45.1 0
      vertex 35.1 44.8958 -2
      vertex 35.1 44.8958 0
    endloop
  endfacet
  facet normal -1 0 0
    outer loop
      vertex 35.1 -45.1 -2
      vertex 35.1 -44.8958 0
      vertex 35.1 -44.8958 -2
    endloop
  endfacet
  facet normal -1 -0 0
    outer loop
      vertex 35.1 -44.8958 0
      vertex 35.1 -45.1 -2
      vertex 35.1 -45.1 0
    endloop
  endfacet
  facet normal -1 0 0
    outer loop
      vertex 35.1 -44.1042 -2
      vertex 35.1 44.1042 0
      vertex 35.1 44.1042 -2
    endloop
  endfacet
  facet normal -1 -0 0
    outer loop
      vertex 35.1 44.1042 0
      vertex 35.1 -44.1042 -2
      vertex 35.1 -44.1042 0
    endloop
  endfacet
  facet normal -0.980815 0.19494 0
    outer loop
      vertex 35.0659 -45.3588 -2
      vertex 35.0914 -45.2305 0
      vertex 35.0914 -45.2305 -2
    endloop
  endfacet
  facet normal -0.980815 0.19494 0
    outer loop
      vertex 35.0914 -45.2305 0
      vertex 35.0659 -45.3588 -2
      vertex 35.0659 -45.3588 0
    endloop
  endfacet
  facet normal 0.947066 -0.321039 0
    outer loop
      vertex -35.0659 45.3588 0
      vertex -35.0239 45.4827 -2
      vertex -35.0239 45.4827 0
    endloop
  endfacet
  facet normal 0.947066 -0.321039 0
    outer loop
      vertex -35.0239 45.4827 -2
      vertex -35.0659 45.3588 0
      vertex -35.0659 45.3588 -2
    endloop
  endfacet
  facet normal -0.997836 -0.0657577 0
    outer loop
      vertex 35.1 45.1 -2
      vertex 35.0914 45.2305 0
      vertex 35.0914 45.2305 -2
    endloop
  endfacet
  facet normal -0.997836 -0.0657577 0
    outer loop
      vertex 35.0914 45.2305 0
      vertex 35.1 45.1 -2
      vertex 35.1 45.1 0
    endloop
  endfacet
  facet normal 0.980815 -0.19494 0
    outer loop
      vertex -35.0914 45.2305 0
      vertex -35.0659 45.3588 -2
      vertex -35.0659 45.3588 0
    endloop
  endfacet
  facet normal 0.980815 -0.19494 0
    outer loop
      vertex -35.0659 45.3588 -2
      vertex -35.0914 45.2305 0
      vertex -35.0914 45.2305 -2
    endloop
  endfacet
  facet normal -0.442621 0.896709 0
    outer loop
      vertex 34.6 -45.966 -2
      vertex 34.4827 -46.0239 0
      vertex 34.6 -45.966 0
    endloop
  endfacet
  facet normal -0.442621 0.896709 0
    outer loop
      vertex 34.4827 -46.0239 0
      vertex 34.6 -45.966 -2
      vertex 34.4827 -46.0239 -2
    endloop
  endfacet
  facet normal -0.997836 0.0657577 0
    outer loop
      vertex 35.0914 -45.2305 -2
      vertex 35.1 -45.1 0
      vertex 35.1 -45.1 -2
    endloop
  endfacet
  facet normal -0.997836 0.0657577 0
    outer loop
      vertex 35.1 -45.1 0
      vertex 35.0914 -45.2305 -2
      vertex 35.0914 -45.2305 0
    endloop
  endfacet
  facet normal -0.896709 -0.442621 0
    outer loop
      vertex 35.0239 45.4827 -2
      vertex 34.966 45.6 0
      vertex 34.966 45.6 -2
    endloop
  endfacet
  facet normal -0.896709 -0.442621 0
    outer loop
      vertex 34.966 45.6 0
      vertex 35.0239 45.4827 -2
      vertex 35.0239 45.4827 0
    endloop
  endfacet
  facet normal 1 -0 0
    outer loop
      vertex -35.1 44.8958 0
      vertex -35.1 45.1 -2
      vertex -35.1 45.1 0
    endloop
  endfacet
  facet normal 1 0 0
    outer loop
      vertex -35.1 45.1 -2
      vertex -35.1 44.8958 0
      vertex -35.1 44.8958 -2
    endloop
  endfacet
  facet normal 1 -0 0
    outer loop
      vertex -35.1 -45.1 0
      vertex -35.1 -44.8958 -2
      vertex -35.1 -44.8958 0
    endloop
  endfacet
  facet normal 1 0 0
    outer loop
      vertex -35.1 -44.8958 -2
      vertex -35.1 -45.1 0
      vertex -35.1 -45.1 -2
    endloop
  endfacet
  facet normal 1 -0 0
    outer loop
      vertex -35.1 -44.1042 0
      vertex -35.1 44.1042 -2
      vertex -35.1 44.1042 0
    endloop
  endfacet
  facet normal 1 0 0
    outer loop
      vertex -35.1 44.1042 -2
      vertex -35.1 -44.1042 0
      vertex -35.1 -44.1042 -2
    endloop
  endfacet
  facet normal -0.980815 -0.19494 0
    outer loop
      vertex 35.0914 45.2305 -2
      vertex 35.0659 45.3588 0
      vertex 35.0659 45.3588 -2
    endloop
  endfacet
  facet normal -0.980815 -0.19494 0
    outer loop
      vertex 35.0659 45.3588 0
      vertex 35.0914 45.2305 -2
      vertex 35.0914 45.2305 0
    endloop
  endfacet
  facet normal 0 -1 0
    outer loop
      vertex -34.1 46.1 -2
      vertex -33.8958 46.1 0
      vertex -34.1 46.1 0
    endloop
  endfacet
  facet normal 0 -1 -0
    outer loop
      vertex -33.8958 46.1 0
      vertex -34.1 46.1 -2
      vertex -33.8958 46.1 -2
    endloop
  endfacet
  facet normal 0 -1 0
    outer loop
      vertex 33.8958 46.1 -2
      vertex 34.1 46.1 0
      vertex 33.8958 46.1 0
    endloop
  endfacet
  facet normal 0 -1 -0
    outer loop
      vertex 34.1 46.1 0
      vertex 33.8958 46.1 -2
      vertex 34.1 46.1 -2
    endloop
  endfacet
  facet normal 0 -1 0
    outer loop
      vertex -33.1042 46.1 -2
      vertex 33.1042 46.1 0
      vertex -33.1042 46.1 0
    endloop
  endfacet
  facet normal 0 -1 -0
    outer loop
      vertex 33.1042 46.1 0
      vertex -33.1042 46.1 -2
      vertex 33.1042 46.1 -2
    endloop
  endfacet
  facet normal -0.831815 0.555053 0
    outer loop
      vertex 34.8934 -45.7088 -2
      vertex 34.966 -45.6 0
      vertex 34.966 -45.6 -2
    endloop
  endfacet
  facet normal -0.831815 0.555053 0
    outer loop
      vertex 34.966 -45.6 0
      vertex 34.8934 -45.7088 -2
      vertex 34.8934 -45.7088 0
    endloop
  endfacet
  facet normal 0.980815 0.19494 0
    outer loop
      vertex -35.0659 -45.3588 0
      vertex -35.0914 -45.2305 -2
      vertex -35.0914 -45.2305 0
    endloop
  endfacet
  facet normal 0.980815 0.19494 0
    outer loop
      vertex -35.0914 -45.2305 -2
      vertex -35.0659 -45.3588 0
      vertex -35.0659 -45.3588 -2
    endloop
  endfacet
  facet normal 0.997836 0.0657577 0
    outer loop
      vertex -35.0914 -45.2305 0
      vertex -35.1 -45.1 -2
      vertex -35.1 -45.1 0
    endloop
  endfacet
  facet normal 0.997836 0.0657577 0
    outer loop
      vertex -35.1 -45.1 -2
      vertex -35.0914 -45.2305 0
      vertex -35.0914 -45.2305 -2
    endloop
  endfacet
  facet normal -0.947066 -0.321039 0
    outer loop
      vertex 35.0659 45.3588 -2
      vertex 35.0239 45.4827 0
      vertex 35.0239 45.4827 -2
    endloop
  endfacet
  facet normal -0.947066 -0.321039 0
    outer loop
      vertex 35.0239 45.4827 0
      vertex 35.0659 45.3588 -2
      vertex 35.0659 45.3588 0
    endloop
  endfacet
  facet normal -0.751486 0.659749 0
    outer loop
      vertex 34.8071 -45.8071 -2
      vertex 34.8934 -45.7088 0
      vertex 34.8934 -45.7088 -2
    endloop
  endfacet
  facet normal -0.751486 0.659749 0
    outer loop
      vertex 34.8934 -45.7088 0
      vertex 34.8071 -45.8071 -2
      vertex 34.8071 -45.8071 0
    endloop
  endfacet
  facet normal -0.751486 -0.659749 0
    outer loop
      vertex 34.8934 45.7088 -2
      vertex 34.8071 45.8071 0
      vertex 34.8071 45.8071 -2
    endloop
  endfacet
  facet normal -0.751486 -0.659749 0
    outer loop
      vertex 34.8071 45.8071 0
      vertex 34.8934 45.7088 -2
      vertex 34.8934 45.7088 0
    endloop
  endfacet
  facet normal 0.947066 0.321039 0
    outer loop
      vertex -35.0239 -45.4827 0
      vertex -35.0659 -45.3588 -2
      vertex -35.0659 -45.3588 0
    endloop
  endfacet
  facet normal 0.947066 0.321039 0
    outer loop
      vertex -35.0659 -45.3588 -2
      vertex -35.0239 -45.4827 0
      vertex -35.0239 -45.4827 -2
    endloop
  endfacet
  facet normal 0.0657577 0.997836 -0
    outer loop
      vertex -34.1 -46.1 -2
      vertex -34.2305 -46.0914 0
      vertex -34.1 -46.1 0
    endloop
  endfacet
  facet normal 0.0657577 0.997836 0
    outer loop
      vertex -34.2305 -46.0914 0
      vertex -34.1 -46.1 -2
      vertex -34.2305 -46.0914 -2
    endloop
  endfacet
  facet normal 0 1 -0
    outer loop
      vertex -33.8958 -46.1 -2
      vertex -34.1 -46.1 0
      vertex -33.8958 -46.1 0
    endloop
  endfacet
  facet normal 0 1 0
    outer loop
      vertex -34.1 -46.1 0
      vertex -33.8958 -46.1 -2
      vertex -34.1 -46.1 -2
    endloop
  endfacet
  facet normal 0 1 -0
    outer loop
      vertex 34.1 -46.1 -2
      vertex 33.8958 -46.1 0
      vertex 34.1 -46.1 0
    endloop
  endfacet
  facet normal 0 1 0
    outer loop
      vertex 33.8958 -46.1 0
      vertex 34.1 -46.1 -2
      vertex 33.8958 -46.1 -2
    endloop
  endfacet
  facet normal 0 1 -0
    outer loop
      vertex 33.1042 -46.1 -2
      vertex -33.1042 -46.1 0
      vertex 33.1042 -46.1 0
    endloop
  endfacet
  facet normal 0 1 0
    outer loop
      vertex -33.1042 -46.1 0
      vertex 33.1042 -46.1 -2
      vertex -33.1042 -46.1 -2
    endloop
  endfacet
  facet normal -0.896709 0.442621 0
    outer loop
      vertex 34.966 -45.6 -2
      vertex 35.0239 -45.4827 0
      vertex 35.0239 -45.4827 -2
    endloop
  endfacet
  facet normal -0.896709 0.442621 0
    outer loop
      vertex 35.0239 -45.4827 0
      vertex 34.966 -45.6 -2
      vertex 34.966 -45.6 0
    endloop
  endfacet
  facet normal -0.947066 0.321039 0
    outer loop
      vertex 35.0239 -45.4827 -2
      vertex 35.0659 -45.3588 0
      vertex 35.0659 -45.3588 -2
    endloop
  endfacet
  facet normal -0.947066 0.321039 0
    outer loop
      vertex 35.0659 -45.3588 0
      vertex 35.0239 -45.4827 -2
      vertex 35.0239 -45.4827 0
    endloop
  endfacet
  facet normal 0.831815 -0.555053 0
    outer loop
      vertex -34.966 45.6 0
      vertex -34.8934 45.7088 -2
      vertex -34.8934 45.7088 0
    endloop
  endfacet
  facet normal 0.831815 -0.555053 0
    outer loop
      vertex -34.8934 45.7088 -2
      vertex -34.966 45.6 0
      vertex -34.966 45.6 -2
    endloop
  endfacet
  facet normal 0.997836 -0.0657577 0
    outer loop
      vertex -35.1 45.1 0
      vertex -35.0914 45.2305 -2
      vertex -35.0914 45.2305 0
    endloop
  endfacet
  facet normal 0.997836 -0.0657577 0
    outer loop
      vertex -35.0914 45.2305 -2
      vertex -35.1 45.1 0
      vertex -35.1 45.1 -2
    endloop
  endfacet
  facet normal -0.659749 -0.751486 0
    outer loop
      vertex 34.7088 45.8934 -2
      vertex 34.8071 45.8071 0
      vertex 34.7088 45.8934 0
    endloop
  endfacet
  facet normal -0.659749 -0.751486 -0
    outer loop
      vertex 34.8071 45.8071 0
      vertex 34.7088 45.8934 -2
      vertex 34.8071 45.8071 -2
    endloop
  endfacet
  facet normal 0.831815 0.555053 0
    outer loop
      vertex -34.8934 -45.7088 0
      vertex -34.966 -45.6 -2
      vertex -34.966 -45.6 0
    endloop
  endfacet
  facet normal 0.831815 0.555053 0
    outer loop
      vertex -34.966 -45.6 -2
      vertex -34.8934 -45.7088 0
      vertex -34.8934 -45.7088 -2
    endloop
  endfacet
  facet normal -0.831815 -0.555053 0
    outer loop
      vertex 34.966 45.6 -2
      vertex 34.8934 45.7088 0
      vertex 34.8934 45.7088 -2
    endloop
  endfacet
  facet normal -0.831815 -0.555053 0
    outer loop
      vertex 34.8934 45.7088 0
      vertex 34.966 45.6 -2
      vertex 34.966 45.6 0
    endloop
  endfacet
  facet normal -0.0657577 0.997836 0
    outer loop
      vertex 34.2305 -46.0914 -2
      vertex 34.1 -46.1 0
      vertex 34.2305 -46.0914 0
    endloop
  endfacet
  facet normal -0.0657577 0.997836 0
    outer loop
      vertex 34.1 -46.1 0
      vertex 34.2305 -46.0914 -2
      vertex 34.1 -46.1 -2
    endloop
  endfacet
  facet normal 0.19494 -0.980815 0
    outer loop
      vertex -34.3588 46.0659 -2
      vertex -34.2305 46.0914 0
      vertex -34.3588 46.0659 0
    endloop
  endfacet
  facet normal 0.19494 -0.980815 0
    outer loop
      vertex -34.2305 46.0914 0
      vertex -34.3588 46.0659 -2
      vertex -34.2305 46.0914 -2
    endloop
  endfacet
  facet normal -0.19494 0.980815 0
    outer loop
      vertex 34.3588 -46.0659 -2
      vertex 34.2305 -46.0914 0
      vertex 34.3588 -46.0659 0
    endloop
  endfacet
  facet normal -0.19494 0.980815 0
    outer loop
      vertex 34.2305 -46.0914 0
      vertex 34.3588 -46.0659 -2
      vertex 34.2305 -46.0914 -2
    endloop
  endfacet
  facet normal -0.555053 0.831815 0
    outer loop
      vertex 34.7088 -45.8934 -2
      vertex 34.6 -45.966 0
      vertex 34.7088 -45.8934 0
    endloop
  endfacet
  facet normal -0.555053 0.831815 0
    outer loop
      vertex 34.6 -45.966 0
      vertex 34.7088 -45.8934 -2
      vertex 34.6 -45.966 -2
    endloop
  endfacet
  facet normal -0.555053 -0.831815 0
    outer loop
      vertex 34.6 45.966 -2
      vertex 34.7088 45.8934 0
      vertex 34.6 45.966 0
    endloop
  endfacet
  facet normal -0.555053 -0.831815 -0
    outer loop
      vertex 34.7088 45.8934 0
      vertex 34.6 45.966 -2
      vertex 34.7088 45.8934 -2
    endloop
  endfacet
  facet normal 0.896709 -0.442621 0
    outer loop
      vertex -35.0239 45.4827 0
      vertex -34.966 45.6 -2
      vertex -34.966 45.6 0
    endloop
  endfacet
  facet normal 0.896709 -0.442621 0
    outer loop
      vertex -34.966 45.6 -2
      vertex -35.0239 45.4827 0
      vertex -35.0239 45.4827 -2
    endloop
  endfacet
  facet normal -0.321039 -0.947066 0
    outer loop
      vertex 34.3588 46.0659 -2
      vertex 34.4827 46.0239 0
      vertex 34.3588 46.0659 0
    endloop
  endfacet
  facet normal -0.321039 -0.947066 -0
    outer loop
      vertex 34.4827 46.0239 0
      vertex 34.3588 46.0659 -2
      vertex 34.4827 46.0239 -2
    endloop
  endfacet
  facet normal 0.896709 0.442621 0
    outer loop
      vertex -34.966 -45.6 0
      vertex -35.0239 -45.4827 -2
      vertex -35.0239 -45.4827 0
    endloop
  endfacet
  facet normal 0.896709 0.442621 0
    outer loop
      vertex -35.0239 -45.4827 -2
      vertex -34.966 -45.6 0
      vertex -34.966 -45.6 -2
    endloop
  endfacet
  facet normal -0.19494 -0.980815 0
    outer loop
      vertex 34.2305 46.0914 -2
      vertex 34.3588 46.0659 0
      vertex 34.2305 46.0914 0
    endloop
  endfacet
  facet normal -0.19494 -0.980815 -0
    outer loop
      vertex 34.3588 46.0659 0
      vertex 34.2305 46.0914 -2
      vertex 34.3588 46.0659 -2
    endloop
  endfacet
  facet normal 0.321039 0.947066 -0
    outer loop
      vertex -34.3588 -46.0659 -2
      vertex -34.4827 -46.0239 0
      vertex -34.3588 -46.0659 0
    endloop
  endfacet
  facet normal 0.321039 0.947066 0
    outer loop
      vertex -34.4827 -46.0239 0
      vertex -34.3588 -46.0659 -2
      vertex -34.4827 -46.0239 -2
    endloop
  endfacet
  facet normal -0.321039 0.947066 0
    outer loop
      vertex 34.4827 -46.0239 -2
      vertex 34.3588 -46.0659 0
      vertex 34.4827 -46.0239 0
    endloop
  endfacet
  facet normal -0.321039 0.947066 0
    outer loop
      vertex 34.3588 -46.0659 0
      vertex 34.4827 -46.0239 -2
      vertex 34.3588 -46.0659 -2
    endloop
  endfacet
  facet normal 0.555053 -0.831815 0
    outer loop
      vertex -34.7088 45.8934 -2
      vertex -34.6 45.966 0
      vertex -34.7088 45.8934 0
    endloop
  endfacet
  facet normal 0.555053 -0.831815 0
    outer loop
      vertex -34.6 45.966 0
      vertex -34.7088 45.8934 -2
      vertex -34.6 45.966 -2
    endloop
  endfacet
  facet normal -0.442621 -0.896709 0
    outer loop
      vertex 34.4827 46.0239 -2
      vertex 34.6 45.966 0
      vertex 34.4827 46.0239 0
    endloop
  endfacet
  facet normal -0.442621 -0.896709 -0
    outer loop
      vertex 34.6 45.966 0
      vertex 34.4827 46.0239 -2
      vertex 34.6 45.966 -2
    endloop
  endfacet
  facet normal 0.19494 0.980815 -0
    outer loop
      vertex -34.2305 -46.0914 -2
      vertex -34.3588 -46.0659 0
      vertex -34.2305 -46.0914 0
    endloop
  endfacet
  facet normal 0.19494 0.980815 0
    outer loop
      vertex -34.3588 -46.0659 0
      vertex -34.2305 -46.0914 -2
      vertex -34.3588 -46.0659 -2
    endloop
  endfacet
  facet normal -0.659749 0.751486 0
    outer loop
      vertex 34.8071 -45.8071 -2
      vertex 34.7088 -45.8934 0
      vertex 34.8071 -45.8071 0
    endloop
  endfacet
  facet normal -0.659749 0.751486 0
    outer loop
      vertex 34.7088 -45.8934 0
      vertex 34.8071 -45.8071 -2
      vertex 34.7088 -45.8934 -2
    endloop
  endfacet
  facet normal 0.442621 0.896709 -0
    outer loop
      vertex -34.4827 -46.0239 -2
      vertex -34.6 -45.966 0
      vertex -34.4827 -46.0239 0
    endloop
  endfacet
  facet normal 0.442621 0.896709 0
    outer loop
      vertex -34.6 -45.966 0
      vertex -34.4827 -46.0239 -2
      vertex -34.6 -45.966 -2
    endloop
  endfacet
  facet normal 0.659749 0.751486 -0
    outer loop
      vertex -34.7088 -45.8934 -2
      vertex -34.8071 -45.8071 0
      vertex -34.7088 -45.8934 0
    endloop
  endfacet
  facet normal 0.659749 0.751486 0
    outer loop
      vertex -34.8071 -45.8071 0
      vertex -34.7088 -45.8934 -2
      vertex -34.8071 -45.8071 -2
    endloop
  endfacet
  facet normal 0.659749 -0.751486 0
    outer loop
      vertex -34.8071 45.8071 -2
      vertex -34.7088 45.8934 0
      vertex -34.8071 45.8071 0
    endloop
  endfacet
  facet normal 0.659749 -0.751486 0
    outer loop
      vertex -34.7088 45.8934 0
      vertex -34.8071 45.8071 -2
      vertex -34.7088 45.8934 -2
    endloop
  endfacet
  facet normal 0.751486 -0.659749 0
    outer loop
      vertex -34.8934 45.7088 0
      vertex -34.8071 45.8071 -2
      vertex -34.8071 45.8071 0
    endloop
  endfacet
  facet normal 0.751486 -0.659749 0
    outer loop
      vertex -34.8071 45.8071 -2
      vertex -34.8934 45.7088 0
      vertex -34.8934 45.7088 -2
    endloop
  endfacet
  facet normal 0.751486 0.659749 0
    outer loop
      vertex -34.8071 -45.8071 0
      vertex -34.8934 -45.7088 -2
      vertex -34.8934 -45.7088 0
    endloop
  endfacet
  facet normal 0.751486 0.659749 0
    outer loop
      vertex -34.8934 -45.7088 -2
      vertex -34.8071 -45.8071 0
      vertex -34.8071 -45.8071 -2
    endloop
  endfacet
  facet normal 0.555053 0.831815 -0
    outer loop
      vertex -34.6 -45.966 -2
      vertex -34.7088 -45.8934 0
      vertex -34.6 -45.966 0
    endloop
  endfacet
  facet normal 0.555053 0.831815 0
    outer loop
      vertex -34.7088 -45.8934 0
      vertex -34.6 -45.966 -2
      vertex -34.7088 -45.8934 -2
    endloop
  endfacet
  facet normal 0.0657577 -0.997836 0
    outer loop
      vertex -34.2305 46.0914 -2
      vertex -34.1 46.1 0
      vertex -34.2305 46.0914 0
    endloop
  endfacet
  facet normal 0.0657577 -0.997836 0
    outer loop
      vertex -34.1 46.1 0
      vertex -34.2305 46.0914 -2
      vertex -34.1 46.1 -2
    endloop
  endfacet
  facet normal 0.321039 -0.947066 0
    outer loop
      vertex -34.4827 46.0239 -2
      vertex -34.3588 46.0659 0
      vertex -34.4827 46.0239 0
    endloop
  endfacet
  facet normal 0.321039 -0.947066 0
    outer loop
      vertex -34.3588 46.0659 0
      vertex -34.4827 46.0239 -2
      vertex -34.3588 46.0659 -2
    endloop
  endfacet
  facet normal 0.442621 -0.896709 0
    outer loop
      vertex -34.6 45.966 -2
      vertex -34.4827 46.0239 0
      vertex -34.6 45.966 0
    endloop
  endfacet
  facet normal 0.442621 -0.896709 0
    outer loop
      vertex -34.4827 46.0239 0
      vertex -34.6 45.966 -2
      vertex -34.4827 46.0239 -2
    endloop
  endfacet
  facet normal 0.980784 -0.195099 0
    outer loop
      vertex 21.5401 4.22834 4.49
      vertex 22.1092 7.08927 2.5
      vertex 22.1092 7.08927 4.49
    endloop
  endfacet
  facet normal 0.980784 -0.195099 0
    outer loop
      vertex 22.1092 7.08927 2.5
      vertex 21.5401 4.22834 4.49
      vertex 21.5401 4.22834 2.5
    endloop
  endfacet
  facet normal 0.980785 0.195094 0
    outer loop
      vertex 22.1092 12.9107 4.49
      vertex 21.5401 15.7717 2.5
      vertex 21.5401 15.7717 4.49
    endloop
  endfacet
  facet normal 0.980785 0.195094 0
    outer loop
      vertex 21.5401 15.7717 2.5
      vertex 22.1092 12.9107 4.49
      vertex 22.1092 12.9107 2.5
    endloop
  endfacet
  facet normal 0.997858 0.0654109 0
    outer loop
      vertex 22.3 10 4.49
      vertex 22.1092 12.9107 2.5
      vertex 22.1092 12.9107 4.49
    endloop
  endfacet
  facet normal 0.997858 0.0654109 0
    outer loop
      vertex 22.1092 12.9107 2.5
      vertex 22.3 10 4.49
      vertex 22.3 10 2.5
    endloop
  endfacet
  facet normal 0 0 1
    outer loop
      vertex 19.7 10 4.49
      vertex 22.3 10 4.49
      vertex 22.1092 12.9107 4.49
    endloop
  endfacet
  facet normal 0 0 1
    outer loop
      vertex 19.5315 12.5714 4.49
      vertex 22.1092 12.9107 4.49
      vertex 21.5401 15.7717 4.49
    endloop
  endfacet
  facet normal 0 0 1
    outer loop
      vertex 22.3 10 4.49
      vertex 19.7 10 4.49
      vertex 22.1092 7.08927 4.49
    endloop
  endfacet
  facet normal 0 0 1
    outer loop
      vertex 19.0287 15.0987 4.49
      vertex 21.5401 15.7717 4.49
      vertex 20.6025 18.5338 4.49
    endloop
  endfacet
  facet normal -0 0 1
    outer loop
      vertex 19.5315 7.42863 4.49
      vertex 22.1092 7.08927 4.49
      vertex 19.7 10 4.49
    endloop
  endfacet
  facet normal 0 0 1
    outer loop
      vertex 22.1092 7.08927 4.49
      vertex 19.5315 7.42863 4.49
      vertex 21.5401 4.22834 4.49
    endloop
  endfacet
  facet normal 0 0 1
    outer loop
      vertex 22.1092 12.9107 4.49
      vertex 19.5315 12.5714 4.49
      vertex 19.7 10 4.49
    endloop
  endfacet
  facet normal 0 0 1
    outer loop
      vertex 18.2004 17.5389 4.49
      vertex 20.6025 18.5338 4.49
      vertex 19.3124 21.15 4.49
    endloop
  endfacet
  facet normal 0 0 1
    outer loop
      vertex 21.5401 15.7717 4.49
      vertex 19.0287 15.0987 4.49
      vertex 19.5315 12.5714 4.49
    endloop
  endfacet
  facet normal 0 0 1
    outer loop
      vertex 20.6025 18.5338 4.49
      vertex 18.2004 17.5389 4.49
      vertex 19.0287 15.0987 4.49
    endloop
  endfacet
  facet normal 0 0 1
    outer loop
      vertex 17.0607 19.85 4.49
      vertex 19.3124 21.15 4.49
      vertex 17.6918 23.5754 4.49
    endloop
  endfacet
  facet normal 0 0 1
    outer loop
      vertex 19.3124 21.15 4.49
      vertex 17.0607 19.85 4.49
      vertex 18.2004 17.5389 4.49
    endloop
  endfacet
  facet normal 0 0 1
    outer loop
      vertex 15.6291 21.9926 4.49
      vertex 17.6918 23.5754 4.49
      vertex 15.7685 25.7685 4.49
    endloop
  endfacet
  facet normal 0 0 1
    outer loop
      vertex 17.6918 23.5754 4.49
      vertex 15.6291 21.9926 4.49
      vertex 17.0607 19.85 4.49
    endloop
  endfacet
  facet normal 0 0 1
    outer loop
      vertex 15.7685 25.7685 4.49
      vertex 13.93 23.93 4.49
      vertex 15.6291 21.9926 4.49
    endloop
  endfacet
  facet normal 0 0 1
    outer loop
      vertex 13.5754 27.6918 4.49
      vertex 13.93 23.93 4.49
      vertex 15.7685 25.7685 4.49
    endloop
  endfacet
  facet normal 0 0 1
    outer loop
      vertex 13.5754 27.6918 4.49
      vertex 11.9926 25.6291 4.49
      vertex 13.93 23.93 4.49
    endloop
  endfacet
  facet normal 0 0 1
    outer loop
      vertex 11.15 29.3124 4.49
      vertex 11.9926 25.6291 4.49
      vertex 13.5754 27.6918 4.49
    endloop
  endfacet
  facet normal 0 0 1
    outer loop
      vertex 11.15 29.3124 4.49
      vertex 9.85 27.0607 4.49
      vertex 11.9926 25.6291 4.49
    endloop
  endfacet
  facet normal 0 0 1
    outer loop
      vertex 8.53384 30.6025 4.49
      vertex 9.85 27.0607 4.49
      vertex 11.15 29.3124 4.49
    endloop
  endfacet
  facet normal 0 0 1
    outer loop
      vertex 8.53384 30.6025 4.49
      vertex 7.53886 28.2004 4.49
      vertex 9.85 27.0607 4.49
    endloop
  endfacet
  facet normal 0 0 1
    outer loop
      vertex 5.77166 31.5401 4.49
      vertex 7.53886 28.2004 4.49
      vertex 8.53384 30.6025 4.49
    endloop
  endfacet
  facet normal 0 0 1
    outer loop
      vertex 5.77166 31.5401 4.49
      vertex 5.09873 29.0287 4.49
      vertex 7.53886 28.2004 4.49
    endloop
  endfacet
  facet normal 0 0 1
    outer loop
      vertex 2.91073 32.1092 4.49
      vertex 5.09873 29.0287 4.49
      vertex 5.77166 31.5401 4.49
    endloop
  endfacet
  facet normal 0 0 1
    outer loop
      vertex 2.91073 32.1092 4.49
      vertex 2.57137 29.5315 4.49
      vertex 5.09873 29.0287 4.49
    endloop
  endfacet
  facet normal 0 0 1
    outer loop
      vertex 0 32.3 4.49
      vertex 2.57137 29.5315 4.49
      vertex 2.91073 32.1092 4.49
    endloop
  endfacet
  facet normal 0 0 1
    outer loop
      vertex 0 32.3 4.49
      vertex 0 29.7 4.49
      vertex 2.57137 29.5315 4.49
    endloop
  endfacet
  facet normal 0 0 1
    outer loop
      vertex 0 32.3 4.49
      vertex -2.57137 29.5315 4.49
      vertex 0 29.7 4.49
    endloop
  endfacet
  facet normal -0 0 1
    outer loop
      vertex -2.91073 32.1092 4.49
      vertex -2.57137 29.5315 4.49
      vertex 0 32.3 4.49
    endloop
  endfacet
  facet normal 0 0 1
    outer loop
      vertex -2.91073 32.1092 4.49
      vertex -5.09873 29.0287 4.49
      vertex -2.57137 29.5315 4.49
    endloop
  endfacet
  facet normal -0 0 1
    outer loop
      vertex -5.77166 31.5401 4.49
      vertex -5.09873 29.0287 4.49
      vertex -2.91073 32.1092 4.49
    endloop
  endfacet
  facet normal 0 0 1
    outer loop
      vertex -5.77166 31.5401 4.49
      vertex -7.53886 28.2004 4.49
      vertex -5.09873 29.0287 4.49
    endloop
  endfacet
  facet normal -0 0 1
    outer loop
      vertex -8.53384 30.6025 4.49
      vertex -7.53886 28.2004 4.49
      vertex -5.77166 31.5401 4.49
    endloop
  endfacet
  facet normal 0 0 1
    outer loop
      vertex -8.53384 30.6025 4.49
      vertex -9.85 27.0607 4.49
      vertex -7.53886 28.2004 4.49
    endloop
  endfacet
  facet normal -0 0 1
    outer loop
      vertex -11.15 29.3124 4.49
      vertex -9.85 27.0607 4.49
      vertex -8.53384 30.6025 4.49
    endloop
  endfacet
  facet normal 0 0 1
    outer loop
      vertex -11.15 29.3124 4.49
      vertex -11.9926 25.6291 4.49
      vertex -9.85 27.0607 4.49
    endloop
  endfacet
  facet normal -0 0 1
    outer loop
      vertex -13.5754 27.6918 4.49
      vertex -11.9926 25.6291 4.49
      vertex -11.15 29.3124 4.49
    endloop
  endfacet
  facet normal 0 0 1
    outer loop
      vertex -13.5754 27.6918 4.49
      vertex -13.93 23.93 4.49
      vertex -11.9926 25.6291 4.49
    endloop
  endfacet
  facet normal -0 0 1
    outer loop
      vertex -15.7685 25.7685 4.49
      vertex -13.93 23.93 4.49
      vertex -13.5754 27.6918 4.49
    endloop
  endfacet
  facet normal 0 0 1
    outer loop
      vertex -13.93 23.93 4.49
      vertex -15.7685 25.7685 4.49
      vertex -15.6291 21.9926 4.49
    endloop
  endfacet
  facet normal -0 0 1
    outer loop
      vertex -17.6918 23.5754 4.49
      vertex -15.6291 21.9926 4.49
      vertex -15.7685 25.7685 4.49
    endloop
  endfacet
  facet normal 0 0 1
    outer loop
      vertex -15.6291 21.9926 4.49
      vertex -17.6918 23.5754 4.49
      vertex -17.0607 19.85 4.49
    endloop
  endfacet
  facet normal -0 0 1
    outer loop
      vertex -19.3124 21.15 4.49
      vertex -17.0607 19.85 4.49
      vertex -17.6918 23.5754 4.49
    endloop
  endfacet
  facet normal 0 0 1
    outer loop
      vertex -17.0607 19.85 4.49
      vertex -19.3124 21.15 4.49
      vertex -18.2004 17.5389 4.49
    endloop
  endfacet
  facet normal -0 0 1
    outer loop
      vertex -20.6025 18.5338 4.49
      vertex -18.2004 17.5389 4.49
      vertex -19.3124 21.15 4.49
    endloop
  endfacet
  facet normal 0 0 1
    outer loop
      vertex -18.2004 17.5389 4.49
      vertex -20.6025 18.5338 4.49
      vertex -19.0287 15.0987 4.49
    endloop
  endfacet
  facet normal -0 0 1
    outer loop
      vertex -21.5401 15.7717 4.49
      vertex -19.0287 15.0987 4.49
      vertex -20.6025 18.5338 4.49
    endloop
  endfacet
  facet normal 0 0 1
    outer loop
      vertex -19.0287 15.0987 4.49
      vertex -21.5401 15.7717 4.49
      vertex -19.5315 12.5714 4.49
    endloop
  endfacet
  facet normal -0 0 1
    outer loop
      vertex 19.0287 4.90127 4.49
      vertex 21.5401 4.22834 4.49
      vertex 19.5315 7.42863 4.49
    endloop
  endfacet
  facet normal 0 0 1
    outer loop
      vertex 21.5401 4.22834 4.49
      vertex 19.0287 4.90127 4.49
      vertex 20.6025 1.46616 4.49
    endloop
  endfacet
  facet normal -0 0 1
    outer loop
      vertex 18.2004 2.46114 4.49
      vertex 20.6025 1.46616 4.49
      vertex 19.0287 4.90127 4.49
    endloop
  endfacet
  facet normal 0 0 1
    outer loop
      vertex 20.6025 1.46616 4.49
      vertex 18.2004 2.46114 4.49
      vertex 19.3124 -1.15 4.49
    endloop
  endfacet
  facet normal -0 0 1
    outer loop
      vertex 17.0607 0.150001 4.49
      vertex 19.3124 -1.15 4.49
      vertex 18.2004 2.46114 4.49
    endloop
  endfacet
  facet normal 0 0 1
    outer loop
      vertex 19.3124 -1.15 4.49
      vertex 17.0607 0.150001 4.49
      vertex 17.6918 -3.57538 4.49
    endloop
  endfacet
  facet normal -0 0 1
    outer loop
      vertex 15.6291 -1.9926 4.49
      vertex 17.6918 -3.57538 4.49
      vertex 17.0607 0.150001 4.49
    endloop
  endfacet
  facet normal 0 0 1
    outer loop
      vertex 17.6918 -3.57538 4.49
      vertex 15.6291 -1.9926 4.49
      vertex 15.7685 -5.76848 4.49
    endloop
  endfacet
  facet normal -0 0 1
    outer loop
      vertex 13.93 -3.93 4.49
      vertex 15.7685 -5.76848 4.49
      vertex 15.6291 -1.9926 4.49
    endloop
  endfacet
  facet normal 0 0 1
    outer loop
      vertex 13.93 -3.93 4.49
      vertex 13.5754 -7.69178 4.49
      vertex 15.7685 -5.76848 4.49
    endloop
  endfacet
  facet normal -0 0 1
    outer loop
      vertex 11.9926 -5.62906 4.49
      vertex 13.5754 -7.69178 4.49
      vertex 13.93 -3.93 4.49
    endloop
  endfacet
  facet normal 0 0 1
    outer loop
      vertex 11.9926 -5.62906 4.49
      vertex 11.15 -9.31237 4.49
      vertex 13.5754 -7.69178 4.49
    endloop
  endfacet
  facet normal -0 0 1
    outer loop
      vertex 9.85 -7.0607 4.49
      vertex 11.15 -9.31237 4.49
      vertex 11.9926 -5.62906 4.49
    endloop
  endfacet
  facet normal 0 0 1
    outer loop
      vertex 9.85 -7.0607 4.49
      vertex 8.53384 -10.6025 4.49
      vertex 11.15 -9.31237 4.49
    endloop
  endfacet
  facet normal -0 0 1
    outer loop
      vertex 7.53886 -8.20043 4.49
      vertex 8.53384 -10.6025 4.49
      vertex 9.85 -7.0607 4.49
    endloop
  endfacet
  facet normal 0 0 1
    outer loop
      vertex 7.53886 -8.20043 4.49
      vertex 5.77166 -11.5401 4.49
      vertex 8.53384 -10.6025 4.49
    endloop
  endfacet
  facet normal -0 0 1
    outer loop
      vertex 5.09873 -9.02874 4.49
      vertex 5.77166 -11.5401 4.49
      vertex 7.53886 -8.20043 4.49
    endloop
  endfacet
  facet normal 0 0 1
    outer loop
      vertex 5.09873 -9.02874 4.49
      vertex 2.91073 -12.1092 4.49
      vertex 5.77166 -11.5401 4.49
    endloop
  endfacet
  facet normal -0 0 1
    outer loop
      vertex 2.57137 -9.53146 4.49
      vertex 2.91073 -12.1092 4.49
      vertex 5.09873 -9.02874 4.49
    endloop
  endfacet
  facet normal -0 0 1
    outer loop
      vertex 0 -9.7 4.49
      vertex 2.91073 -12.1092 4.49
      vertex 2.57137 -9.53146 4.49
    endloop
  endfacet
  facet normal 0 0 1
    outer loop
      vertex 0 -9.7 4.49
      vertex 0 -12.3 4.49
      vertex 2.91073 -12.1092 4.49
    endloop
  endfacet
  facet normal 0 0 1
    outer loop
      vertex -2.57137 -9.53146 4.49
      vertex 0 -12.3 4.49
      vertex 0 -9.7 4.49
    endloop
  endfacet
  facet normal 0 0 1
    outer loop
      vertex -2.57137 -9.53146 4.49
      vertex -2.91073 -12.1092 4.49
      vertex 0 -12.3 4.49
    endloop
  endfacet
  facet normal 0 0 1
    outer loop
      vertex -5.09873 -9.02874 4.49
      vertex -2.91073 -12.1092 4.49
      vertex -2.57137 -9.53146 4.49
    endloop
  endfacet
  facet normal 0 0 1
    outer loop
      vertex -5.09873 -9.02874 4.49
      vertex -5.77166 -11.5401 4.49
      vertex -2.91073 -12.1092 4.49
    endloop
  endfacet
  facet normal 0 0 1
    outer loop
      vertex -7.53886 -8.20043 4.49
      vertex -5.77166 -11.5401 4.49
      vertex -5.09873 -9.02874 4.49
    endloop
  endfacet
  facet normal 0 0 1
    outer loop
      vertex -7.53886 -8.20043 4.49
      vertex -8.53384 -10.6025 4.49
      vertex -5.77166 -11.5401 4.49
    endloop
  endfacet
  facet normal 0 0 1
    outer loop
      vertex -9.85 -7.0607 4.49
      vertex -8.53384 -10.6025 4.49
      vertex -7.53886 -8.20043 4.49
    endloop
  endfacet
  facet normal 0 0 1
    outer loop
      vertex -9.85 -7.0607 4.49
      vertex -11.15 -9.31237 4.49
      vertex -8.53384 -10.6025 4.49
    endloop
  endfacet
  facet normal 0 0 1
    outer loop
      vertex -11.9926 -5.62906 4.49
      vertex -11.15 -9.31237 4.49
      vertex -9.85 -7.0607 4.49
    endloop
  endfacet
  facet normal 0 0 1
    outer loop
      vertex -11.9926 -5.62906 4.49
      vertex -13.5754 -7.69178 4.49
      vertex -11.15 -9.31237 4.49
    endloop
  endfacet
  facet normal 0 0 1
    outer loop
      vertex -13.93 -3.93 4.49
      vertex -13.5754 -7.69178 4.49
      vertex -11.9926 -5.62906 4.49
    endloop
  endfacet
  facet normal 0 0 1
    outer loop
      vertex -15.7685 -5.76848 4.49
      vertex -13.93 -3.93 4.49
      vertex -15.6291 -1.9926 4.49
    endloop
  endfacet
  facet normal 0 0 1
    outer loop
      vertex -13.93 -3.93 4.49
      vertex -15.7685 -5.76848 4.49
      vertex -13.5754 -7.69178 4.49
    endloop
  endfacet
  facet normal 0 0 1
    outer loop
      vertex -17.6918 -3.57538 4.49
      vertex -15.6291 -1.9926 4.49
      vertex -17.0607 0.150001 4.49
    endloop
  endfacet
  facet normal 0 0 1
    outer loop
      vertex -15.6291 -1.9926 4.49
      vertex -17.6918 -3.57538 4.49
      vertex -15.7685 -5.76848 4.49
    endloop
  endfacet
  facet normal 0 0 1
    outer loop
      vertex -19.3124 -1.15 4.49
      vertex -17.0607 0.150001 4.49
      vertex -18.2004 2.46114 4.49
    endloop
  endfacet
  facet normal 0 0 1
    outer loop
      vertex -20.6025 1.46616 4.49
      vertex -18.2004 2.46114 4.49
      vertex -19.0287 4.90127 4.49
    endloop
  endfacet
  facet normal 0 0 1
    outer loop
      vertex -17.0607 0.150001 4.49
      vertex -19.3124 -1.15 4.49
      vertex -17.6918 -3.57538 4.49
    endloop
  endfacet
  facet normal 0 0 1
    outer loop
      vertex -21.5401 4.22834 4.49
      vertex -19.0287 4.90127 4.49
      vertex -19.5315 7.42863 4.49
    endloop
  endfacet
  facet normal 0 0 1
    outer loop
      vertex -22.1092 7.08927 4.49
      vertex -19.5315 7.42863 4.49
      vertex -19.7 10 4.49
    endloop
  endfacet
  facet normal -0 0 1
    outer loop
      vertex -22.1092 12.9107 4.49
      vertex -19.5315 12.5714 4.49
      vertex -21.5401 15.7717 4.49
    endloop
  endfacet
  facet normal 0 0 1
    outer loop
      vertex -18.2004 2.46114 4.49
      vertex -20.6025 1.46616 4.49
      vertex -19.3124 -1.15 4.49
    endloop
  endfacet
  facet normal 0 0 1
    outer loop
      vertex -19.5315 12.5714 4.49
      vertex -22.1092 12.9107 4.49
      vertex -19.7 10 4.49
    endloop
  endfacet
  facet normal 0 0 1
    outer loop
      vertex -19.0287 4.90127 4.49
      vertex -21.5401 4.22834 4.49
      vertex -20.6025 1.46616 4.49
    endloop
  endfacet
  facet normal 0 0 1
    outer loop
      vertex -22.3 10 4.49
      vertex -19.7 10 4.49
      vertex -22.1092 12.9107 4.49
    endloop
  endfacet
  facet normal 0 0 1
    outer loop
      vertex -19.5315 7.42863 4.49
      vertex -22.1092 7.08927 4.49
      vertex -21.5401 4.22834 4.49
    endloop
  endfacet
  facet normal 0 0 1
    outer loop
      vertex -19.7 10 4.49
      vertex -22.3 10 4.49
      vertex -22.1092 7.08927 4.49
    endloop
  endfacet
  facet normal -0.831468 -0.555573 0
    outer loop
      vertex -17.6918 -3.57538 2.5
      vertex -19.3124 -1.15 4.49
      vertex -19.3124 -1.15 2.5
    endloop
  endfacet
  facet normal -0.831468 -0.555573 0
    outer loop
      vertex -19.3124 -1.15 4.49
      vertex -17.6918 -3.57538 2.5
      vertex -17.6918 -3.57538 4.49
    endloop
  endfacet
  facet normal -0.946934 -0.321429 0
    outer loop
      vertex -20.6025 1.46616 2.5
      vertex -21.5401 4.22834 4.49
      vertex -21.5401 4.22834 2.5
    endloop
  endfacet
  facet normal -0.946934 -0.321429 0
    outer loop
      vertex -21.5401 4.22834 4.49
      vertex -20.6025 1.46616 2.5
      vertex -20.6025 1.46616 4.49
    endloop
  endfacet
  facet normal 0.659346 -0.751839 0
    outer loop
      vertex 13.5754 -7.69178 2.5
      vertex 15.7685 -5.76848 4.49
      vertex 13.5754 -7.69178 4.49
    endloop
  endfacet
  facet normal 0.659346 -0.751839 0
    outer loop
      vertex 15.7685 -5.76848 4.49
      vertex 13.5754 -7.69178 2.5
      vertex 15.7685 -5.76848 2.5
    endloop
  endfacet
  facet normal -0.442276 0.896879 0
    outer loop
      vertex -8.53384 30.6025 2.5
      vertex -11.15 29.3124 4.49
      vertex -8.53384 30.6025 4.49
    endloop
  endfacet
  facet normal -0.442276 0.896879 0
    outer loop
      vertex -11.15 29.3124 4.49
      vertex -8.53384 30.6025 2.5
      vertex -11.15 29.3124 2.5
    endloop
  endfacet
  facet normal 0.0654102 -0.997858 0
    outer loop
      vertex 0 -12.3 2.5
      vertex 2.91073 -12.1092 4.49
      vertex 0 -12.3 4.49
    endloop
  endfacet
  facet normal 0.0654102 -0.997858 0
    outer loop
      vertex 2.91073 -12.1092 4.49
      vertex 0 -12.3 2.5
      vertex 2.91073 -12.1092 2.5
    endloop
  endfacet
  facet normal -0.896882 0.44227 0
    outer loop
      vertex -20.6025 18.5338 2.5
      vertex -19.3124 21.15 4.49
      vertex -19.3124 21.15 2.5
    endloop
  endfacet
  facet normal -0.896882 0.44227 0
    outer loop
      vertex -19.3124 21.15 4.49
      vertex -20.6025 18.5338 2.5
      vertex -20.6025 18.5338 4.49
    endloop
  endfacet
  facet normal 0.751839 0.659346 0
    outer loop
      vertex 17.6918 23.5754 4.49
      vertex 15.7685 25.7685 2.5
      vertex 15.7685 25.7685 4.49
    endloop
  endfacet
  facet normal 0.751839 0.659346 0
    outer loop
      vertex 15.7685 25.7685 2.5
      vertex 17.6918 23.5754 4.49
      vertex 17.6918 23.5754 2.5
    endloop
  endfacet
  facet normal -0.980785 0.195094 0
    outer loop
      vertex -22.1092 12.9107 2.5
      vertex -21.5401 15.7717 4.49
      vertex -21.5401 15.7717 2.5
    endloop
  endfacet
  facet normal -0.980785 0.195094 0
    outer loop
      vertex -21.5401 15.7717 4.49
      vertex -22.1092 12.9107 2.5
      vertex -22.1092 12.9107 4.49
    endloop
  endfacet
  facet normal -0.195099 -0.980784 0
    outer loop
      vertex -5.77166 -11.5401 2.5
      vertex -2.91073 -12.1092 4.49
      vertex -5.77166 -11.5401 4.49
    endloop
  endfacet
  facet normal -0.195099 -0.980784 -0
    outer loop
      vertex -2.91073 -12.1092 4.49
      vertex -5.77166 -11.5401 2.5
      vertex -2.91073 -12.1092 2.5
    endloop
  endfacet
  facet normal 0.831468 -0.555573 0
    outer loop
      vertex 17.6918 -3.57538 4.49
      vertex 19.3124 -1.15 2.5
      vertex 19.3124 -1.15 4.49
    endloop
  endfacet
  facet normal 0.831468 -0.555573 0
    outer loop
      vertex 19.3124 -1.15 2.5
      vertex 17.6918 -3.57538 4.49
      vertex 17.6918 -3.57538 2.5
    endloop
  endfacet
  facet normal -0.442284 -0.896875 0
    outer loop
      vertex -11.15 -9.31237 2.5
      vertex -8.53384 -10.6025 4.49
      vertex -11.15 -9.31237 4.49
    endloop
  endfacet
  facet normal -0.442284 -0.896875 -0
    outer loop
      vertex -8.53384 -10.6025 4.49
      vertex -11.15 -9.31237 2.5
      vertex -8.53384 -10.6025 2.5
    endloop
  endfacet
  facet normal -0.659346 0.751839 0
    outer loop
      vertex -13.5754 27.6918 2.5
      vertex -15.7685 25.7685 4.49
      vertex -13.5754 27.6918 4.49
    endloop
  endfacet
  facet normal -0.659346 0.751839 0
    outer loop
      vertex -15.7685 25.7685 4.49
      vertex -13.5754 27.6918 2.5
      vertex -15.7685 25.7685 2.5
    endloop
  endfacet
  facet normal 0.896879 -0.442276 0
    outer loop
      vertex 19.3124 -1.15 4.49
      vertex 20.6025 1.46616 2.5
      vertex 20.6025 1.46616 4.49
    endloop
  endfacet
  facet normal 0.896879 -0.442276 0
    outer loop
      vertex 20.6025 1.46616 2.5
      vertex 19.3124 -1.15 4.49
      vertex 19.3124 -1.15 2.5
    endloop
  endfacet
  facet normal 0.946931 0.321437 0
    outer loop
      vertex 21.5401 15.7717 4.49
      vertex 20.6025 18.5338 2.5
      vertex 20.6025 18.5338 4.49
    endloop
  endfacet
  facet normal 0.946931 0.321437 0
    outer loop
      vertex 20.6025 18.5338 2.5
      vertex 21.5401 15.7717 4.49
      vertex 21.5401 15.7717 2.5
    endloop
  endfacet
  facet normal -0.980784 -0.195099 0
    outer loop
      vertex -21.5401 4.22834 2.5
      vertex -22.1092 7.08927 4.49
      vertex -22.1092 7.08927 2.5
    endloop
  endfacet
  facet normal -0.980784 -0.195099 0
    outer loop
      vertex -22.1092 7.08927 4.49
      vertex -21.5401 4.22834 2.5
      vertex -21.5401 4.22834 4.49
    endloop
  endfacet
  facet normal -0.55557 0.83147 0
    outer loop
      vertex -11.15 29.3124 2.5
      vertex -13.5754 27.6918 4.49
      vertex -11.15 29.3124 4.49
    endloop
  endfacet
  facet normal -0.55557 0.83147 0
    outer loop
      vertex -13.5754 27.6918 4.49
      vertex -11.15 29.3124 2.5
      vertex -13.5754 27.6918 2.5
    endloop
  endfacet
  facet normal 0.321429 -0.946934 0
    outer loop
      vertex 5.77166 -11.5401 2.5
      vertex 8.53384 -10.6025 4.49
      vertex 5.77166 -11.5401 4.49
    endloop
  endfacet
  facet normal 0.321429 -0.946934 0
    outer loop
      vertex 8.53384 -10.6025 4.49
      vertex 5.77166 -11.5401 2.5
      vertex 8.53384 -10.6025 2.5
    endloop
  endfacet
  facet normal 0.0654102 0.997858 -0
    outer loop
      vertex 2.91073 32.1092 2.5
      vertex 0 32.3 4.49
      vertex 2.91073 32.1092 4.49
    endloop
  endfacet
  facet normal 0.0654102 0.997858 0
    outer loop
      vertex 0 32.3 4.49
      vertex 2.91073 32.1092 2.5
      vertex 0 32.3 2.5
    endloop
  endfacet
  facet normal 0.83147 0.55557 0
    outer loop
      vertex 19.3124 21.15 4.49
      vertex 17.6918 23.5754 2.5
      vertex 17.6918 23.5754 4.49
    endloop
  endfacet
  facet normal 0.83147 0.55557 0
    outer loop
      vertex 17.6918 23.5754 2.5
      vertex 19.3124 21.15 4.49
      vertex 19.3124 21.15 2.5
    endloop
  endfacet
  facet normal 0.555568 -0.831471 0
    outer loop
      vertex 11.15 -9.31237 2.5
      vertex 13.5754 -7.69178 4.49
      vertex 11.15 -9.31237 4.49
    endloop
  endfacet
  facet normal 0.555568 -0.831471 0
    outer loop
      vertex 13.5754 -7.69178 4.49
      vertex 11.15 -9.31237 2.5
      vertex 13.5754 -7.69178 2.5
    endloop
  endfacet
  facet normal 0.442276 0.896879 -0
    outer loop
      vertex 11.15 29.3124 2.5
      vertex 8.53384 30.6025 4.49
      vertex 11.15 29.3124 4.49
    endloop
  endfacet
  facet normal 0.442276 0.896879 0
    outer loop
      vertex 8.53384 30.6025 4.49
      vertex 11.15 29.3124 2.5
      vertex 8.53384 30.6025 2.5
    endloop
  endfacet
  facet normal 0.55557 0.83147 -0
    outer loop
      vertex 13.5754 27.6918 2.5
      vertex 11.15 29.3124 4.49
      vertex 13.5754 27.6918 4.49
    endloop
  endfacet
  facet normal 0.55557 0.83147 0
    outer loop
      vertex 11.15 29.3124 4.49
      vertex 13.5754 27.6918 2.5
      vertex 11.15 29.3124 2.5
    endloop
  endfacet
  facet normal -0.659346 -0.751839 0
    outer loop
      vertex -15.7685 -5.76848 2.5
      vertex -13.5754 -7.69178 4.49
      vertex -15.7685 -5.76848 4.49
    endloop
  endfacet
  facet normal -0.659346 -0.751839 -0
    outer loop
      vertex -13.5754 -7.69178 4.49
      vertex -15.7685 -5.76848 2.5
      vertex -13.5754 -7.69178 2.5
    endloop
  endfacet
  facet normal 0.659346 0.751839 -0
    outer loop
      vertex 15.7685 25.7685 2.5
      vertex 13.5754 27.6918 4.49
      vertex 15.7685 25.7685 4.49
    endloop
  endfacet
  facet normal 0.659346 0.751839 0
    outer loop
      vertex 13.5754 27.6918 4.49
      vertex 15.7685 25.7685 2.5
      vertex 13.5754 27.6918 2.5
    endloop
  endfacet
  facet normal -0.997858 0.0654109 0
    outer loop
      vertex -22.3 10 2.5
      vertex -22.1092 12.9107 4.49
      vertex -22.1092 12.9107 2.5
    endloop
  endfacet
  facet normal -0.997858 0.0654109 0
    outer loop
      vertex -22.1092 12.9107 4.49
      vertex -22.3 10 2.5
      vertex -22.3 10 4.49
    endloop
  endfacet
  facet normal -0.751839 0.659346 0
    outer loop
      vertex -17.6918 23.5754 2.5
      vertex -15.7685 25.7685 4.49
      vertex -15.7685 25.7685 2.5
    endloop
  endfacet
  facet normal -0.751839 0.659346 0
    outer loop
      vertex -15.7685 25.7685 4.49
      vertex -17.6918 23.5754 2.5
      vertex -17.6918 23.5754 4.49
    endloop
  endfacet
  facet normal 0.997858 -0.0654102 0
    outer loop
      vertex 22.1092 7.08927 4.49
      vertex 22.3 10 2.5
      vertex 22.3 10 4.49
    endloop
  endfacet
  facet normal 0.997858 -0.0654102 0
    outer loop
      vertex 22.3 10 2.5
      vertex 22.1092 7.08927 4.49
      vertex 22.1092 7.08927 2.5
    endloop
  endfacet
  facet normal -0.321429 0.946934 0
    outer loop
      vertex -5.77166 31.5401 2.5
      vertex -8.53384 30.6025 4.49
      vertex -5.77166 31.5401 4.49
    endloop
  endfacet
  facet normal -0.321429 0.946934 0
    outer loop
      vertex -8.53384 30.6025 4.49
      vertex -5.77166 31.5401 2.5
      vertex -8.53384 30.6025 2.5
    endloop
  endfacet
  facet normal 0.195099 -0.980784 0
    outer loop
      vertex 2.91073 -12.1092 2.5
      vertex 5.77166 -11.5401 4.49
      vertex 2.91073 -12.1092 4.49
    endloop
  endfacet
  facet normal 0.195099 -0.980784 0
    outer loop
      vertex 5.77166 -11.5401 4.49
      vertex 2.91073 -12.1092 2.5
      vertex 5.77166 -11.5401 2.5
    endloop
  endfacet
  facet normal -0.896879 -0.442276 0
    outer loop
      vertex -19.3124 -1.15 2.5
      vertex -20.6025 1.46616 4.49
      vertex -20.6025 1.46616 2.5
    endloop
  endfacet
  facet normal -0.896879 -0.442276 0
    outer loop
      vertex -20.6025 1.46616 4.49
      vertex -19.3124 -1.15 2.5
      vertex -19.3124 -1.15 4.49
    endloop
  endfacet
  facet normal -0.195099 0.980784 0
    outer loop
      vertex -2.91073 32.1092 2.5
      vertex -5.77166 31.5401 4.49
      vertex -2.91073 32.1092 4.49
    endloop
  endfacet
  facet normal -0.195099 0.980784 0
    outer loop
      vertex -5.77166 31.5401 4.49
      vertex -2.91073 32.1092 2.5
      vertex -5.77166 31.5401 2.5
    endloop
  endfacet
  facet normal 0.321429 0.946934 -0
    outer loop
      vertex 8.53384 30.6025 2.5
      vertex 5.77166 31.5401 4.49
      vertex 8.53384 30.6025 4.49
    endloop
  endfacet
  facet normal 0.321429 0.946934 0
    outer loop
      vertex 5.77166 31.5401 4.49
      vertex 8.53384 30.6025 2.5
      vertex 5.77166 31.5401 2.5
    endloop
  endfacet
  facet normal -0.997858 -0.0654102 0
    outer loop
      vertex -22.1092 7.08927 2.5
      vertex -22.3 10 4.49
      vertex -22.3 10 2.5
    endloop
  endfacet
  facet normal -0.997858 -0.0654102 0
    outer loop
      vertex -22.3 10 4.49
      vertex -22.1092 7.08927 2.5
      vertex -22.1092 7.08927 4.49
    endloop
  endfacet
  facet normal 0.195099 0.980784 -0
    outer loop
      vertex 5.77166 31.5401 2.5
      vertex 2.91073 32.1092 4.49
      vertex 5.77166 31.5401 4.49
    endloop
  endfacet
  facet normal 0.195099 0.980784 0
    outer loop
      vertex 2.91073 32.1092 4.49
      vertex 5.77166 31.5401 2.5
      vertex 2.91073 32.1092 2.5
    endloop
  endfacet
  facet normal -0.946931 0.321437 0
    outer loop
      vertex -21.5401 15.7717 2.5
      vertex -20.6025 18.5338 4.49
      vertex -20.6025 18.5338 2.5
    endloop
  endfacet
  facet normal -0.946931 0.321437 0
    outer loop
      vertex -20.6025 18.5338 4.49
      vertex -21.5401 15.7717 2.5
      vertex -21.5401 15.7717 4.49
    endloop
  endfacet
  facet normal 0.896882 0.44227 0
    outer loop
      vertex 20.6025 18.5338 4.49
      vertex 19.3124 21.15 2.5
      vertex 19.3124 21.15 4.49
    endloop
  endfacet
  facet normal 0.896882 0.44227 0
    outer loop
      vertex 19.3124 21.15 2.5
      vertex 20.6025 18.5338 4.49
      vertex 20.6025 18.5338 2.5
    endloop
  endfacet
  facet normal 0.442284 -0.896875 0
    outer loop
      vertex 8.53384 -10.6025 2.5
      vertex 11.15 -9.31237 4.49
      vertex 8.53384 -10.6025 4.49
    endloop
  endfacet
  facet normal 0.442284 -0.896875 0
    outer loop
      vertex 11.15 -9.31237 4.49
      vertex 8.53384 -10.6025 2.5
      vertex 11.15 -9.31237 2.5
    endloop
  endfacet
  facet normal 0.946934 -0.321429 0
    outer loop
      vertex 20.6025 1.46616 4.49
      vertex 21.5401 4.22834 2.5
      vertex 21.5401 4.22834 4.49
    endloop
  endfacet
  facet normal 0.946934 -0.321429 0
    outer loop
      vertex 21.5401 4.22834 2.5
      vertex 20.6025 1.46616 4.49
      vertex 20.6025 1.46616 2.5
    endloop
  endfacet
  facet normal -0.0654102 0.997858 0
    outer loop
      vertex 0 32.3 2.5
      vertex -2.91073 32.1092 4.49
      vertex 0 32.3 4.49
    endloop
  endfacet
  facet normal -0.0654102 0.997858 0
    outer loop
      vertex -2.91073 32.1092 4.49
      vertex 0 32.3 2.5
      vertex -2.91073 32.1092 2.5
    endloop
  endfacet
  facet normal -0.321429 -0.946934 0
    outer loop
      vertex -8.53384 -10.6025 2.5
      vertex -5.77166 -11.5401 4.49
      vertex -8.53384 -10.6025 4.49
    endloop
  endfacet
  facet normal -0.321429 -0.946934 -0
    outer loop
      vertex -5.77166 -11.5401 4.49
      vertex -8.53384 -10.6025 2.5
      vertex -5.77166 -11.5401 2.5
    endloop
  endfacet
  facet normal -0.751839 -0.659346 0
    outer loop
      vertex -15.7685 -5.76848 2.5
      vertex -17.6918 -3.57538 4.49
      vertex -17.6918 -3.57538 2.5
    endloop
  endfacet
  facet normal -0.751839 -0.659346 0
    outer loop
      vertex -17.6918 -3.57538 4.49
      vertex -15.7685 -5.76848 2.5
      vertex -15.7685 -5.76848 4.49
    endloop
  endfacet
  facet normal -0.555568 -0.831471 0
    outer loop
      vertex -13.5754 -7.69178 2.5
      vertex -11.15 -9.31237 4.49
      vertex -13.5754 -7.69178 4.49
    endloop
  endfacet
  facet normal -0.555568 -0.831471 -0
    outer loop
      vertex -11.15 -9.31237 4.49
      vertex -13.5754 -7.69178 2.5
      vertex -11.15 -9.31237 2.5
    endloop
  endfacet
  facet normal -0.0654102 -0.997858 0
    outer loop
      vertex -2.91073 -12.1092 2.5
      vertex 0 -12.3 4.49
      vertex -2.91073 -12.1092 4.49
    endloop
  endfacet
  facet normal -0.0654102 -0.997858 -0
    outer loop
      vertex 0 -12.3 4.49
      vertex -2.91073 -12.1092 2.5
      vertex 0 -12.3 2.5
    endloop
  endfacet
  facet normal -0.83147 0.55557 0
    outer loop
      vertex -19.3124 21.15 2.5
      vertex -17.6918 23.5754 4.49
      vertex -17.6918 23.5754 2.5
    endloop
  endfacet
  facet normal -0.83147 0.55557 0
    outer loop
      vertex -17.6918 23.5754 4.49
      vertex -19.3124 21.15 2.5
      vertex -19.3124 21.15 4.49
    endloop
  endfacet
  facet normal 0.751839 -0.659346 0
    outer loop
      vertex 15.7685 -5.76848 4.49
      vertex 17.6918 -3.57538 2.5
      vertex 17.6918 -3.57538 4.49
    endloop
  endfacet
  facet normal 0.751839 -0.659346 0
    outer loop
      vertex 17.6918 -3.57538 2.5
      vertex 15.7685 -5.76848 4.49
      vertex 15.7685 -5.76848 2.5
    endloop
  endfacet
  facet normal -0.980779 -0.195123 0
    outer loop
      vertex 19.5315 12.5714 2.5
      vertex 19.0287 15.0987 4.49
      vertex 19.0287 15.0987 2.5
    endloop
  endfacet
  facet normal -0.980779 -0.195123 0
    outer loop
      vertex 19.0287 15.0987 4.49
      vertex 19.5315 12.5714 2.5
      vertex 19.5315 12.5714 4.49
    endloop
  endfacet
  facet normal -0.99786 -0.0653883 0
    outer loop
      vertex 19.7 10 2.5
      vertex 19.5315 12.5714 4.49
      vertex 19.5315 12.5714 2.5
    endloop
  endfacet
  facet normal -0.99786 -0.0653883 0
    outer loop
      vertex 19.5315 12.5714 4.49
      vertex 19.7 10 2.5
      vertex 19.7 10 4.49
    endloop
  endfacet
  facet normal -0.659356 -0.751831 0
    outer loop
      vertex 11.9926 25.6291 2.5
      vertex 13.93 23.93 4.49
      vertex 11.9926 25.6291 4.49
    endloop
  endfacet
  facet normal -0.659356 -0.751831 -0
    outer loop
      vertex 13.93 23.93 4.49
      vertex 11.9926 25.6291 2.5
      vertex 13.93 23.93 2.5
    endloop
  endfacet
  facet normal 0.99786 -0.0653883 0
    outer loop
      vertex -19.7 10 4.49
      vertex -19.5315 12.5714 2.5
      vertex -19.5315 12.5714 4.49
    endloop
  endfacet
  facet normal 0.99786 -0.0653883 0
    outer loop
      vertex -19.5315 12.5714 2.5
      vertex -19.7 10 4.49
      vertex -19.7 10 2.5
    endloop
  endfacet
  facet normal -0.98078 0.195119 0
    outer loop
      vertex 19.0287 4.90127 2.5
      vertex 19.5315 7.42863 4.49
      vertex 19.5315 7.42863 2.5
    endloop
  endfacet
  facet normal -0.98078 0.195119 0
    outer loop
      vertex 19.5315 7.42863 4.49
      vertex 19.0287 4.90127 2.5
      vertex 19.0287 4.90127 4.49
    endloop
  endfacet
  facet normal 0.55556 -0.831477 0
    outer loop
      vertex -11.9926 25.6291 2.5
      vertex -9.85 27.0607 4.49
      vertex -11.9926 25.6291 4.49
    endloop
  endfacet
  facet normal 0.55556 -0.831477 0
    outer loop
      vertex -9.85 27.0607 4.49
      vertex -11.9926 25.6291 2.5
      vertex -9.85 27.0607 2.5
    endloop
  endfacet
  facet normal 0.980779 -0.195123 0
    outer loop
      vertex -19.5315 12.5714 4.49
      vertex -19.0287 15.0987 2.5
      vertex -19.0287 15.0987 4.49
    endloop
  endfacet
  facet normal 0.980779 -0.195123 0
    outer loop
      vertex -19.0287 15.0987 2.5
      vertex -19.5315 12.5714 4.49
      vertex -19.5315 12.5714 2.5
    endloop
  endfacet
  facet normal 0.659347 0.751839 -0
    outer loop
      vertex -11.9926 -5.62906 2.5
      vertex -13.93 -3.93 4.49
      vertex -11.9926 -5.62906 4.49
    endloop
  endfacet
  facet normal 0.659347 0.751839 0
    outer loop
      vertex -13.93 -3.93 4.49
      vertex -11.9926 -5.62906 2.5
      vertex -13.93 -3.93 2.5
    endloop
  endfacet
  facet normal -0.831477 0.555559 0
    outer loop
      vertex 15.6291 -1.9926 2.5
      vertex 17.0607 0.150001 4.49
      vertex 17.0607 0.150001 2.5
    endloop
  endfacet
  facet normal -0.831477 0.555559 0
    outer loop
      vertex 17.0607 0.150001 4.49
      vertex 15.6291 -1.9926 2.5
      vertex 15.6291 -1.9926 4.49
    endloop
  endfacet
  facet normal -0.44228 -0.896877 0
    outer loop
      vertex 7.53886 28.2004 2.5
      vertex 9.85 27.0607 4.49
      vertex 7.53886 28.2004 4.49
    endloop
  endfacet
  facet normal -0.44228 -0.896877 -0
    outer loop
      vertex 9.85 27.0607 4.49
      vertex 7.53886 28.2004 2.5
      vertex 9.85 27.0607 2.5
    endloop
  endfacet
  facet normal -0.065389 -0.99786 0
    outer loop
      vertex 0 29.7 2.5
      vertex 2.57137 29.5315 4.49
      vertex 0 29.7 4.49
    endloop
  endfacet
  facet normal -0.065389 -0.99786 -0
    outer loop
      vertex 2.57137 29.5315 4.49
      vertex 0 29.7 2.5
      vertex 2.57137 29.5315 2.5
    endloop
  endfacet
  facet normal -0.751831 -0.659356 0
    outer loop
      vertex 15.6291 21.9926 2.5
      vertex 13.93 23.93 4.49
      vertex 13.93 23.93 2.5
    endloop
  endfacet
  facet normal -0.751831 -0.659356 0
    outer loop
      vertex 13.93 23.93 4.49
      vertex 15.6291 21.9926 2.5
      vertex 15.6291 21.9926 4.49
    endloop
  endfacet
  facet normal -0.831477 -0.55556 0
    outer loop
      vertex 17.0607 19.85 2.5
      vertex 15.6291 21.9926 4.49
      vertex 15.6291 21.9926 2.5
    endloop
  endfacet
  facet normal -0.831477 -0.55556 0
    outer loop
      vertex 15.6291 21.9926 4.49
      vertex 17.0607 19.85 2.5
      vertex 17.0607 19.85 4.49
    endloop
  endfacet
  facet normal 0.44228 -0.896877 0
    outer loop
      vertex -9.85 27.0607 2.5
      vertex -7.53886 28.2004 4.49
      vertex -9.85 27.0607 4.49
    endloop
  endfacet
  facet normal 0.44228 -0.896877 0
    outer loop
      vertex -7.53886 28.2004 4.49
      vertex -9.85 27.0607 2.5
      vertex -7.53886 28.2004 2.5
    endloop
  endfacet
  facet normal -0.659347 0.751839 0
    outer loop
      vertex 13.93 -3.93 2.5
      vertex 11.9926 -5.62906 4.49
      vertex 13.93 -3.93 4.49
    endloop
  endfacet
  facet normal -0.659347 0.751839 0
    outer loop
      vertex 11.9926 -5.62906 4.49
      vertex 13.93 -3.93 2.5
      vertex 11.9926 -5.62906 2.5
    endloop
  endfacet
  facet normal -0.55557 0.83147 0
    outer loop
      vertex 11.9926 -5.62906 2.5
      vertex 9.85 -7.0607 4.49
      vertex 11.9926 -5.62906 4.49
    endloop
  endfacet
  facet normal -0.55557 0.83147 0
    outer loop
      vertex 9.85 -7.0607 4.49
      vertex 11.9926 -5.62906 2.5
      vertex 9.85 -7.0607 2.5
    endloop
  endfacet
  facet normal 0.98078 0.195119 0
    outer loop
      vertex -19.0287 4.90127 4.49
      vertex -19.5315 7.42863 2.5
      vertex -19.5315 7.42863 4.49
    endloop
  endfacet
  facet normal 0.98078 0.195119 0
    outer loop
      vertex -19.5315 7.42863 2.5
      vertex -19.0287 4.90127 4.49
      vertex -19.0287 4.90127 2.5
    endloop
  endfacet
  facet normal -0.99786 0.065389 0
    outer loop
      vertex 19.5315 7.42863 2.5
      vertex 19.7 10 4.49
      vertex 19.7 10 2.5
    endloop
  endfacet
  facet normal -0.99786 0.065389 0
    outer loop
      vertex 19.7 10 4.49
      vertex 19.5315 7.42863 2.5
      vertex 19.5315 7.42863 4.49
    endloop
  endfacet
  facet normal 0.195119 -0.98078 0
    outer loop
      vertex -5.09873 29.0287 2.5
      vertex -2.57137 29.5315 4.49
      vertex -5.09873 29.0287 4.49
    endloop
  endfacet
  facet normal 0.195119 -0.98078 0
    outer loop
      vertex -2.57137 29.5315 4.49
      vertex -5.09873 29.0287 2.5
      vertex -2.57137 29.5315 2.5
    endloop
  endfacet
  facet normal 0.831477 0.555559 0
    outer loop
      vertex -15.6291 -1.9926 4.49
      vertex -17.0607 0.150001 2.5
      vertex -17.0607 0.150001 4.49
    endloop
  endfacet
  facet normal 0.831477 0.555559 0
    outer loop
      vertex -17.0607 0.150001 2.5
      vertex -15.6291 -1.9926 4.49
      vertex -15.6291 -1.9926 2.5
    endloop
  endfacet
  facet normal -0.55556 -0.831477 0
    outer loop
      vertex 9.85 27.0607 2.5
      vertex 11.9926 25.6291 4.49
      vertex 9.85 27.0607 4.49
    endloop
  endfacet
  facet normal -0.55556 -0.831477 -0
    outer loop
      vertex 11.9926 25.6291 4.49
      vertex 9.85 27.0607 2.5
      vertex 11.9926 25.6291 2.5
    endloop
  endfacet
  facet normal 0.195089 0.980786 -0
    outer loop
      vertex -2.57137 -9.53146 2.5
      vertex -5.09873 -9.02874 4.49
      vertex -2.57137 -9.53146 4.49
    endloop
  endfacet
  facet normal 0.195089 0.980786 0
    outer loop
      vertex -5.09873 -9.02874 4.49
      vertex -2.57137 -9.53146 2.5
      vertex -5.09873 -9.02874 2.5
    endloop
  endfacet
  facet normal 0.946934 -0.321427 0
    outer loop
      vertex -19.0287 15.0987 4.49
      vertex -18.2004 17.5389 2.5
      vertex -18.2004 17.5389 4.49
    endloop
  endfacet
  facet normal 0.946934 -0.321427 0
    outer loop
      vertex -18.2004 17.5389 2.5
      vertex -19.0287 15.0987 4.49
      vertex -19.0287 15.0987 2.5
    endloop
  endfacet
  facet normal -0.751831 0.659356 0
    outer loop
      vertex 13.93 -3.93 2.5
      vertex 15.6291 -1.9926 4.49
      vertex 15.6291 -1.9926 2.5
    endloop
  endfacet
  facet normal -0.751831 0.659356 0
    outer loop
      vertex 15.6291 -1.9926 4.49
      vertex 13.93 -3.93 2.5
      vertex 13.93 -3.93 4.49
    endloop
  endfacet
  facet normal -0.0654045 0.997859 0
    outer loop
      vertex 2.57137 -9.53146 2.5
      vertex 0 -9.7 4.49
      vertex 2.57137 -9.53146 4.49
    endloop
  endfacet
  facet normal -0.0654045 0.997859 0
    outer loop
      vertex 0 -9.7 4.49
      vertex 2.57137 -9.53146 2.5
      vertex 0 -9.7 2.5
    endloop
  endfacet
  facet normal -0.195089 0.980786 0
    outer loop
      vertex 5.09873 -9.02874 2.5
      vertex 2.57137 -9.53146 4.49
      vertex 5.09873 -9.02874 4.49
    endloop
  endfacet
  facet normal -0.195089 0.980786 0
    outer loop
      vertex 2.57137 -9.53146 4.49
      vertex 5.09873 -9.02874 2.5
      vertex 2.57137 -9.53146 2.5
    endloop
  endfacet
  facet normal 0.946932 0.321435 0
    outer loop
      vertex -18.2004 2.46114 4.49
      vertex -19.0287 4.90127 2.5
      vertex -19.0287 4.90127 4.49
    endloop
  endfacet
  facet normal 0.946932 0.321435 0
    outer loop
      vertex -19.0287 4.90127 2.5
      vertex -18.2004 2.46114 4.49
      vertex -18.2004 2.46114 2.5
    endloop
  endfacet
  facet normal 0.065389 -0.99786 0
    outer loop
      vertex -2.57137 29.5315 2.5
      vertex 0 29.7 4.49
      vertex -2.57137 29.5315 4.49
    endloop
  endfacet
  facet normal 0.065389 -0.99786 0
    outer loop
      vertex 0 29.7 4.49
      vertex -2.57137 29.5315 2.5
      vertex 0 29.7 2.5
    endloop
  endfacet
  facet normal -0.896874 -0.442286 0
    outer loop
      vertex 18.2004 17.5389 2.5
      vertex 17.0607 19.85 4.49
      vertex 17.0607 19.85 2.5
    endloop
  endfacet
  facet normal -0.896874 -0.442286 0
    outer loop
      vertex 17.0607 19.85 4.49
      vertex 18.2004 17.5389 2.5
      vertex 18.2004 17.5389 4.49
    endloop
  endfacet
  facet normal 0.896877 0.44228 0
    outer loop
      vertex -17.0607 0.150001 4.49
      vertex -18.2004 2.46114 2.5
      vertex -18.2004 2.46114 4.49
    endloop
  endfacet
  facet normal 0.896877 0.44228 0
    outer loop
      vertex -18.2004 2.46114 2.5
      vertex -17.0607 0.150001 4.49
      vertex -17.0607 0.150001 2.5
    endloop
  endfacet
  facet normal 0.321435 -0.946932 0
    outer loop
      vertex -7.53886 28.2004 2.5
      vertex -5.09873 29.0287 4.49
      vertex -7.53886 28.2004 4.49
    endloop
  endfacet
  facet normal 0.321435 -0.946932 0
    outer loop
      vertex -5.09873 29.0287 4.49
      vertex -7.53886 28.2004 2.5
      vertex -5.09873 29.0287 2.5
    endloop
  endfacet
  facet normal -0.946934 -0.321427 0
    outer loop
      vertex 19.0287 15.0987 2.5
      vertex 18.2004 17.5389 4.49
      vertex 18.2004 17.5389 2.5
    endloop
  endfacet
  facet normal -0.946934 -0.321427 0
    outer loop
      vertex 18.2004 17.5389 4.49
      vertex 19.0287 15.0987 2.5
      vertex 19.0287 15.0987 4.49
    endloop
  endfacet
  facet normal 0.659356 -0.751831 0
    outer loop
      vertex -13.93 23.93 2.5
      vertex -11.9926 25.6291 4.49
      vertex -13.93 23.93 4.49
    endloop
  endfacet
  facet normal 0.659356 -0.751831 0
    outer loop
      vertex -11.9926 25.6291 4.49
      vertex -13.93 23.93 2.5
      vertex -11.9926 25.6291 2.5
    endloop
  endfacet
  facet normal -0.896877 0.44228 0
    outer loop
      vertex 17.0607 0.150001 2.5
      vertex 18.2004 2.46114 4.49
      vertex 18.2004 2.46114 2.5
    endloop
  endfacet
  facet normal -0.896877 0.44228 0
    outer loop
      vertex 18.2004 2.46114 4.49
      vertex 17.0607 0.150001 2.5
      vertex 17.0607 0.150001 4.49
    endloop
  endfacet
  facet normal 0.751831 -0.659356 0
    outer loop
      vertex -15.6291 21.9926 4.49
      vertex -13.93 23.93 2.5
      vertex -13.93 23.93 4.49
    endloop
  endfacet
  facet normal 0.751831 -0.659356 0
    outer loop
      vertex -13.93 23.93 2.5
      vertex -15.6291 21.9926 4.49
      vertex -15.6291 21.9926 2.5
    endloop
  endfacet
  facet normal 0.99786 0.065389 0
    outer loop
      vertex -19.5315 7.42863 4.49
      vertex -19.7 10 2.5
      vertex -19.7 10 4.49
    endloop
  endfacet
  facet normal 0.99786 0.065389 0
    outer loop
      vertex -19.7 10 2.5
      vertex -19.5315 7.42863 4.49
      vertex -19.5315 7.42863 2.5
    endloop
  endfacet
  facet normal -0.321435 -0.946932 0
    outer loop
      vertex 5.09873 29.0287 2.5
      vertex 7.53886 28.2004 4.49
      vertex 5.09873 29.0287 4.49
    endloop
  endfacet
  facet normal -0.321435 -0.946932 -0
    outer loop
      vertex 7.53886 28.2004 4.49
      vertex 5.09873 29.0287 2.5
      vertex 7.53886 28.2004 2.5
    endloop
  endfacet
  facet normal 0.321439 0.94693 -0
    outer loop
      vertex -5.09873 -9.02874 2.5
      vertex -7.53886 -8.20043 4.49
      vertex -5.09873 -9.02874 4.49
    endloop
  endfacet
  facet normal 0.321439 0.94693 0
    outer loop
      vertex -7.53886 -8.20043 4.49
      vertex -5.09873 -9.02874 2.5
      vertex -7.53886 -8.20043 2.5
    endloop
  endfacet
  facet normal 0.0654045 0.997859 -0
    outer loop
      vertex 0 -9.7 2.5
      vertex -2.57137 -9.53146 4.49
      vertex 0 -9.7 4.49
    endloop
  endfacet
  facet normal 0.0654045 0.997859 0
    outer loop
      vertex -2.57137 -9.53146 4.49
      vertex 0 -9.7 2.5
      vertex -2.57137 -9.53146 2.5
    endloop
  endfacet
  facet normal -0.946932 0.321435 0
    outer loop
      vertex 18.2004 2.46114 2.5
      vertex 19.0287 4.90127 4.49
      vertex 19.0287 4.90127 2.5
    endloop
  endfacet
  facet normal -0.946932 0.321435 0
    outer loop
      vertex 19.0287 4.90127 4.49
      vertex 18.2004 2.46114 2.5
      vertex 18.2004 2.46114 4.49
    endloop
  endfacet
  facet normal -0.442289 0.896872 0
    outer loop
      vertex 9.85 -7.0607 2.5
      vertex 7.53886 -8.20043 4.49
      vertex 9.85 -7.0607 4.49
    endloop
  endfacet
  facet normal -0.442289 0.896872 0
    outer loop
      vertex 7.53886 -8.20043 4.49
      vertex 9.85 -7.0607 2.5
      vertex 7.53886 -8.20043 2.5
    endloop
  endfacet
  facet normal 0.751831 0.659356 0
    outer loop
      vertex -13.93 -3.93 4.49
      vertex -15.6291 -1.9926 2.5
      vertex -15.6291 -1.9926 4.49
    endloop
  endfacet
  facet normal 0.751831 0.659356 0
    outer loop
      vertex -15.6291 -1.9926 2.5
      vertex -13.93 -3.93 4.49
      vertex -13.93 -3.93 2.5
    endloop
  endfacet
  facet normal -0.321439 0.94693 0
    outer loop
      vertex 7.53886 -8.20043 2.5
      vertex 5.09873 -9.02874 4.49
      vertex 7.53886 -8.20043 4.49
    endloop
  endfacet
  facet normal -0.321439 0.94693 0
    outer loop
      vertex 5.09873 -9.02874 4.49
      vertex 7.53886 -8.20043 2.5
      vertex 5.09873 -9.02874 2.5
    endloop
  endfacet
  facet normal 0.55557 0.83147 -0
    outer loop
      vertex -9.85 -7.0607 2.5
      vertex -11.9926 -5.62906 4.49
      vertex -9.85 -7.0607 4.49
    endloop
  endfacet
  facet normal 0.55557 0.83147 0
    outer loop
      vertex -11.9926 -5.62906 4.49
      vertex -9.85 -7.0607 2.5
      vertex -11.9926 -5.62906 2.5
    endloop
  endfacet
  facet normal -0.195119 -0.98078 0
    outer loop
      vertex 2.57137 29.5315 2.5
      vertex 5.09873 29.0287 4.49
      vertex 2.57137 29.5315 4.49
    endloop
  endfacet
  facet normal -0.195119 -0.98078 -0
    outer loop
      vertex 5.09873 29.0287 4.49
      vertex 2.57137 29.5315 2.5
      vertex 5.09873 29.0287 2.5
    endloop
  endfacet
  facet normal 0.442289 0.896872 -0
    outer loop
      vertex -7.53886 -8.20043 2.5
      vertex -9.85 -7.0607 4.49
      vertex -7.53886 -8.20043 4.49
    endloop
  endfacet
  facet normal 0.442289 0.896872 0
    outer loop
      vertex -9.85 -7.0607 4.49
      vertex -7.53886 -8.20043 2.5
      vertex -9.85 -7.0607 2.5
    endloop
  endfacet
  facet normal 0.896874 -0.442286 0
    outer loop
      vertex -18.2004 17.5389 4.49
      vertex -17.0607 19.85 2.5
      vertex -17.0607 19.85 4.49
    endloop
  endfacet
  facet normal 0.896874 -0.442286 0
    outer loop
      vertex -17.0607 19.85 2.5
      vertex -18.2004 17.5389 4.49
      vertex -18.2004 17.5389 2.5
    endloop
  endfacet
  facet normal 0.831477 -0.55556 0
    outer loop
      vertex -17.0607 19.85 4.49
      vertex -15.6291 21.9926 2.5
      vertex -15.6291 21.9926 4.49
    endloop
  endfacet
  facet normal 0.831477 -0.55556 0
    outer loop
      vertex -15.6291 21.9926 2.5
      vertex -17.0607 19.85 4.49
      vertex -17.0607 19.85 2.5
    endloop
  endfacet
  facet normal 0 0 -1
    outer loop
      vertex 36.6914 -46.8305 0
      vertex 39 -47 0
      vertex 38.9743 -47.3916 0
    endloop
  endfacet
  facet normal 0 0 -1
    outer loop
      vertex 39 -47 0
      vertex 36.7 -46.7 0
      vertex 39 47 0
    endloop
  endfacet
  facet normal 0 0 -1
    outer loop
      vertex 36.6659 -46.9588 0
      vertex 38.9743 -47.3916 0
      vertex 38.8978 -47.7765 0
    endloop
  endfacet
  facet normal 0 0 -1
    outer loop
      vertex 36.7 46.7 0
      vertex 39 47 0
      vertex 36.7 -46.7 0
    endloop
  endfacet
  facet normal 0 0 -1
    outer loop
      vertex 36.6239 -47.0827 0
      vertex 38.8978 -47.7765 0
      vertex 38.7716 -48.148 0
    endloop
  endfacet
  facet normal 0 0 -1
    outer loop
      vertex 36.6914 46.8305 0
      vertex 39 47 0
      vertex 36.7 46.7 0
    endloop
  endfacet
  facet normal 0 0 -1
    outer loop
      vertex 36.566 -47.2 0
      vertex 38.7716 -48.148 0
      vertex 38.5981 -48.5 0
    endloop
  endfacet
  facet normal -0 0 -1
    outer loop
      vertex 39 47 0
      vertex 36.6914 46.8305 0
      vertex 38.9743 47.3916 0
    endloop
  endfacet
  facet normal 0 0 -1
    outer loop
      vertex 36.4934 -47.3088 0
      vertex 38.5981 -48.5 0
      vertex 38.3801 -48.8263 0
    endloop
  endfacet
  facet normal 0 0 -1
    outer loop
      vertex 36.6659 46.9588 0
      vertex 38.9743 47.3916 0
      vertex 36.6914 46.8305 0
    endloop
  endfacet
  facet normal 0 0 -1
    outer loop
      vertex 36.4071 -47.4071 0
      vertex 38.3801 -48.8263 0
      vertex 38.1213 -49.1213 0
    endloop
  endfacet
  facet normal -0 0 -1
    outer loop
      vertex 38.9743 47.3916 0
      vertex 36.6659 46.9588 0
      vertex 38.8978 47.7765 0
    endloop
  endfacet
  facet normal 0 0 -1
    outer loop
      vertex 36.4071 -47.4071 0
      vertex 38.1213 -49.1213 0
      vertex 37.8263 -49.3801 0
    endloop
  endfacet
  facet normal 0 0 -1
    outer loop
      vertex 36.6239 47.0827 0
      vertex 38.8978 47.7765 0
      vertex 36.6659 46.9588 0
    endloop
  endfacet
  facet normal 0 0 -1
    outer loop
      vertex 36.3088 -47.4934 0
      vertex 37.8263 -49.3801 0
      vertex 37.5 -49.5981 0
    endloop
  endfacet
  facet normal -0 0 -1
    outer loop
      vertex 38.8978 47.7765 0
      vertex 36.6239 47.0827 0
      vertex 38.7716 48.148 0
    endloop
  endfacet
  facet normal 0 0 -1
    outer loop
      vertex 36.2 -47.566 0
      vertex 37.5 -49.5981 0
      vertex 37.148 -49.7716 0
    endloop
  endfacet
  facet normal 0 0 -1
    outer loop
      vertex 36.566 47.2 0
      vertex 38.7716 48.148 0
      vertex 36.6239 47.0827 0
    endloop
  endfacet
  facet normal 0 0 -1
    outer loop
      vertex 36.0827 -47.6239 0
      vertex 37.148 -49.7716 0
      vertex 36.7765 -49.8978 0
    endloop
  endfacet
  facet normal -0 0 -1
    outer loop
      vertex 38.7716 48.148 0
      vertex 36.566 47.2 0
      vertex 38.5981 48.5 0
    endloop
  endfacet
  facet normal 0 0 -1
    outer loop
      vertex 36.4934 47.3088 0
      vertex 38.5981 48.5 0
      vertex 36.566 47.2 0
    endloop
  endfacet
  facet normal 0 0 -1
    outer loop
      vertex 39 -47 0
      vertex 36.6914 -46.8305 0
      vertex 36.7 -46.7 0
    endloop
  endfacet
  facet normal 0 0 -1
    outer loop
      vertex 38.9743 -47.3916 0
      vertex 36.6659 -46.9588 0
      vertex 36.6914 -46.8305 0
    endloop
  endfacet
  facet normal 0 0 -1
    outer loop
      vertex 38.8978 -47.7765 0
      vertex 36.6239 -47.0827 0
      vertex 36.6659 -46.9588 0
    endloop
  endfacet
  facet normal 0 0 -1
    outer loop
      vertex 38.7716 -48.148 0
      vertex 36.566 -47.2 0
      vertex 36.6239 -47.0827 0
    endloop
  endfacet
  facet normal 0 0 -1
    outer loop
      vertex 38.5981 -48.5 0
      vertex 36.4934 -47.3088 0
      vertex 36.566 -47.2 0
    endloop
  endfacet
  facet normal 0 0 -1
    outer loop
      vertex 38.3801 -48.8263 0
      vertex 36.4071 -47.4071 0
      vertex 36.4934 -47.3088 0
    endloop
  endfacet
  facet normal 0 0 -1
    outer loop
      vertex 35.9588 -47.6659 0
      vertex 36.7765 -49.8978 0
      vertex 36.3916 -49.9743 0
    endloop
  endfacet
  facet normal 0 0 -1
    outer loop
      vertex 37.8263 -49.3801 0
      vertex 36.3088 -47.4934 0
      vertex 36.4071 -47.4071 0
    endloop
  endfacet
  facet normal 0 0 -1
    outer loop
      vertex 37.5 -49.5981 0
      vertex 36.2 -47.566 0
      vertex 36.3088 -47.4934 0
    endloop
  endfacet
  facet normal 0 0 -1
    outer loop
      vertex 37.148 -49.7716 0
      vertex 36.0827 -47.6239 0
      vertex 36.2 -47.566 0
    endloop
  endfacet
  facet normal 0 0 -1
    outer loop
      vertex 35.9588 -47.6659 0
      vertex 36.3916 -49.9743 0
      vertex 36 -50 0
    endloop
  endfacet
  facet normal 0 0 -1
    outer loop
      vertex 36.7765 -49.8978 0
      vertex 35.9588 -47.6659 0
      vertex 36.0827 -47.6239 0
    endloop
  endfacet
  facet normal 0 0 -1
    outer loop
      vertex 36 -50 0
      vertex 35.8305 -47.6914 0
      vertex 35.9588 -47.6659 0
    endloop
  endfacet
  facet normal 0 0 -1
    outer loop
      vertex 36 -50 0
      vertex 35.7 -47.7 0
      vertex 35.8305 -47.6914 0
    endloop
  endfacet
  facet normal 0 0 -1
    outer loop
      vertex 36 -50 0
      vertex -35.7 -47.7 0
      vertex 35.7 -47.7 0
    endloop
  endfacet
  facet normal 0 0 -1
    outer loop
      vertex -36 -50 0
      vertex -35.7 -47.7 0
      vertex 36 -50 0
    endloop
  endfacet
  facet normal 0 0 -1
    outer loop
      vertex -36 -50 0
      vertex -35.8305 -47.6914 0
      vertex -35.7 -47.7 0
    endloop
  endfacet
  facet normal 0 0 -1
    outer loop
      vertex -36 -50 0
      vertex -35.9588 -47.6659 0
      vertex -35.8305 -47.6914 0
    endloop
  endfacet
  facet normal 0 0 -1
    outer loop
      vertex -36.3916 -49.9743 0
      vertex -35.9588 -47.6659 0
      vertex -36 -50 0
    endloop
  endfacet
  facet normal 0 0 -1
    outer loop
      vertex -36.7765 -49.8978 0
      vertex -35.9588 -47.6659 0
      vertex -36.3916 -49.9743 0
    endloop
  endfacet
  facet normal -0 0 -1
    outer loop
      vertex -35.9588 -47.6659 0
      vertex -36.7765 -49.8978 0
      vertex -36.0827 -47.6239 0
    endloop
  endfacet
  facet normal 0 0 -1
    outer loop
      vertex -37.148 -49.7716 0
      vertex -36.0827 -47.6239 0
      vertex -36.7765 -49.8978 0
    endloop
  endfacet
  facet normal -0 0 -1
    outer loop
      vertex -36.0827 -47.6239 0
      vertex -37.148 -49.7716 0
      vertex -36.2 -47.566 0
    endloop
  endfacet
  facet normal 0 0 -1
    outer loop
      vertex -37.5 -49.5981 0
      vertex -36.2 -47.566 0
      vertex -37.148 -49.7716 0
    endloop
  endfacet
  facet normal -0 0 -1
    outer loop
      vertex -36.2 -47.566 0
      vertex -37.5 -49.5981 0
      vertex -36.3088 -47.4934 0
    endloop
  endfacet
  facet normal 0 0 -1
    outer loop
      vertex -37.8263 -49.3801 0
      vertex -36.3088 -47.4934 0
      vertex -37.5 -49.5981 0
    endloop
  endfacet
  facet normal -0 0 -1
    outer loop
      vertex -36.3088 -47.4934 0
      vertex -37.8263 -49.3801 0
      vertex -36.4071 -47.4071 0
    endloop
  endfacet
  facet normal 0 0 -1
    outer loop
      vertex -38.1213 -49.1213 0
      vertex -36.4071 -47.4071 0
      vertex -37.8263 -49.3801 0
    endloop
  endfacet
  facet normal 0 0 -1
    outer loop
      vertex -38.5981 -48.5 0
      vertex -36.4934 -47.3088 0
      vertex -38.3801 -48.8263 0
    endloop
  endfacet
  facet normal -0 0 -1
    outer loop
      vertex -36.4071 -47.4071 0
      vertex -38.3801 -48.8263 0
      vertex -36.4934 -47.3088 0
    endloop
  endfacet
  facet normal 0 0 -1
    outer loop
      vertex -38.3801 -48.8263 0
      vertex -36.4071 -47.4071 0
      vertex -38.1213 -49.1213 0
    endloop
  endfacet
  facet normal -0 0 -1
    outer loop
      vertex 38.5981 48.5 0
      vertex 36.4934 47.3088 0
      vertex 38.3801 48.8263 0
    endloop
  endfacet
  facet normal 0 0 -1
    outer loop
      vertex 36.4071 47.4071 0
      vertex 38.3801 48.8263 0
      vertex 36.4934 47.3088 0
    endloop
  endfacet
  facet normal -0 0 -1
    outer loop
      vertex 38.3801 48.8263 0
      vertex 36.4071 47.4071 0
      vertex 38.1213 49.1213 0
    endloop
  endfacet
  facet normal -0 0 -1
    outer loop
      vertex 38.1213 49.1213 0
      vertex 36.4071 47.4071 0
      vertex 37.8263 49.3801 0
    endloop
  endfacet
  facet normal 0 0 -1
    outer loop
      vertex 36.3088 47.4934 0
      vertex 37.8263 49.3801 0
      vertex 36.4071 47.4071 0
    endloop
  endfacet
  facet normal -0 0 -1
    outer loop
      vertex 37.8263 49.3801 0
      vertex 36.3088 47.4934 0
      vertex 37.5 49.5981 0
    endloop
  endfacet
  facet normal 0 0 -1
    outer loop
      vertex 36.2 47.566 0
      vertex 37.5 49.5981 0
      vertex 36.3088 47.4934 0
    endloop
  endfacet
  facet normal -0 0 -1
    outer loop
      vertex 37.5 49.5981 0
      vertex 36.2 47.566 0
      vertex 37.148 49.7716 0
    endloop
  endfacet
  facet normal 0 0 -1
    outer loop
      vertex 36.0827 47.6239 0
      vertex 37.148 49.7716 0
      vertex 36.2 47.566 0
    endloop
  endfacet
  facet normal -0 0 -1
    outer loop
      vertex 37.148 49.7716 0
      vertex 36.0827 47.6239 0
      vertex 36.7765 49.8978 0
    endloop
  endfacet
  facet normal 0 0 -1
    outer loop
      vertex 35.9588 47.6659 0
      vertex 36.7765 49.8978 0
      vertex 36.0827 47.6239 0
    endloop
  endfacet
  facet normal -0 0 -1
    outer loop
      vertex 36.7765 49.8978 0
      vertex 35.9588 47.6659 0
      vertex 36.3916 49.9743 0
    endloop
  endfacet
  facet normal -0 0 -1
    outer loop
      vertex 36.3916 49.9743 0
      vertex 35.9588 47.6659 0
      vertex 36 50 0
    endloop
  endfacet
  facet normal 0 0 -1
    outer loop
      vertex 35.8305 47.6914 0
      vertex 36 50 0
      vertex 35.9588 47.6659 0
    endloop
  endfacet
  facet normal 0 0 -1
    outer loop
      vertex 35.7 47.7 0
      vertex 36 50 0
      vertex 35.8305 47.6914 0
    endloop
  endfacet
  facet normal 0 0 -1
    outer loop
      vertex -35.7 47.7 0
      vertex 36 50 0
      vertex 35.7 47.7 0
    endloop
  endfacet
  facet normal 0 0 -1
    outer loop
      vertex -35.7 47.7 0
      vertex -36 50 0
      vertex 36 50 0
    endloop
  endfacet
  facet normal 0 0 -1
    outer loop
      vertex -35.8305 47.6914 0
      vertex -36 50 0
      vertex -35.7 47.7 0
    endloop
  endfacet
  facet normal 0 0 -1
    outer loop
      vertex -35.9588 47.6659 0
      vertex -36 50 0
      vertex -35.8305 47.6914 0
    endloop
  endfacet
  facet normal 0 0 -1
    outer loop
      vertex -36.7765 49.8978 0
      vertex -35.9588 47.6659 0
      vertex -36.0827 47.6239 0
    endloop
  endfacet
  facet normal 0 0 -1
    outer loop
      vertex -37.148 49.7716 0
      vertex -36.0827 47.6239 0
      vertex -36.2 47.566 0
    endloop
  endfacet
  facet normal 0 0 -1
    outer loop
      vertex -37.5 49.5981 0
      vertex -36.2 47.566 0
      vertex -36.3088 47.4934 0
    endloop
  endfacet
  facet normal 0 0 -1
    outer loop
      vertex -35.9588 47.6659 0
      vertex -36.3916 49.9743 0
      vertex -36 50 0
    endloop
  endfacet
  facet normal 0 0 -1
    outer loop
      vertex -37.8263 49.3801 0
      vertex -36.3088 47.4934 0
      vertex -36.4071 47.4071 0
    endloop
  endfacet
  facet normal 0 0 -1
    outer loop
      vertex -38.3801 48.8263 0
      vertex -36.4071 47.4071 0
      vertex -36.4934 47.3088 0
    endloop
  endfacet
  facet normal 0 0 -1
    outer loop
      vertex -38.5981 48.5 0
      vertex -36.4934 47.3088 0
      vertex -36.566 47.2 0
    endloop
  endfacet
  facet normal 0 0 -1
    outer loop
      vertex -38.7716 48.148 0
      vertex -36.566 47.2 0
      vertex -36.6239 47.0827 0
    endloop
  endfacet
  facet normal 0 0 -1
    outer loop
      vertex -38.8978 47.7765 0
      vertex -36.6239 47.0827 0
      vertex -36.6659 46.9588 0
    endloop
  endfacet
  facet normal 0 0 -1
    outer loop
      vertex -38.9743 47.3916 0
      vertex -36.6659 46.9588 0
      vertex -36.6914 46.8305 0
    endloop
  endfacet
  facet normal 0 0 -1
    outer loop
      vertex -35.9588 47.6659 0
      vertex -36.7765 49.8978 0
      vertex -36.3916 49.9743 0
    endloop
  endfacet
  facet normal 0 0 -1
    outer loop
      vertex -39 47 0
      vertex -36.6914 46.8305 0
      vertex -36.7 46.7 0
    endloop
  endfacet
  facet normal -0 0 -1
    outer loop
      vertex -36.7 -46.7 0
      vertex -39 -47 0
      vertex -36.7 46.7 0
    endloop
  endfacet
  facet normal -0 0 -1
    outer loop
      vertex -36.4934 -47.3088 0
      vertex -38.5981 -48.5 0
      vertex -36.566 -47.2 0
    endloop
  endfacet
  facet normal 0 0 -1
    outer loop
      vertex -39 47 0
      vertex -36.7 46.7 0
      vertex -39 -47 0
    endloop
  endfacet
  facet normal 0 0 -1
    outer loop
      vertex -38.7716 -48.148 0
      vertex -36.566 -47.2 0
      vertex -38.5981 -48.5 0
    endloop
  endfacet
  facet normal 0 0 -1
    outer loop
      vertex -36.6914 46.8305 0
      vertex -39 47 0
      vertex -38.9743 47.3916 0
    endloop
  endfacet
  facet normal -0 0 -1
    outer loop
      vertex -36.566 -47.2 0
      vertex -38.7716 -48.148 0
      vertex -36.6239 -47.0827 0
    endloop
  endfacet
  facet normal 0 0 -1
    outer loop
      vertex -36.0827 47.6239 0
      vertex -37.148 49.7716 0
      vertex -36.7765 49.8978 0
    endloop
  endfacet
  facet normal 0 0 -1
    outer loop
      vertex -38.8978 -47.7765 0
      vertex -36.6239 -47.0827 0
      vertex -38.7716 -48.148 0
    endloop
  endfacet
  facet normal 0 0 -1
    outer loop
      vertex -36.2 47.566 0
      vertex -37.5 49.5981 0
      vertex -37.148 49.7716 0
    endloop
  endfacet
  facet normal -0 0 -1
    outer loop
      vertex -36.6239 -47.0827 0
      vertex -38.8978 -47.7765 0
      vertex -36.6659 -46.9588 0
    endloop
  endfacet
  facet normal 0 0 -1
    outer loop
      vertex -36.3088 47.4934 0
      vertex -37.8263 49.3801 0
      vertex -37.5 49.5981 0
    endloop
  endfacet
  facet normal 0 0 -1
    outer loop
      vertex -38.9743 -47.3916 0
      vertex -36.6659 -46.9588 0
      vertex -38.8978 -47.7765 0
    endloop
  endfacet
  facet normal 0 0 -1
    outer loop
      vertex -36.4071 47.4071 0
      vertex -38.1213 49.1213 0
      vertex -37.8263 49.3801 0
    endloop
  endfacet
  facet normal -0 0 -1
    outer loop
      vertex -36.6659 -46.9588 0
      vertex -38.9743 -47.3916 0
      vertex -36.6914 -46.8305 0
    endloop
  endfacet
  facet normal 0 0 -1
    outer loop
      vertex -36.4071 47.4071 0
      vertex -38.3801 48.8263 0
      vertex -38.1213 49.1213 0
    endloop
  endfacet
  facet normal 0 0 -1
    outer loop
      vertex -39 -47 0
      vertex -36.6914 -46.8305 0
      vertex -38.9743 -47.3916 0
    endloop
  endfacet
  facet normal 0 0 -1
    outer loop
      vertex -36.4934 47.3088 0
      vertex -38.5981 48.5 0
      vertex -38.3801 48.8263 0
    endloop
  endfacet
  facet normal -0 0 -1
    outer loop
      vertex -36.6914 -46.8305 0
      vertex -39 -47 0
      vertex -36.7 -46.7 0
    endloop
  endfacet
  facet normal 0 0 -1
    outer loop
      vertex -36.566 47.2 0
      vertex -38.7716 48.148 0
      vertex -38.5981 48.5 0
    endloop
  endfacet
  facet normal 0 0 -1
    outer loop
      vertex -36.6239 47.0827 0
      vertex -38.8978 47.7765 0
      vertex -38.7716 48.148 0
    endloop
  endfacet
  facet normal 0 0 -1
    outer loop
      vertex -36.6659 46.9588 0
      vertex -38.9743 47.3916 0
      vertex -38.8978 47.7765 0
    endloop
  endfacet
  facet normal 0 0 -1
    outer loop
      vertex -33.9271 46.0938 0
      vertex -34.1 46.1 0
      vertex -33.8958 46.1 0
    endloop
  endfacet
  facet normal 0 0 -1
    outer loop
      vertex -34.1314 46.0244 0
      vertex -34.1 46.1 0
      vertex -33.9271 46.0938 0
    endloop
  endfacet
  facet normal 0 0 -1
    outer loop
      vertex -34.1314 46.0244 0
      vertex -34.2305 46.0914 0
      vertex -34.1 46.1 0
    endloop
  endfacet
  facet normal 0 0 -1
    outer loop
      vertex -34.325 45.9289 0
      vertex -34.2305 46.0914 0
      vertex -34.1314 46.0244 0
    endloop
  endfacet
  facet normal 0 0 -1
    outer loop
      vertex -34.325 45.9289 0
      vertex -34.3588 46.0659 0
      vertex -34.2305 46.0914 0
    endloop
  endfacet
  facet normal 0 0 -1
    outer loop
      vertex -34.325 45.9289 0
      vertex -34.4827 46.0239 0
      vertex -34.3588 46.0659 0
    endloop
  endfacet
  facet normal 0 0 -1
    outer loop
      vertex -34.5045 45.809 0
      vertex -34.4827 46.0239 0
      vertex -34.325 45.9289 0
    endloop
  endfacet
  facet normal 0 0 -1
    outer loop
      vertex -34.5045 45.809 0
      vertex -34.6 45.966 0
      vertex -34.4827 46.0239 0
    endloop
  endfacet
  facet normal 0 0 -1
    outer loop
      vertex -34.7088 45.8934 0
      vertex -34.5045 45.809 0
      vertex -34.6667 45.6667 0
    endloop
  endfacet
  facet normal 0 0 -1
    outer loop
      vertex -34.5045 45.809 0
      vertex -34.7088 45.8934 0
      vertex -34.6 45.966 0
    endloop
  endfacet
  facet normal 0 0 -1
    outer loop
      vertex -34.6667 45.6667 0
      vertex -34.8071 45.8071 0
      vertex -34.7088 45.8934 0
    endloop
  endfacet
  facet normal 0 0 -1
    outer loop
      vertex -34.8934 45.7088 0
      vertex -34.6667 45.6667 0
      vertex -34.809 45.5045 0
    endloop
  endfacet
  facet normal 0 0 -1
    outer loop
      vertex -34.6667 45.6667 0
      vertex -34.8934 45.7088 0
      vertex -34.8071 45.8071 0
    endloop
  endfacet
  facet normal 0 0 -1
    outer loop
      vertex -35.0239 45.4827 0
      vertex -34.809 45.5045 0
      vertex -34.9289 45.325 0
    endloop
  endfacet
  facet normal 0 0 -1
    outer loop
      vertex -34.809 45.5045 0
      vertex -34.966 45.6 0
      vertex -34.8934 45.7088 0
    endloop
  endfacet
  facet normal -0 0 -1
    outer loop
      vertex -34.809 45.5045 0
      vertex -35.0239 45.4827 0
      vertex -34.966 45.6 0
    endloop
  endfacet
  facet normal 0 0 -1
    outer loop
      vertex -35.0914 45.2305 0
      vertex -34.9289 45.325 0
      vertex -35.0244 45.1314 0
    endloop
  endfacet
  facet normal 0 0 -1
    outer loop
      vertex -34.9289 45.325 0
      vertex -35.0659 45.3588 0
      vertex -35.0239 45.4827 0
    endloop
  endfacet
  facet normal -0 0 -1
    outer loop
      vertex -34.9289 45.325 0
      vertex -35.0914 45.2305 0
      vertex -35.0659 45.3588 0
    endloop
  endfacet
  facet normal 0 0 -1
    outer loop
      vertex -35.1 45.1 0
      vertex -35.0244 45.1314 0
      vertex -35.0938 44.9271 0
    endloop
  endfacet
  facet normal 0 0 -1
    outer loop
      vertex -35.1 45.1 0
      vertex -35.0938 44.9271 0
      vertex -35.1 44.8958 0
    endloop
  endfacet
  facet normal -0 0 -1
    outer loop
      vertex -35.0244 45.1314 0
      vertex -35.1 45.1 0
      vertex -35.0914 45.2305 0
    endloop
  endfacet
  facet normal 0 0 -1
    outer loop
      vertex -34.1 -46.1 0
      vertex -33.9271 -46.0938 0
      vertex -33.8958 -46.1 0
    endloop
  endfacet
  facet normal 0 0 -1
    outer loop
      vertex -34.1 -46.1 0
      vertex -34.1314 -46.0244 0
      vertex -33.9271 -46.0938 0
    endloop
  endfacet
  facet normal 0 0 -1
    outer loop
      vertex -34.2305 -46.0914 0
      vertex -34.1314 -46.0244 0
      vertex -34.1 -46.1 0
    endloop
  endfacet
  facet normal 0 0 -1
    outer loop
      vertex -34.2305 -46.0914 0
      vertex -34.325 -45.9289 0
      vertex -34.1314 -46.0244 0
    endloop
  endfacet
  facet normal 0 0 -1
    outer loop
      vertex -34.3588 -46.0659 0
      vertex -34.325 -45.9289 0
      vertex -34.2305 -46.0914 0
    endloop
  endfacet
  facet normal 0 0 -1
    outer loop
      vertex -34.4827 -46.0239 0
      vertex -34.325 -45.9289 0
      vertex -34.3588 -46.0659 0
    endloop
  endfacet
  facet normal 0 0 -1
    outer loop
      vertex -34.4827 -46.0239 0
      vertex -34.5045 -45.809 0
      vertex -34.325 -45.9289 0
    endloop
  endfacet
  facet normal 0 0 -1
    outer loop
      vertex -34.6 -45.966 0
      vertex -34.5045 -45.809 0
      vertex -34.4827 -46.0239 0
    endloop
  endfacet
  facet normal 0 0 -1
    outer loop
      vertex -34.7088 -45.8934 0
      vertex -34.5045 -45.809 0
      vertex -34.6 -45.966 0
    endloop
  endfacet
  facet normal -0 0 -1
    outer loop
      vertex -34.5045 -45.809 0
      vertex -34.7088 -45.8934 0
      vertex -34.6667 -45.6667 0
    endloop
  endfacet
  facet normal 0 0 -1
    outer loop
      vertex -34.8071 -45.8071 0
      vertex -34.6667 -45.6667 0
      vertex -34.7088 -45.8934 0
    endloop
  endfacet
  facet normal 0 0 -1
    outer loop
      vertex -34.8934 -45.7088 0
      vertex -34.6667 -45.6667 0
      vertex -34.8071 -45.8071 0
    endloop
  endfacet
  facet normal -0 0 -1
    outer loop
      vertex -34.6667 -45.6667 0
      vertex -34.8934 -45.7088 0
      vertex -34.809 -45.5045 0
    endloop
  endfacet
  facet normal 0 0 -1
    outer loop
      vertex -34.966 -45.6 0
      vertex -34.809 -45.5045 0
      vertex -34.8934 -45.7088 0
    endloop
  endfacet
  facet normal 0 0 -1
    outer loop
      vertex -35.0239 -45.4827 0
      vertex -34.809 -45.5045 0
      vertex -34.966 -45.6 0
    endloop
  endfacet
  facet normal 0 0 -1
    outer loop
      vertex -34.809 -45.5045 0
      vertex -35.0239 -45.4827 0
      vertex -34.9289 -45.325 0
    endloop
  endfacet
  facet normal 0 0 -1
    outer loop
      vertex -35.0659 -45.3588 0
      vertex -34.9289 -45.325 0
      vertex -35.0239 -45.4827 0
    endloop
  endfacet
  facet normal 0 0 -1
    outer loop
      vertex -35.0914 -45.2305 0
      vertex -34.9289 -45.325 0
      vertex -35.0659 -45.3588 0
    endloop
  endfacet
  facet normal 0 0 -1
    outer loop
      vertex -34.9289 -45.325 0
      vertex -35.0914 -45.2305 0
      vertex -35.0244 -45.1314 0
    endloop
  endfacet
  facet normal 0 0 -1
    outer loop
      vertex -35.1 -45.1 0
      vertex -35.0244 -45.1314 0
      vertex -35.0914 -45.2305 0
    endloop
  endfacet
  facet normal 0 0 -1
    outer loop
      vertex -35.0244 -45.1314 0
      vertex -35.1 -45.1 0
      vertex -35.0938 -44.9271 0
    endloop
  endfacet
  facet normal -0 0 -1
    outer loop
      vertex -35.0938 -44.9271 0
      vertex -35.1 -45.1 0
      vertex -35.1 -44.8958 0
    endloop
  endfacet
  facet normal 0 0 -1
    outer loop
      vertex 35.0938 44.9271 0
      vertex 35.1 45.1 0
      vertex 35.1 44.8958 0
    endloop
  endfacet
  facet normal 0 0 -1
    outer loop
      vertex 35.0244 45.1314 0
      vertex 35.1 45.1 0
      vertex 35.0938 44.9271 0
    endloop
  endfacet
  facet normal 0 0 -1
    outer loop
      vertex 35.1 45.1 0
      vertex 35.0244 45.1314 0
      vertex 35.0914 45.2305 0
    endloop
  endfacet
  facet normal 0 0 -1
    outer loop
      vertex 34.9289 45.325 0
      vertex 35.0914 45.2305 0
      vertex 35.0244 45.1314 0
    endloop
  endfacet
  facet normal 0 0 -1
    outer loop
      vertex 35.0914 45.2305 0
      vertex 34.9289 45.325 0
      vertex 35.0659 45.3588 0
    endloop
  endfacet
  facet normal -0 0 -1
    outer loop
      vertex 35.0659 45.3588 0
      vertex 34.9289 45.325 0
      vertex 35.0239 45.4827 0
    endloop
  endfacet
  facet normal 0 0 -1
    outer loop
      vertex 34.809 45.5045 0
      vertex 35.0239 45.4827 0
      vertex 34.9289 45.325 0
    endloop
  endfacet
  facet normal 0 0 -1
    outer loop
      vertex 35.0239 45.4827 0
      vertex 34.809 45.5045 0
      vertex 34.966 45.6 0
    endloop
  endfacet
  facet normal -0 0 -1
    outer loop
      vertex 34.966 45.6 0
      vertex 34.809 45.5045 0
      vertex 34.8934 45.7088 0
    endloop
  endfacet
  facet normal 0 0 -1
    outer loop
      vertex 34.6667 45.6667 0
      vertex 34.8934 45.7088 0
      vertex 34.809 45.5045 0
    endloop
  endfacet
  facet normal -0 0 -1
    outer loop
      vertex 34.8934 45.7088 0
      vertex 34.6667 45.6667 0
      vertex 34.8071 45.8071 0
    endloop
  endfacet
  facet normal -0 0 -1
    outer loop
      vertex 34.8071 45.8071 0
      vertex 34.6667 45.6667 0
      vertex 34.7088 45.8934 0
    endloop
  endfacet
  facet normal 0 0 -1
    outer loop
      vertex 34.5045 45.809 0
      vertex 34.7088 45.8934 0
      vertex 34.6667 45.6667 0
    endloop
  endfacet
  facet normal -0 0 -1
    outer loop
      vertex 34.7088 45.8934 0
      vertex 34.5045 45.809 0
      vertex 34.6 45.966 0
    endloop
  endfacet
  facet normal 0 0 -1
    outer loop
      vertex 34.5045 45.809 0
      vertex 34.4827 46.0239 0
      vertex 34.6 45.966 0
    endloop
  endfacet
  facet normal 0 0 -1
    outer loop
      vertex 34.325 45.9289 0
      vertex 34.4827 46.0239 0
      vertex 34.5045 45.809 0
    endloop
  endfacet
  facet normal -0 0 -1
    outer loop
      vertex 34.4827 46.0239 0
      vertex 34.325 45.9289 0
      vertex 34.3588 46.0659 0
    endloop
  endfacet
  facet normal 0 0 -1
    outer loop
      vertex 34.325 45.9289 0
      vertex 34.2305 46.0914 0
      vertex 34.3588 46.0659 0
    endloop
  endfacet
  facet normal 0 0 -1
    outer loop
      vertex 34.1314 46.0244 0
      vertex 34.2305 46.0914 0
      vertex 34.325 45.9289 0
    endloop
  endfacet
  facet normal 0 0 -1
    outer loop
      vertex 34.1314 46.0244 0
      vertex 34.1 46.1 0
      vertex 34.2305 46.0914 0
    endloop
  endfacet
  facet normal 0 0 -1
    outer loop
      vertex 33.9271 46.0938 0
      vertex 34.1 46.1 0
      vertex 34.1314 46.0244 0
    endloop
  endfacet
  facet normal -0 0 -1
    outer loop
      vertex 34.1 46.1 0
      vertex 33.9271 46.0938 0
      vertex 33.8958 46.1 0
    endloop
  endfacet
  facet normal 0 0 -1
    outer loop
      vertex 35.1 -45.1 0
      vertex 35.0938 -44.9271 0
      vertex 35.1 -44.8958 0
    endloop
  endfacet
  facet normal 0 0 -1
    outer loop
      vertex 35.0244 -45.1314 0
      vertex 35.1 -45.1 0
      vertex 35.0914 -45.2305 0
    endloop
  endfacet
  facet normal 0 0 -1
    outer loop
      vertex 34.9289 -45.325 0
      vertex 35.0914 -45.2305 0
      vertex 35.0659 -45.3588 0
    endloop
  endfacet
  facet normal -0 0 -1
    outer loop
      vertex 35.1 -45.1 0
      vertex 35.0244 -45.1314 0
      vertex 35.0938 -44.9271 0
    endloop
  endfacet
  facet normal 0 0 -1
    outer loop
      vertex 34.9289 -45.325 0
      vertex 35.0659 -45.3588 0
      vertex 35.0239 -45.4827 0
    endloop
  endfacet
  facet normal 0 0 -1
    outer loop
      vertex 34.809 -45.5045 0
      vertex 35.0239 -45.4827 0
      vertex 34.966 -45.6 0
    endloop
  endfacet
  facet normal -0 0 -1
    outer loop
      vertex 35.0914 -45.2305 0
      vertex 34.9289 -45.325 0
      vertex 35.0244 -45.1314 0
    endloop
  endfacet
  facet normal 0 0 -1
    outer loop
      vertex 34.809 -45.5045 0
      vertex 34.966 -45.6 0
      vertex 34.8934 -45.7088 0
    endloop
  endfacet
  facet normal -0 0 -1
    outer loop
      vertex 35.0239 -45.4827 0
      vertex 34.809 -45.5045 0
      vertex 34.9289 -45.325 0
    endloop
  endfacet
  facet normal 0 0 -1
    outer loop
      vertex 34.6667 -45.6667 0
      vertex 34.8934 -45.7088 0
      vertex 34.8071 -45.8071 0
    endloop
  endfacet
  facet normal 0 0 -1
    outer loop
      vertex 34.6667 -45.6667 0
      vertex 34.8071 -45.8071 0
      vertex 34.7088 -45.8934 0
    endloop
  endfacet
  facet normal 0 0 -1
    outer loop
      vertex 34.8934 -45.7088 0
      vertex 34.6667 -45.6667 0
      vertex 34.809 -45.5045 0
    endloop
  endfacet
  facet normal 0 0 -1
    outer loop
      vertex 34.5045 -45.809 0
      vertex 34.7088 -45.8934 0
      vertex 34.6 -45.966 0
    endloop
  endfacet
  facet normal 0 0 -1
    outer loop
      vertex 34.7088 -45.8934 0
      vertex 34.5045 -45.809 0
      vertex 34.6667 -45.6667 0
    endloop
  endfacet
  facet normal 0 0 -1
    outer loop
      vertex 34.4827 -46.0239 0
      vertex 34.5045 -45.809 0
      vertex 34.6 -45.966 0
    endloop
  endfacet
  facet normal 0 0 -1
    outer loop
      vertex 34.325 -45.9289 0
      vertex 34.4827 -46.0239 0
      vertex 34.3588 -46.0659 0
    endloop
  endfacet
  facet normal 0 0 -1
    outer loop
      vertex 34.4827 -46.0239 0
      vertex 34.325 -45.9289 0
      vertex 34.5045 -45.809 0
    endloop
  endfacet
  facet normal 0 0 -1
    outer loop
      vertex 34.2305 -46.0914 0
      vertex 34.325 -45.9289 0
      vertex 34.3588 -46.0659 0
    endloop
  endfacet
  facet normal 0 0 -1
    outer loop
      vertex 34.2305 -46.0914 0
      vertex 34.1314 -46.0244 0
      vertex 34.325 -45.9289 0
    endloop
  endfacet
  facet normal 0 0 -1
    outer loop
      vertex 34.1 -46.1 0
      vertex 34.1314 -46.0244 0
      vertex 34.2305 -46.0914 0
    endloop
  endfacet
  facet normal 0 0 -1
    outer loop
      vertex 34.1 -46.1 0
      vertex 33.9271 -46.0938 0
      vertex 34.1314 -46.0244 0
    endloop
  endfacet
  facet normal 0 -0 -1
    outer loop
      vertex 33.9271 -46.0938 0
      vertex 34.1 -46.1 0
      vertex 33.8958 -46.1 0
    endloop
  endfacet
  facet normal 0 0 -1
    outer loop
      vertex 35 -14 0
      vertex 35.1 -44.1042 0
      vertex 35.0938 -44.0729 0
    endloop
  endfacet
  facet normal 0 0 -1
    outer loop
      vertex 35.1 -44.1042 0
      vertex 35 -14 0
      vertex 35.1 44.1042 0
    endloop
  endfacet
  facet normal 0 0 -1
    outer loop
      vertex 35 -14 0
      vertex 35.0938 -44.0729 0
      vertex 35.0244 -43.8686 0
    endloop
  endfacet
  facet normal 0 0 -1
    outer loop
      vertex 35.1 44.1042 0
      vertex 35 -14 0
      vertex 35.0938 44.0729 0
    endloop
  endfacet
  facet normal 0 0 -1
    outer loop
      vertex 35 -14 0
      vertex 35.0244 -43.8686 0
      vertex 35 -43.8191 0
    endloop
  endfacet
  facet normal 0 0 -1
    outer loop
      vertex 35.0938 44.0729 0
      vertex 35 -14 0
      vertex 35.0244 43.8686 0
    endloop
  endfacet
  facet normal 0 0 -1
    outer loop
      vertex 35 -14 0
      vertex 34.9289 43.675 0
      vertex 35.0244 43.8686 0
    endloop
  endfacet
  facet normal 0 0 -1
    outer loop
      vertex 35 -14 0
      vertex 34.809 43.4955 0
      vertex 34.9289 43.675 0
    endloop
  endfacet
  facet normal 0 0 -1
    outer loop
      vertex 35 -14 0
      vertex 34.6667 43.3333 0
      vertex 34.809 43.4955 0
    endloop
  endfacet
  facet normal 0 0 -1
    outer loop
      vertex 35 -14 0
      vertex 34.5045 43.191 0
      vertex 34.6667 43.3333 0
    endloop
  endfacet
  facet normal 0 0 -1
    outer loop
      vertex 35 -14 0
      vertex 34.325 43.0711 0
      vertex 34.5045 43.191 0
    endloop
  endfacet
  facet normal 0 0 -1
    outer loop
      vertex 35 -14 0
      vertex 34.1314 42.9756 0
      vertex 34.325 43.0711 0
    endloop
  endfacet
  facet normal 0 0 -1
    outer loop
      vertex 35 -14 0
      vertex 33.9271 42.9062 0
      vertex 34.1314 42.9756 0
    endloop
  endfacet
  facet normal 0 0 -1
    outer loop
      vertex 12.304 20.6506 0
      vertex 33.9271 42.9062 0
      vertex 35 -14 0
    endloop
  endfacet
  facet normal 0 -0 -1
    outer loop
      vertex 12.3385 20.8238 0
      vertex 33.9271 42.9062 0
      vertex 12.304 20.6506 0
    endloop
  endfacet
  facet normal 0 0 -1
    outer loop
      vertex 33.9271 42.9062 0
      vertex 12.3385 20.8238 0
      vertex 33.7154 42.8641 0
    endloop
  endfacet
  facet normal 0 -0 -1
    outer loop
      vertex 12.35 21 0
      vertex 33.7154 42.8641 0
      vertex 12.3385 20.8238 0
    endloop
  endfacet
  facet normal 0 0 -1
    outer loop
      vertex 33.7154 42.8641 0
      vertex 12.35 21 0
      vertex 33.5 42.85 0
    endloop
  endfacet
  facet normal -0 0 -1
    outer loop
      vertex 33.5 42.85 0
      vertex 12.3385 21.1762 0
      vertex 33.2846 42.8641 0
    endloop
  endfacet
  facet normal 0 0 -1
    outer loop
      vertex 12.304 21.3494 0
      vertex 33.2846 42.8641 0
      vertex 12.3385 21.1762 0
    endloop
  endfacet
  facet normal -0 0 -1
    outer loop
      vertex 33.2846 42.8641 0
      vertex 12.304 21.3494 0
      vertex 33.0729 42.9062 0
    endloop
  endfacet
  facet normal 0 0 -1
    outer loop
      vertex 12.2472 21.5166 0
      vertex 33.0729 42.9062 0
      vertex 12.304 21.3494 0
    endloop
  endfacet
  facet normal -0 0 -1
    outer loop
      vertex 33.0729 42.9062 0
      vertex 12.2472 21.5166 0
      vertex 32.8686 42.9756 0
    endloop
  endfacet
  facet normal 0 0 -1
    outer loop
      vertex 12.1691 21.675 0
      vertex 32.8686 42.9756 0
      vertex 12.2472 21.5166 0
    endloop
  endfacet
  facet normal -0 0 -1
    outer loop
      vertex 32.8686 42.9756 0
      vertex 12.1691 21.675 0
      vertex 32.675 43.0711 0
    endloop
  endfacet
  facet normal 0 0 -1
    outer loop
      vertex 12.071 21.8218 0
      vertex 32.675 43.0711 0
      vertex 12.1691 21.675 0
    endloop
  endfacet
  facet normal -0 0 -1
    outer loop
      vertex 32.675 43.0711 0
      vertex 12.071 21.8218 0
      vertex 32.4955 43.191 0
    endloop
  endfacet
  facet normal 0 0 -1
    outer loop
      vertex 12.3385 -0.82379 0
      vertex 35 -14 0
      vertex 23 -14 0
    endloop
  endfacet
  facet normal 0 0 -1
    outer loop
      vertex 12.3385 21.1762 0
      vertex 33.5 42.85 0
      vertex 12.35 21 0
    endloop
  endfacet
  facet normal 0 0 -1
    outer loop
      vertex 12.3385 -0.82379 0
      vertex 23 -14 0
      vertex 12.35 -1 0
    endloop
  endfacet
  facet normal 0 0 -1
    outer loop
      vertex 35 -14 0
      vertex 12.3385 -0.82379 0
      vertex 12.304 -0.650594 0
    endloop
  endfacet
  facet normal 0 0 -1
    outer loop
      vertex 35 -14 0
      vertex 12.304 -0.650594 0
      vertex 12.2472 -0.483377 0
    endloop
  endfacet
  facet normal 0 0 -1
    outer loop
      vertex 11.9546 21.9546 0
      vertex 32.4955 43.191 0
      vertex 12.071 21.8218 0
    endloop
  endfacet
  facet normal -0 0 -1
    outer loop
      vertex 32.191 43.4955 0
      vertex 11.675 22.1691 0
      vertex 32.0711 43.675 0
    endloop
  endfacet
  facet normal 0 0 -1
    outer loop
      vertex 11.5166 22.2472 0
      vertex 32.0711 43.675 0
      vertex 11.675 22.1691 0
    endloop
  endfacet
  facet normal -0 0 -1
    outer loop
      vertex 32.0711 43.675 0
      vertex 11.5166 22.2472 0
      vertex 31.9756 43.8686 0
    endloop
  endfacet
  facet normal 0 0 -1
    outer loop
      vertex 11.3494 22.304 0
      vertex 31.9756 43.8686 0
      vertex 11.5166 22.2472 0
    endloop
  endfacet
  facet normal -0 0 -1
    outer loop
      vertex 31.9756 43.8686 0
      vertex 11.3494 22.304 0
      vertex 31.9062 44.0729 0
    endloop
  endfacet
  facet normal 0 0 -1
    outer loop
      vertex 11.1762 22.3385 0
      vertex 31.9062 44.0729 0
      vertex 11.3494 22.304 0
    endloop
  endfacet
  facet normal -0 0 -1
    outer loop
      vertex 31.9062 44.0729 0
      vertex 11.1762 22.3385 0
      vertex 31.8641 44.2846 0
    endloop
  endfacet
  facet normal 0 0 -1
    outer loop
      vertex 11 22.35 0
      vertex 31.8641 44.2846 0
      vertex 11.1762 22.3385 0
    endloop
  endfacet
  facet normal -0 0 -1
    outer loop
      vertex 31.8641 44.2846 0
      vertex 11 22.35 0
      vertex 31.85 44.5 0
    endloop
  endfacet
  facet normal 0 0 -1
    outer loop
      vertex 10.8238 22.3385 0
      vertex 31.85 44.5 0
      vertex 11 22.35 0
    endloop
  endfacet
  facet normal -0 0 -1
    outer loop
      vertex 31.85 44.5 0
      vertex 10.8238 22.3385 0
      vertex 31.8641 44.7154 0
    endloop
  endfacet
  facet normal 0 0 -1
    outer loop
      vertex 10.6506 22.304 0
      vertex 31.8641 44.7154 0
      vertex 10.8238 22.3385 0
    endloop
  endfacet
  facet normal 0 0 -1
    outer loop
      vertex 0.522104 21.9658 0
      vertex 31.8641 44.7154 0
      vertex 10.6506 22.304 0
    endloop
  endfacet
  facet normal -0 0 -1
    outer loop
      vertex 31.8641 44.7154 0
      vertex 0.522104 21.9658 0
      vertex 31.9062 44.9271 0
    endloop
  endfacet
  facet normal 0 0 -1
    outer loop
      vertex 0 22 0
      vertex 31.9062 44.9271 0
      vertex 0.522104 21.9658 0
    endloop
  endfacet
  facet normal -0 0 -1
    outer loop
      vertex 31.9062 44.9271 0
      vertex 0 22 0
      vertex 31.9756 45.1314 0
    endloop
  endfacet
  facet normal 0 0 -1
    outer loop
      vertex -31.9062 44.9271 0
      vertex 31.9756 45.1314 0
      vertex 0 22 0
    endloop
  endfacet
  facet normal 0 0 -1
    outer loop
      vertex 1.03528 21.8637 0
      vertex 10.6506 22.304 0
      vertex 10.4834 22.2472 0
    endloop
  endfacet
  facet normal 0 0 -1
    outer loop
      vertex 1.53073 21.6955 0
      vertex 10.4834 22.2472 0
      vertex 10.325 22.1691 0
    endloop
  endfacet
  facet normal 0 0 -1
    outer loop
      vertex 1.53073 21.6955 0
      vertex 10.325 22.1691 0
      vertex 10.1782 22.071 0
    endloop
  endfacet
  facet normal 0 0 -1
    outer loop
      vertex 2 21.4641 0
      vertex 10.1782 22.071 0
      vertex 10.0454 21.9546 0
    endloop
  endfacet
  facet normal -0 0 -1
    outer loop
      vertex 9.696 20.6506 0
      vertex 3.8637 19.0353 0
      vertex 9.66155 20.8238 0
    endloop
  endfacet
  facet normal 0 0 -1
    outer loop
      vertex 3.69552 19.5307 0
      vertex 9.66155 20.8238 0
      vertex 3.8637 19.0353 0
    endloop
  endfacet
  facet normal -0 0 -1
    outer loop
      vertex 9.66155 20.8238 0
      vertex 3.69552 19.5307 0
      vertex 9.65 21 0
    endloop
  endfacet
  facet normal 0 0 -1
    outer loop
      vertex 3.4641 20 0
      vertex 9.65 21 0
      vertex 3.69552 19.5307 0
    endloop
  endfacet
  facet normal -0 0 -1
    outer loop
      vertex 9.65 21 0
      vertex 3.4641 20 0
      vertex 9.66155 21.1762 0
    endloop
  endfacet
  facet normal -0 0 -1
    outer loop
      vertex 9.66155 21.1762 0
      vertex 3.4641 20 0
      vertex 9.696 21.3494 0
    endloop
  endfacet
  facet normal 0 0 -1
    outer loop
      vertex 3.17341 20.435 0
      vertex 9.696 21.3494 0
      vertex 3.4641 20 0
    endloop
  endfacet
  facet normal -0 0 -1
    outer loop
      vertex 9.696 21.3494 0
      vertex 3.17341 20.435 0
      vertex 9.75276 21.5166 0
    endloop
  endfacet
  facet normal 0 0 -1
    outer loop
      vertex 2.82843 20.8284 0
      vertex 9.75276 21.5166 0
      vertex 3.17341 20.435 0
    endloop
  endfacet
  facet normal -0 0 -1
    outer loop
      vertex 9.75276 21.5166 0
      vertex 2.82843 20.8284 0
      vertex 9.83086 21.675 0
    endloop
  endfacet
  facet normal -0 0 -1
    outer loop
      vertex 9.83086 21.675 0
      vertex 2.82843 20.8284 0
      vertex 9.92897 21.8218 0
    endloop
  endfacet
  facet normal 0 0 -1
    outer loop
      vertex 2.43505 21.1734 0
      vertex 9.92897 21.8218 0
      vertex 2.82843 20.8284 0
    endloop
  endfacet
  facet normal -0 0 -1
    outer loop
      vertex 9.92897 21.8218 0
      vertex 2.43505 21.1734 0
      vertex 10.0454 21.9546 0
    endloop
  endfacet
  facet normal 0 0 -1
    outer loop
      vertex 2 21.4641 0
      vertex 10.0454 21.9546 0
      vertex 2.43505 21.1734 0
    endloop
  endfacet
  facet normal 0 0 -1
    outer loop
      vertex 10.1782 22.071 0
      vertex 2 21.4641 0
      vertex 1.53073 21.6955 0
    endloop
  endfacet
  facet normal 0 0 -1
    outer loop
      vertex 10.4834 22.2472 0
      vertex 1.53073 21.6955 0
      vertex 1.03528 21.8637 0
    endloop
  endfacet
  facet normal 0 0 -1
    outer loop
      vertex 10.6506 22.304 0
      vertex 1.03528 21.8637 0
      vertex 0.522104 21.9658 0
    endloop
  endfacet
  facet normal 0 0 -1
    outer loop
      vertex -31.9756 45.1314 0
      vertex 31.9756 45.1314 0
      vertex -31.9062 44.9271 0
    endloop
  endfacet
  facet normal 0 0 -1
    outer loop
      vertex 31.9756 45.1314 0
      vertex -31.9756 45.1314 0
      vertex 32.0711 45.325 0
    endloop
  endfacet
  facet normal 0 0 -1
    outer loop
      vertex -32.0711 45.325 0
      vertex 32.0711 45.325 0
      vertex -31.9756 45.1314 0
    endloop
  endfacet
  facet normal 0 0 -1
    outer loop
      vertex -31.9062 44.9271 0
      vertex 0 22 0
      vertex -0.522104 21.9658 0
    endloop
  endfacet
  facet normal 0 0 -1
    outer loop
      vertex -10.6506 22.304 0
      vertex -0.522104 21.9658 0
      vertex -1.03528 21.8637 0
    endloop
  endfacet
  facet normal 0 0 -1
    outer loop
      vertex -10.4834 22.2472 0
      vertex -1.03528 21.8637 0
      vertex -1.53073 21.6955 0
    endloop
  endfacet
  facet normal 0 0 -1
    outer loop
      vertex -10.325 22.1691 0
      vertex -1.53073 21.6955 0
      vertex -2 21.4641 0
    endloop
  endfacet
  facet normal 0 0 -1
    outer loop
      vertex -10.0454 21.9546 0
      vertex -2 21.4641 0
      vertex -2.43505 21.1734 0
    endloop
  endfacet
  facet normal 0 0 -1
    outer loop
      vertex -10.4834 0.247237 0
      vertex -2 14.5359 0
      vertex -10.325 0.169134 0
    endloop
  endfacet
  facet normal -0 0 -1
    outer loop
      vertex -2 14.5359 0
      vertex -10.4834 0.247237 0
      vertex -2.43505 14.8266 0
    endloop
  endfacet
  facet normal 0 0 -1
    outer loop
      vertex -10.6506 0.303999 0
      vertex -2.43505 14.8266 0
      vertex -10.4834 0.247237 0
    endloop
  endfacet
  facet normal 0 0 -1
    outer loop
      vertex -9.66155 20.8238 0
      vertex -3.69552 19.5307 0
      vertex -3.8637 19.0353 0
    endloop
  endfacet
  facet normal 0 0 -1
    outer loop
      vertex -9.65 21 0
      vertex -3.4641 20 0
      vertex -3.69552 19.5307 0
    endloop
  endfacet
  facet normal 0 0 -1
    outer loop
      vertex -9.66155 21.1762 0
      vertex -3.4641 20 0
      vertex -9.65 21 0
    endloop
  endfacet
  facet normal 0 0 -1
    outer loop
      vertex -9.696 21.3494 0
      vertex -3.4641 20 0
      vertex -9.66155 21.1762 0
    endloop
  endfacet
  facet normal 0 0 -1
    outer loop
      vertex -3.4641 20 0
      vertex -9.696 21.3494 0
      vertex -3.17341 20.435 0
    endloop
  endfacet
  facet normal 0 0 -1
    outer loop
      vertex -9.75276 21.5166 0
      vertex -3.17341 20.435 0
      vertex -9.696 21.3494 0
    endloop
  endfacet
  facet normal 0 0 -1
    outer loop
      vertex -3.17341 20.435 0
      vertex -9.75276 21.5166 0
      vertex -2.82843 20.8284 0
    endloop
  endfacet
  facet normal 0 0 -1
    outer loop
      vertex -9.83086 21.675 0
      vertex -2.82843 20.8284 0
      vertex -9.75276 21.5166 0
    endloop
  endfacet
  facet normal 0 0 -1
    outer loop
      vertex -9.92897 21.8218 0
      vertex -2.82843 20.8284 0
      vertex -9.83086 21.675 0
    endloop
  endfacet
  facet normal 0 0 -1
    outer loop
      vertex -2.82843 20.8284 0
      vertex -9.92897 21.8218 0
      vertex -2.43505 21.1734 0
    endloop
  endfacet
  facet normal 0 0 -1
    outer loop
      vertex -10.0454 21.9546 0
      vertex -2.43505 21.1734 0
      vertex -9.92897 21.8218 0
    endloop
  endfacet
  facet normal 0 0 -1
    outer loop
      vertex -2 21.4641 0
      vertex -10.0454 21.9546 0
      vertex -10.1782 22.071 0
    endloop
  endfacet
  facet normal 0 0 -1
    outer loop
      vertex -2 21.4641 0
      vertex -10.1782 22.071 0
      vertex -10.325 22.1691 0
    endloop
  endfacet
  facet normal 0 0 -1
    outer loop
      vertex -1.53073 21.6955 0
      vertex -10.325 22.1691 0
      vertex -10.4834 22.2472 0
    endloop
  endfacet
  facet normal 0 0 -1
    outer loop
      vertex -1.03528 21.8637 0
      vertex -10.4834 22.2472 0
      vertex -10.6506 22.304 0
    endloop
  endfacet
  facet normal 0 0 -1
    outer loop
      vertex -0.522104 21.9658 0
      vertex -10.6506 22.304 0
      vertex -31.8641 44.7154 0
    endloop
  endfacet
  facet normal 0 0 -1
    outer loop
      vertex 32.0711 45.325 0
      vertex -32.0711 45.325 0
      vertex 32.191 45.5045 0
    endloop
  endfacet
  facet normal 0 0 -1
    outer loop
      vertex -31.8641 44.7154 0
      vertex -10.6506 22.304 0
      vertex -10.8238 22.3385 0
    endloop
  endfacet
  facet normal 0 0 -1
    outer loop
      vertex -31.85 44.5 0
      vertex -10.8238 22.3385 0
      vertex -11 22.35 0
    endloop
  endfacet
  facet normal 0 0 -1
    outer loop
      vertex -31.8641 44.2846 0
      vertex -11 22.35 0
      vertex -11.1762 22.3385 0
    endloop
  endfacet
  facet normal 0 0 -1
    outer loop
      vertex -31.8641 44.2846 0
      vertex -11.1762 22.3385 0
      vertex -11.3494 22.304 0
    endloop
  endfacet
  facet normal 0 0 -1
    outer loop
      vertex -31.8641 44.2846 0
      vertex -11.3494 22.304 0
      vertex -11.5166 22.2472 0
    endloop
  endfacet
  facet normal 0 0 -1
    outer loop
      vertex -31.8641 44.2846 0
      vertex -11.5166 22.2472 0
      vertex -11.675 22.1691 0
    endloop
  endfacet
  facet normal -0 0 -1
    outer loop
      vertex -11.8218 -2.07103 0
      vertex -33.0729 -42.9062 0
      vertex -11.9546 -1.95459 0
    endloop
  endfacet
  facet normal 0 0 -1
    outer loop
      vertex -33.2846 -42.8641 0
      vertex -11.9546 -1.95459 0
      vertex -33.0729 -42.9062 0
    endloop
  endfacet
  facet normal -0 0 -1
    outer loop
      vertex -11.9546 -1.95459 0
      vertex -33.2846 -42.8641 0
      vertex -12.071 -1.82183 0
    endloop
  endfacet
  facet normal 0 0 -1
    outer loop
      vertex -31.8641 44.2846 0
      vertex -12.2472 21.5166 0
      vertex -12.304 21.3494 0
    endloop
  endfacet
  facet normal 0 0 -1
    outer loop
      vertex -31.8641 44.2846 0
      vertex -12.1691 21.675 0
      vertex -12.2472 21.5166 0
    endloop
  endfacet
  facet normal 0 0 -1
    outer loop
      vertex -31.8641 44.2846 0
      vertex -12.071 21.8218 0
      vertex -12.1691 21.675 0
    endloop
  endfacet
  facet normal 0 0 -1
    outer loop
      vertex -31.8641 44.2846 0
      vertex -11.9546 21.9546 0
      vertex -12.071 21.8218 0
    endloop
  endfacet
  facet normal 0 0 -1
    outer loop
      vertex -31.8641 44.2846 0
      vertex -11.8218 22.071 0
      vertex -11.9546 21.9546 0
    endloop
  endfacet
  facet normal 0 0 -1
    outer loop
      vertex -31.8641 44.2846 0
      vertex -11.675 22.1691 0
      vertex -11.8218 22.071 0
    endloop
  endfacet
  facet normal 0 0 -1
    outer loop
      vertex -10.8238 22.3385 0
      vertex -31.85 44.5 0
      vertex -31.8641 44.7154 0
    endloop
  endfacet
  facet normal 0 0 -1
    outer loop
      vertex -0.522104 21.9658 0
      vertex -31.8641 44.7154 0
      vertex -31.9062 44.9271 0
    endloop
  endfacet
  facet normal 0 0 -1
    outer loop
      vertex -32.191 45.5045 0
      vertex 32.191 45.5045 0
      vertex -32.0711 45.325 0
    endloop
  endfacet
  facet normal 0 0 -1
    outer loop
      vertex 32.191 45.5045 0
      vertex -32.191 45.5045 0
      vertex 32.3333 45.6667 0
    endloop
  endfacet
  facet normal 0 0 -1
    outer loop
      vertex -32.3333 45.6667 0
      vertex 32.3333 45.6667 0
      vertex -32.191 45.5045 0
    endloop
  endfacet
  facet normal 0 0 -1
    outer loop
      vertex 32.3333 45.6667 0
      vertex -32.3333 45.6667 0
      vertex 32.4955 45.809 0
    endloop
  endfacet
  facet normal 0 0 -1
    outer loop
      vertex -32.4955 45.809 0
      vertex 32.4955 45.809 0
      vertex -32.3333 45.6667 0
    endloop
  endfacet
  facet normal 0 0 -1
    outer loop
      vertex 32.4955 45.809 0
      vertex -32.4955 45.809 0
      vertex 32.675 45.9289 0
    endloop
  endfacet
  facet normal 0 0 -1
    outer loop
      vertex -32.675 45.9289 0
      vertex 32.675 45.9289 0
      vertex -32.4955 45.809 0
    endloop
  endfacet
  facet normal 0 0 -1
    outer loop
      vertex 32.675 45.9289 0
      vertex -32.675 45.9289 0
      vertex 32.8686 46.0244 0
    endloop
  endfacet
  facet normal 0 0 -1
    outer loop
      vertex -32.8686 46.0244 0
      vertex 32.8686 46.0244 0
      vertex -32.675 45.9289 0
    endloop
  endfacet
  facet normal 0 0 -1
    outer loop
      vertex 32.8686 46.0244 0
      vertex -32.8686 46.0244 0
      vertex 33.0729 46.0938 0
    endloop
  endfacet
  facet normal 0 0 -1
    outer loop
      vertex -33.0729 46.0938 0
      vertex 33.0729 46.0938 0
      vertex -32.8686 46.0244 0
    endloop
  endfacet
  facet normal 0 0 -1
    outer loop
      vertex 33.0729 46.0938 0
      vertex -33.0729 46.0938 0
      vertex 33.1042 46.1 0
    endloop
  endfacet
  facet normal -0 0 -1
    outer loop
      vertex 33.1042 46.1 0
      vertex -33.0729 46.0938 0
      vertex -33.1042 46.1 0
    endloop
  endfacet
  facet normal 0 0 -1
    outer loop
      vertex -33.5 -42.85 0
      vertex -12.071 -1.82183 0
      vertex -33.2846 -42.8641 0
    endloop
  endfacet
  facet normal 0 0 -1
    outer loop
      vertex -11 22.35 0
      vertex -31.8641 44.2846 0
      vertex -31.85 44.5 0
    endloop
  endfacet
  facet normal -0 0 -1
    outer loop
      vertex -12.071 -1.82183 0
      vertex -33.5 -42.85 0
      vertex -12.1691 -1.675 0
    endloop
  endfacet
  facet normal 0 0 -1
    outer loop
      vertex -12.304 21.3494 0
      vertex -31.9062 44.0729 0
      vertex -31.8641 44.2846 0
    endloop
  endfacet
  facet normal 0 0 -1
    outer loop
      vertex -33.7154 -42.8641 0
      vertex -12.1691 -1.675 0
      vertex -33.5 -42.85 0
    endloop
  endfacet
  facet normal 0 0 -1
    outer loop
      vertex -12.304 21.3494 0
      vertex -31.9756 43.8686 0
      vertex -31.9062 44.0729 0
    endloop
  endfacet
  facet normal -0 0 -1
    outer loop
      vertex -12.1691 -1.675 0
      vertex -33.7154 -42.8641 0
      vertex -12.2472 -1.51662 0
    endloop
  endfacet
  facet normal 0 0 -1
    outer loop
      vertex -12.304 21.3494 0
      vertex -32.0711 43.675 0
      vertex -31.9756 43.8686 0
    endloop
  endfacet
  facet normal 0 0 -1
    outer loop
      vertex -33.9271 -42.9062 0
      vertex -12.2472 -1.51662 0
      vertex -33.7154 -42.8641 0
    endloop
  endfacet
  facet normal 0 0 -1
    outer loop
      vertex -12.304 21.3494 0
      vertex -32.191 43.4955 0
      vertex -32.0711 43.675 0
    endloop
  endfacet
  facet normal -0 0 -1
    outer loop
      vertex -12.2472 -1.51662 0
      vertex -33.9271 -42.9062 0
      vertex -12.304 -1.34941 0
    endloop
  endfacet
  facet normal 0 0 -1
    outer loop
      vertex -12.304 21.3494 0
      vertex -32.3333 43.3333 0
      vertex -32.191 43.4955 0
    endloop
  endfacet
  facet normal 0 0 -1
    outer loop
      vertex -34.1314 -42.9756 0
      vertex -12.304 -1.34941 0
      vertex -33.9271 -42.9062 0
    endloop
  endfacet
  facet normal 0 0 -1
    outer loop
      vertex -12.304 21.3494 0
      vertex -32.4955 43.191 0
      vertex -32.3333 43.3333 0
    endloop
  endfacet
  facet normal -0 0 -1
    outer loop
      vertex -12.304 -1.34941 0
      vertex -34.1314 -42.9756 0
      vertex -12.3385 -1.17621 0
    endloop
  endfacet
  facet normal 0 0 -1
    outer loop
      vertex -12.304 21.3494 0
      vertex -32.675 43.0711 0
      vertex -32.4955 43.191 0
    endloop
  endfacet
  facet normal 0 0 -1
    outer loop
      vertex -34.325 -43.0711 0
      vertex -12.3385 -1.17621 0
      vertex -34.1314 -42.9756 0
    endloop
  endfacet
  facet normal 0 0 -1
    outer loop
      vertex -12.304 21.3494 0
      vertex -32.8686 42.9756 0
      vertex -32.675 43.0711 0
    endloop
  endfacet
  facet normal -0 0 -1
    outer loop
      vertex -12.3385 -1.17621 0
      vertex -34.325 -43.0711 0
      vertex -12.35 -1 0
    endloop
  endfacet
  facet normal 0 0 -1
    outer loop
      vertex -12.304 21.3494 0
      vertex -33.0729 42.9062 0
      vertex -32.8686 42.9756 0
    endloop
  endfacet
  facet normal 0 0 -1
    outer loop
      vertex -34.5045 -43.191 0
      vertex -12.35 -1 0
      vertex -34.325 -43.0711 0
    endloop
  endfacet
  facet normal 0 0 -1
    outer loop
      vertex -12.304 21.3494 0
      vertex -33.2846 42.8641 0
      vertex -33.0729 42.9062 0
    endloop
  endfacet
  facet normal 0 0 -1
    outer loop
      vertex -12.3385 -0.82379 0
      vertex -34.1314 42.9756 0
      vertex -12.3385 20.8238 0
    endloop
  endfacet
  facet normal 0 0 -1
    outer loop
      vertex -12.3385 21.1762 0
      vertex -33.2846 42.8641 0
      vertex -12.304 21.3494 0
    endloop
  endfacet
  facet normal -0 -0 -1
    outer loop
      vertex -33.9271 42.9062 0
      vertex -12.3385 20.8238 0
      vertex -34.1314 42.9756 0
    endloop
  endfacet
  facet normal 0 -0 -1
    outer loop
      vertex -33.2846 42.8641 0
      vertex -12.3385 21.1762 0
      vertex -33.5 42.85 0
    endloop
  endfacet
  facet normal -0 -0 -1
    outer loop
      vertex -33.7154 42.8641 0
      vertex -12.3385 20.8238 0
      vertex -33.9271 42.9062 0
    endloop
  endfacet
  facet normal 0 0 -1
    outer loop
      vertex -12.35 21 0
      vertex -33.5 42.85 0
      vertex -12.3385 21.1762 0
    endloop
  endfacet
  facet normal 0 0 -1
    outer loop
      vertex -12.3385 20.8238 0
      vertex -33.7154 42.8641 0
      vertex -12.35 21 0
    endloop
  endfacet
  facet normal -0 -0 -1
    outer loop
      vertex -33.5 42.85 0
      vertex -12.35 21 0
      vertex -33.7154 42.8641 0
    endloop
  endfacet
  facet normal 0 0 -1
    outer loop
      vertex -34.5045 43.191 0
      vertex -12.35 -1 0
      vertex -34.5045 -43.191 0
    endloop
  endfacet
  facet normal 0 0 -1
    outer loop
      vertex -12.3385 -0.82379 0
      vertex -34.325 43.0711 0
      vertex -34.1314 42.9756 0
    endloop
  endfacet
  facet normal -0 -0 -1
    outer loop
      vertex -34.325 43.0711 0
      vertex -12.35 -1 0
      vertex -34.5045 43.191 0
    endloop
  endfacet
  facet normal 0 0 -1
    outer loop
      vertex -12.35 -1 0
      vertex -34.325 43.0711 0
      vertex -12.3385 -0.82379 0
    endloop
  endfacet
  facet normal 0 0 -1
    outer loop
      vertex -34.6667 -43.3333 0
      vertex -34.5045 43.191 0
      vertex -34.5045 -43.191 0
    endloop
  endfacet
  facet normal 0 0 -1
    outer loop
      vertex -34.6667 -43.3333 0
      vertex -34.6667 43.3333 0
      vertex -34.5045 43.191 0
    endloop
  endfacet
  facet normal 0 0 -1
    outer loop
      vertex -34.809 -43.4955 0
      vertex -34.6667 43.3333 0
      vertex -34.6667 -43.3333 0
    endloop
  endfacet
  facet normal 0 0 -1
    outer loop
      vertex -34.809 -43.4955 0
      vertex -34.809 43.4955 0
      vertex -34.6667 43.3333 0
    endloop
  endfacet
  facet normal 0 0 -1
    outer loop
      vertex -34.9289 -43.675 0
      vertex -34.809 43.4955 0
      vertex -34.809 -43.4955 0
    endloop
  endfacet
  facet normal 0 0 -1
    outer loop
      vertex -34.9289 -43.675 0
      vertex -34.9289 43.675 0
      vertex -34.809 43.4955 0
    endloop
  endfacet
  facet normal 0 0 -1
    outer loop
      vertex -35.0244 -43.8686 0
      vertex -34.9289 43.675 0
      vertex -34.9289 -43.675 0
    endloop
  endfacet
  facet normal 0 0 -1
    outer loop
      vertex -35.0244 -43.8686 0
      vertex -35.0244 43.8686 0
      vertex -34.9289 43.675 0
    endloop
  endfacet
  facet normal 0 0 -1
    outer loop
      vertex -35.0938 -44.0729 0
      vertex -35.0244 43.8686 0
      vertex -35.0244 -43.8686 0
    endloop
  endfacet
  facet normal 0 0 -1
    outer loop
      vertex -35.0938 -44.0729 0
      vertex -35.0938 44.0729 0
      vertex -35.0244 43.8686 0
    endloop
  endfacet
  facet normal 0 0 -1
    outer loop
      vertex -35.1 -44.1042 0
      vertex -35.0938 44.0729 0
      vertex -35.0938 -44.0729 0
    endloop
  endfacet
  facet normal -0 0 -1
    outer loop
      vertex -35.0938 44.0729 0
      vertex -35.1 -44.1042 0
      vertex -35.1 44.1042 0
    endloop
  endfacet
  facet normal -0 0 -1
    outer loop
      vertex -2.43505 14.8266 0
      vertex -10.6506 0.303999 0
      vertex -2.82843 15.1716 0
    endloop
  endfacet
  facet normal 0 0 -1
    outer loop
      vertex -3.69552 19.5307 0
      vertex -9.66155 20.8238 0
      vertex -9.65 21 0
    endloop
  endfacet
  facet normal 0 0 -1
    outer loop
      vertex -10.8238 0.33845 0
      vertex -2.82843 15.1716 0
      vertex -10.6506 0.303999 0
    endloop
  endfacet
  facet normal 0 0 -1
    outer loop
      vertex -3.8637 19.0353 0
      vertex -9.696 20.6506 0
      vertex -9.66155 20.8238 0
    endloop
  endfacet
  facet normal -0 0 -1
    outer loop
      vertex -2.82843 15.1716 0
      vertex -10.8238 0.33845 0
      vertex -3.17341 15.565 0
    endloop
  endfacet
  facet normal 0 0 -1
    outer loop
      vertex -3.8637 19.0353 0
      vertex -9.75276 20.4834 0
      vertex -9.696 20.6506 0
    endloop
  endfacet
  facet normal 0 0 -1
    outer loop
      vertex -11 0.349999 0
      vertex -3.17341 15.565 0
      vertex -10.8238 0.33845 0
    endloop
  endfacet
  facet normal 0 0 -1
    outer loop
      vertex -3.96578 18.5221 0
      vertex -9.75276 20.4834 0
      vertex -3.8637 19.0353 0
    endloop
  endfacet
  facet normal 0 0 -1
    outer loop
      vertex -11 19.65 0
      vertex -3.17341 15.565 0
      vertex -11 0.349999 0
    endloop
  endfacet
  facet normal 0 -0 -1
    outer loop
      vertex -9.75276 20.4834 0
      vertex -3.96578 18.5221 0
      vertex -9.83086 20.325 0
    endloop
  endfacet
  facet normal 0 0 -1
    outer loop
      vertex -3.17341 15.565 0
      vertex -11 19.65 0
      vertex -3.4641 16 0
    endloop
  endfacet
  facet normal 0 -0 -1
    outer loop
      vertex -9.83086 20.325 0
      vertex -3.96578 18.5221 0
      vertex -9.92897 20.1782 0
    endloop
  endfacet
  facet normal 0 -0 -1
    outer loop
      vertex -10.8238 19.6615 0
      vertex -3.4641 16 0
      vertex -11 19.65 0
    endloop
  endfacet
  facet normal 0 0 -1
    outer loop
      vertex -4 18 0
      vertex -9.92897 20.1782 0
      vertex -3.96578 18.5221 0
    endloop
  endfacet
  facet normal 0 -0 -1
    outer loop
      vertex -10.4834 19.7528 0
      vertex -3.69552 16.4693 0
      vertex -10.6506 19.696 0
    endloop
  endfacet
  facet normal 0 -0 -1
    outer loop
      vertex -9.92897 20.1782 0
      vertex -4 18 0
      vertex -10.0454 20.0454 0
    endloop
  endfacet
  facet normal 0 0 -1
    outer loop
      vertex -3.8637 16.9647 0
      vertex -10.325 19.8309 0
      vertex -3.96578 17.4779 0
    endloop
  endfacet
  facet normal 0 0 -1
    outer loop
      vertex -3.96578 17.4779 0
      vertex -10.0454 20.0454 0
      vertex -4 18 0
    endloop
  endfacet
  facet normal 0 -0 -1
    outer loop
      vertex -10.1782 19.929 0
      vertex -3.96578 17.4779 0
      vertex -10.325 19.8309 0
    endloop
  endfacet
  facet normal 0 -0 -1
    outer loop
      vertex -10.0454 20.0454 0
      vertex -3.96578 17.4779 0
      vertex -10.1782 19.929 0
    endloop
  endfacet
  facet normal 0 0 -1
    outer loop
      vertex -3.69552 16.4693 0
      vertex -10.4834 19.7528 0
      vertex -3.8637 16.9647 0
    endloop
  endfacet
  facet normal 0 -0 -1
    outer loop
      vertex -10.325 19.8309 0
      vertex -3.8637 16.9647 0
      vertex -10.4834 19.7528 0
    endloop
  endfacet
  facet normal 0 -0 -1
    outer loop
      vertex -10.6506 19.696 0
      vertex -3.4641 16 0
      vertex -10.8238 19.6615 0
    endloop
  endfacet
  facet normal 0 0 -1
    outer loop
      vertex -3.4641 16 0
      vertex -10.6506 19.696 0
      vertex -3.69552 16.4693 0
    endloop
  endfacet
  facet normal 0 0 -1
    outer loop
      vertex -11.1762 0.33845 0
      vertex -11 19.65 0
      vertex -11 0.349999 0
    endloop
  endfacet
  facet normal 0 0 -1
    outer loop
      vertex -11.1762 0.33845 0
      vertex -11.1762 19.6615 0
      vertex -11 19.65 0
    endloop
  endfacet
  facet normal 0 0 -1
    outer loop
      vertex -11.3494 0.303999 0
      vertex -11.1762 19.6615 0
      vertex -11.1762 0.33845 0
    endloop
  endfacet
  facet normal 0 0 -1
    outer loop
      vertex -11.3494 0.303999 0
      vertex -11.3494 19.696 0
      vertex -11.1762 19.6615 0
    endloop
  endfacet
  facet normal 0 0 -1
    outer loop
      vertex -11.5166 0.247237 0
      vertex -11.3494 19.696 0
      vertex -11.3494 0.303999 0
    endloop
  endfacet
  facet normal 0 0 -1
    outer loop
      vertex -11.5166 0.247237 0
      vertex -11.5166 19.7528 0
      vertex -11.3494 19.696 0
    endloop
  endfacet
  facet normal 0 0 -1
    outer loop
      vertex -11.675 0.169134 0
      vertex -11.5166 19.7528 0
      vertex -11.5166 0.247237 0
    endloop
  endfacet
  facet normal 0 0 -1
    outer loop
      vertex -11.675 0.169134 0
      vertex -11.675 19.8309 0
      vertex -11.5166 19.7528 0
    endloop
  endfacet
  facet normal 0 0 -1
    outer loop
      vertex -11.8218 0.0710268 0
      vertex -11.675 19.8309 0
      vertex -11.675 0.169134 0
    endloop
  endfacet
  facet normal 0 0 -1
    outer loop
      vertex -11.8218 0.0710268 0
      vertex -11.8218 19.929 0
      vertex -11.675 19.8309 0
    endloop
  endfacet
  facet normal 0 0 -1
    outer loop
      vertex -11.9546 -0.0454054 0
      vertex -11.8218 19.929 0
      vertex -11.8218 0.0710268 0
    endloop
  endfacet
  facet normal 0 0 -1
    outer loop
      vertex -11.9546 -0.0454054 0
      vertex -11.9546 20.0454 0
      vertex -11.8218 19.929 0
    endloop
  endfacet
  facet normal 0 0 -1
    outer loop
      vertex -12.071 -0.178171 0
      vertex -11.9546 20.0454 0
      vertex -11.9546 -0.0454054 0
    endloop
  endfacet
  facet normal 0 0 -1
    outer loop
      vertex -12.071 -0.178171 0
      vertex -12.071 20.1782 0
      vertex -11.9546 20.0454 0
    endloop
  endfacet
  facet normal 0 0 -1
    outer loop
      vertex -12.1691 -0.325 0
      vertex -12.071 20.1782 0
      vertex -12.071 -0.178171 0
    endloop
  endfacet
  facet normal 0 0 -1
    outer loop
      vertex -12.1691 -0.325 0
      vertex -12.1691 20.325 0
      vertex -12.071 20.1782 0
    endloop
  endfacet
  facet normal 0 0 -1
    outer loop
      vertex -12.2472 -0.483377 0
      vertex -12.1691 20.325 0
      vertex -12.1691 -0.325 0
    endloop
  endfacet
  facet normal 0 0 -1
    outer loop
      vertex -12.2472 -0.483377 0
      vertex -12.2472 20.4834 0
      vertex -12.1691 20.325 0
    endloop
  endfacet
  facet normal 0 0 -1
    outer loop
      vertex -12.304 -0.650594 0
      vertex -12.2472 20.4834 0
      vertex -12.2472 -0.483377 0
    endloop
  endfacet
  facet normal 0 0 -1
    outer loop
      vertex -12.304 -0.650594 0
      vertex -12.304 20.6506 0
      vertex -12.2472 20.4834 0
    endloop
  endfacet
  facet normal 0 0 -1
    outer loop
      vertex -12.3385 -0.82379 0
      vertex -12.304 20.6506 0
      vertex -12.304 -0.650594 0
    endloop
  endfacet
  facet normal 0 0 -1
    outer loop
      vertex -12.3385 -0.82379 0
      vertex -12.3385 20.8238 0
      vertex -12.304 20.6506 0
    endloop
  endfacet
  facet normal 0 0 -1
    outer loop
      vertex -32.8686 -42.9756 0
      vertex -11.675 -2.16913 0
      vertex -32.675 -43.0711 0
    endloop
  endfacet
  facet normal -0 0 -1
    outer loop
      vertex -11.675 -2.16913 0
      vertex -32.8686 -42.9756 0
      vertex -11.8218 -2.07103 0
    endloop
  endfacet
  facet normal -0 0 -1
    outer loop
      vertex 32.4955 43.191 0
      vertex 11.9546 21.9546 0
      vertex 32.3333 43.3333 0
    endloop
  endfacet
  facet normal 0 0 -1
    outer loop
      vertex 11.675 22.1691 0
      vertex 32.191 43.4955 0
      vertex 11.8218 22.071 0
    endloop
  endfacet
  facet normal 0 0 -1
    outer loop
      vertex 11.8218 22.071 0
      vertex 32.3333 43.3333 0
      vertex 11.9546 21.9546 0
    endloop
  endfacet
  facet normal -0 0 -1
    outer loop
      vertex 32.3333 43.3333 0
      vertex 11.8218 22.071 0
      vertex 32.191 43.4955 0
    endloop
  endfacet
  facet normal 0 0 -1
    outer loop
      vertex 35 -14 0
      vertex 12.2472 -0.483377 0
      vertex 12.2472 20.4834 0
    endloop
  endfacet
  facet normal 0 0 -1
    outer loop
      vertex 35 -14 0
      vertex 12.2472 20.4834 0
      vertex 12.304 20.6506 0
    endloop
  endfacet
  facet normal 0 0 -1
    outer loop
      vertex 12.1691 -0.325 0
      vertex 12.2472 20.4834 0
      vertex 12.2472 -0.483377 0
    endloop
  endfacet
  facet normal 0 0 -1
    outer loop
      vertex 12.1691 -0.325 0
      vertex 12.1691 20.325 0
      vertex 12.2472 20.4834 0
    endloop
  endfacet
  facet normal 0 0 -1
    outer loop
      vertex 12.071 -0.178171 0
      vertex 12.1691 20.325 0
      vertex 12.1691 -0.325 0
    endloop
  endfacet
  facet normal 0 0 -1
    outer loop
      vertex 12.071 -0.178171 0
      vertex 12.071 20.1782 0
      vertex 12.1691 20.325 0
    endloop
  endfacet
  facet normal 0 0 -1
    outer loop
      vertex 11.9546 -0.0454054 0
      vertex 12.071 20.1782 0
      vertex 12.071 -0.178171 0
    endloop
  endfacet
  facet normal 0 0 -1
    outer loop
      vertex 11.9546 -0.0454054 0
      vertex 11.9546 20.0454 0
      vertex 12.071 20.1782 0
    endloop
  endfacet
  facet normal 0 0 -1
    outer loop
      vertex 11.8218 0.0710268 0
      vertex 11.9546 20.0454 0
      vertex 11.9546 -0.0454054 0
    endloop
  endfacet
  facet normal 0 0 -1
    outer loop
      vertex 11.8218 0.0710268 0
      vertex 11.8218 19.929 0
      vertex 11.9546 20.0454 0
    endloop
  endfacet
  facet normal 0 0 -1
    outer loop
      vertex 11.675 0.169134 0
      vertex 11.8218 19.929 0
      vertex 11.8218 0.0710268 0
    endloop
  endfacet
  facet normal 0 0 -1
    outer loop
      vertex 11.675 0.169134 0
      vertex 11.675 19.8309 0
      vertex 11.8218 19.929 0
    endloop
  endfacet
  facet normal 0 0 -1
    outer loop
      vertex 11.5166 0.247237 0
      vertex 11.675 19.8309 0
      vertex 11.675 0.169134 0
    endloop
  endfacet
  facet normal 0 0 -1
    outer loop
      vertex 11.5166 0.247237 0
      vertex 11.5166 19.7528 0
      vertex 11.675 19.8309 0
    endloop
  endfacet
  facet normal 0 0 -1
    outer loop
      vertex 11.3494 0.303999 0
      vertex 11.5166 19.7528 0
      vertex 11.5166 0.247237 0
    endloop
  endfacet
  facet normal 0 0 -1
    outer loop
      vertex 11.3494 0.303999 0
      vertex 11.3494 19.696 0
      vertex 11.5166 19.7528 0
    endloop
  endfacet
  facet normal 0 0 -1
    outer loop
      vertex 11.1762 0.33845 0
      vertex 11.3494 19.696 0
      vertex 11.3494 0.303999 0
    endloop
  endfacet
  facet normal 0 0 -1
    outer loop
      vertex 11.1762 0.33845 0
      vertex 11.1762 19.6615 0
      vertex 11.3494 19.696 0
    endloop
  endfacet
  facet normal 0 0 -1
    outer loop
      vertex 11 0.349999 0
      vertex 11.1762 19.6615 0
      vertex 11.1762 0.33845 0
    endloop
  endfacet
  facet normal 0 0 -1
    outer loop
      vertex 11 0.349999 0
      vertex 11 19.65 0
      vertex 11.1762 19.6615 0
    endloop
  endfacet
  facet normal 0 0 -1
    outer loop
      vertex 3.17341 15.565 0
      vertex 11 0.349999 0
      vertex 10.8238 0.33845 0
    endloop
  endfacet
  facet normal 0 0 -1
    outer loop
      vertex 11 0.349999 0
      vertex 3.17341 15.565 0
      vertex 11 19.65 0
    endloop
  endfacet
  facet normal 0 0 -1
    outer loop
      vertex 2.82843 15.1716 0
      vertex 10.8238 0.33845 0
      vertex 10.6506 0.303999 0
    endloop
  endfacet
  facet normal 0 -0 -1
    outer loop
      vertex 3.4641 16 0
      vertex 11 19.65 0
      vertex 3.17341 15.565 0
    endloop
  endfacet
  facet normal 0 0 -1
    outer loop
      vertex 2.43505 14.8266 0
      vertex 10.6506 0.303999 0
      vertex 10.4834 0.247237 0
    endloop
  endfacet
  facet normal -0 0 -1
    outer loop
      vertex 11 19.65 0
      vertex 3.4641 16 0
      vertex 10.8238 19.6615 0
    endloop
  endfacet
  facet normal 0 0 -1
    outer loop
      vertex 2 14.5359 0
      vertex 10.4834 0.247237 0
      vertex 10.325 0.169134 0
    endloop
  endfacet
  facet normal -0 0 -1
    outer loop
      vertex 10.8238 19.6615 0
      vertex 3.4641 16 0
      vertex 10.6506 19.696 0
    endloop
  endfacet
  facet normal 0 0 -1
    outer loop
      vertex 2 14.5359 0
      vertex 10.325 0.169134 0
      vertex 10.1782 0.0710268 0
    endloop
  endfacet
  facet normal 0 -0 -1
    outer loop
      vertex 3.69552 16.4693 0
      vertex 10.6506 19.696 0
      vertex 3.4641 16 0
    endloop
  endfacet
  facet normal 0 0 -1
    outer loop
      vertex 1.53073 14.3045 0
      vertex 10.1782 0.0710268 0
      vertex 10.0454 -0.0454054 0
    endloop
  endfacet
  facet normal -0 0 -1
    outer loop
      vertex 10.6506 19.696 0
      vertex 3.69552 16.4693 0
      vertex 10.4834 19.7528 0
    endloop
  endfacet
  facet normal 0 0 -1
    outer loop
      vertex 1.03528 14.1363 0
      vertex 10.0454 -0.0454054 0
      vertex 9.92897 -0.178171 0
    endloop
  endfacet
  facet normal 0 -0 -1
    outer loop
      vertex 3.8637 16.9647 0
      vertex 10.4834 19.7528 0
      vertex 3.69552 16.4693 0
    endloop
  endfacet
  facet normal 0 0 -1
    outer loop
      vertex 0.522104 14.0342 0
      vertex 9.92897 -0.178171 0
      vertex 9.83086 -0.325 0
    endloop
  endfacet
  facet normal -0 0 -1
    outer loop
      vertex 10.325 19.8309 0
      vertex 3.8637 16.9647 0
      vertex 10.1782 19.929 0
    endloop
  endfacet
  facet normal 0 0 -1
    outer loop
      vertex 0 14 0
      vertex 9.83086 -0.325 0
      vertex 9.75276 -0.483377 0
    endloop
  endfacet
  facet normal 0 -0 -1
    outer loop
      vertex 3.96578 17.4779 0
      vertex 10.1782 19.929 0
      vertex 3.8637 16.9647 0
    endloop
  endfacet
  facet normal 0 0 -1
    outer loop
      vertex 9.66155 -0.82379 0
      vertex -9.66155 -0.82379 0
      vertex 9.696 -0.650594 0
    endloop
  endfacet
  facet normal -0 0 -1
    outer loop
      vertex 10.1782 19.929 0
      vertex 3.96578 17.4779 0
      vertex 10.0454 20.0454 0
    endloop
  endfacet
  facet normal 0 0 -1
    outer loop
      vertex -9.66155 -0.82379 0
      vertex 9.66155 -0.82379 0
      vertex -9.65 -1 0
    endloop
  endfacet
  facet normal 0 -0 -1
    outer loop
      vertex 4 18 0
      vertex 10.0454 20.0454 0
      vertex 3.96578 17.4779 0
    endloop
  endfacet
  facet normal 0 0 -1
    outer loop
      vertex -9.65 -1 0
      vertex 9.66155 -0.82379 0
      vertex 9.65 -1 0
    endloop
  endfacet
  facet normal -0 0 -1
    outer loop
      vertex 10.0454 20.0454 0
      vertex 4 18 0
      vertex 9.92897 20.1782 0
    endloop
  endfacet
  facet normal 0 0 -1
    outer loop
      vertex 31.8641 -44.7154 0
      vertex 23 -44 0
      vertex 31.85 -44.5 0
    endloop
  endfacet
  facet normal 0 0 -1
    outer loop
      vertex 31.9062 -44.9271 0
      vertex 23 -44 0
      vertex 31.8641 -44.7154 0
    endloop
  endfacet
  facet normal 0 0 -1
    outer loop
      vertex 31.9756 -45.1314 0
      vertex 23 -44 0
      vertex 31.9062 -44.9271 0
    endloop
  endfacet
  facet normal 0 0 -1
    outer loop
      vertex 32.0711 -45.325 0
      vertex 23 -44 0
      vertex 31.9756 -45.1314 0
    endloop
  endfacet
  facet normal 0 0 -1
    outer loop
      vertex 32.191 -45.5045 0
      vertex 23 -44 0
      vertex 32.0711 -45.325 0
    endloop
  endfacet
  facet normal 0 0 -1
    outer loop
      vertex 32.3333 -45.6667 0
      vertex 23 -44 0
      vertex 32.191 -45.5045 0
    endloop
  endfacet
  facet normal 0 0 -1
    outer loop
      vertex 32.4955 -45.809 0
      vertex 23 -44 0
      vertex 32.3333 -45.6667 0
    endloop
  endfacet
  facet normal 0 0 -1
    outer loop
      vertex 32.675 -45.9289 0
      vertex 23 -44 0
      vertex 32.4955 -45.809 0
    endloop
  endfacet
  facet normal 0 0 -1
    outer loop
      vertex 32.8686 -46.0244 0
      vertex 23 -44 0
      vertex 32.675 -45.9289 0
    endloop
  endfacet
  facet normal 0 0 -1
    outer loop
      vertex 33.0729 -46.0938 0
      vertex 23 -44 0
      vertex 32.8686 -46.0244 0
    endloop
  endfacet
  facet normal 0 0 -1
    outer loop
      vertex -10.4834 -2.24724 0
      vertex 23 -14 0
      vertex 23 -44 0
    endloop
  endfacet
  facet normal 0 0 -1
    outer loop
      vertex 23 -14 0
      vertex 12.3385 -1.17621 0
      vertex 12.35 -1 0
    endloop
  endfacet
  facet normal 0 0 -1
    outer loop
      vertex 23 -14 0
      vertex 12.304 -1.34941 0
      vertex 12.3385 -1.17621 0
    endloop
  endfacet
  facet normal 0 0 -1
    outer loop
      vertex 23 -14 0
      vertex 12.2472 -1.51662 0
      vertex 12.304 -1.34941 0
    endloop
  endfacet
  facet normal 0 0 -1
    outer loop
      vertex 23 -14 0
      vertex 12.1691 -1.675 0
      vertex 12.2472 -1.51662 0
    endloop
  endfacet
  facet normal 0 0 -1
    outer loop
      vertex 23 -14 0
      vertex 12.071 -1.82183 0
      vertex 12.1691 -1.675 0
    endloop
  endfacet
  facet normal 0 0 -1
    outer loop
      vertex 23 -14 0
      vertex 11.9546 -1.95459 0
      vertex 12.071 -1.82183 0
    endloop
  endfacet
  facet normal 0 0 -1
    outer loop
      vertex 23 -14 0
      vertex 11.8218 -2.07103 0
      vertex 11.9546 -1.95459 0
    endloop
  endfacet
  facet normal 0 0 -1
    outer loop
      vertex 23 -14 0
      vertex 11.675 -2.16913 0
      vertex 11.8218 -2.07103 0
    endloop
  endfacet
  facet normal 0 0 -1
    outer loop
      vertex 23 -14 0
      vertex 11.5166 -2.24724 0
      vertex 11.675 -2.16913 0
    endloop
  endfacet
  facet normal 0 0 -1
    outer loop
      vertex 23 -14 0
      vertex 11.3494 -2.304 0
      vertex 11.5166 -2.24724 0
    endloop
  endfacet
  facet normal 0 0 -1
    outer loop
      vertex 23 -14 0
      vertex 11.1762 -2.33845 0
      vertex 11.3494 -2.304 0
    endloop
  endfacet
  facet normal 0 0 -1
    outer loop
      vertex 23 -14 0
      vertex 11 -2.35 0
      vertex 11.1762 -2.33845 0
    endloop
  endfacet
  facet normal 0 0 -1
    outer loop
      vertex 23 -14 0
      vertex 10.8238 -2.33845 0
      vertex 11 -2.35 0
    endloop
  endfacet
  facet normal 0 0 -1
    outer loop
      vertex 23 -14 0
      vertex 10.6506 -2.304 0
      vertex 10.8238 -2.33845 0
    endloop
  endfacet
  facet normal 0 0 -1
    outer loop
      vertex 23 -14 0
      vertex 10.4834 -2.24724 0
      vertex 10.6506 -2.304 0
    endloop
  endfacet
  facet normal 0 0 -1
    outer loop
      vertex 23 -14 0
      vertex -10.4834 -2.24724 0
      vertex 10.4834 -2.24724 0
    endloop
  endfacet
  facet normal 0 0 -1
    outer loop
      vertex 10.4834 -2.24724 0
      vertex -10.4834 -2.24724 0
      vertex 10.325 -2.16913 0
    endloop
  endfacet
  facet normal 0 -0 -1
    outer loop
      vertex -10.325 -2.16913 0
      vertex 10.325 -2.16913 0
      vertex -10.4834 -2.24724 0
    endloop
  endfacet
  facet normal 0 0 -1
    outer loop
      vertex 10.325 -2.16913 0
      vertex -10.325 -2.16913 0
      vertex 10.1782 -2.07103 0
    endloop
  endfacet
  facet normal 0 -0 -1
    outer loop
      vertex -10.1782 -2.07103 0
      vertex 10.1782 -2.07103 0
      vertex -10.325 -2.16913 0
    endloop
  endfacet
  facet normal 0 0 -1
    outer loop
      vertex 10.1782 -2.07103 0
      vertex -10.1782 -2.07103 0
      vertex 10.0454 -1.95459 0
    endloop
  endfacet
  facet normal 0 -0 -1
    outer loop
      vertex -10.0454 -1.95459 0
      vertex 10.0454 -1.95459 0
      vertex -10.1782 -2.07103 0
    endloop
  endfacet
  facet normal -0 0 -1
    outer loop
      vertex 9.92897 20.1782 0
      vertex 4 18 0
      vertex 9.83086 20.325 0
    endloop
  endfacet
  facet normal 0 0 -1
    outer loop
      vertex -9.65 -1 0
      vertex 9.65 -1 0
      vertex 9.66155 -1.17621 0
    endloop
  endfacet
  facet normal 0 0 -1
    outer loop
      vertex -9.66155 -1.17621 0
      vertex 9.66155 -1.17621 0
      vertex 9.696 -1.34941 0
    endloop
  endfacet
  facet normal -0 0 -1
    outer loop
      vertex 9.75276 20.4834 0
      vertex 3.8637 19.0353 0
      vertex 9.696 20.6506 0
    endloop
  endfacet
  facet normal 0 0 -1
    outer loop
      vertex 3.8637 19.0353 0
      vertex 9.75276 20.4834 0
      vertex 3.96578 18.5221 0
    endloop
  endfacet
  facet normal 0 0 -1
    outer loop
      vertex 10.0454 -1.95459 0
      vertex -10.0454 -1.95459 0
      vertex 9.92897 -1.82183 0
    endloop
  endfacet
  facet normal -0 0 -1
    outer loop
      vertex 9.83086 20.325 0
      vertex 3.96578 18.5221 0
      vertex 9.75276 20.4834 0
    endloop
  endfacet
  facet normal 0 0 -1
    outer loop
      vertex 3.96578 18.5221 0
      vertex 9.83086 20.325 0
      vertex 4 18 0
    endloop
  endfacet
  facet normal -0 0 -1
    outer loop
      vertex 10.4834 19.7528 0
      vertex 3.8637 16.9647 0
      vertex 10.325 19.8309 0
    endloop
  endfacet
  facet normal 0 0 -1
    outer loop
      vertex 10.8238 0.33845 0
      vertex 2.82843 15.1716 0
      vertex 3.17341 15.565 0
    endloop
  endfacet
  facet normal 0 0 -1
    outer loop
      vertex 10.6506 0.303999 0
      vertex 2.43505 14.8266 0
      vertex 2.82843 15.1716 0
    endloop
  endfacet
  facet normal 0 -0 -1
    outer loop
      vertex -9.66155 -1.17621 0
      vertex 9.696 -1.34941 0
      vertex -9.696 -1.34941 0
    endloop
  endfacet
  facet normal 0 0 -1
    outer loop
      vertex 10.4834 0.247237 0
      vertex 2 14.5359 0
      vertex 2.43505 14.8266 0
    endloop
  endfacet
  facet normal 0 0 -1
    outer loop
      vertex 9.66155 -1.17621 0
      vertex -9.66155 -1.17621 0
      vertex -9.65 -1 0
    endloop
  endfacet
  facet normal 0 0 -1
    outer loop
      vertex 10.1782 0.0710268 0
      vertex 1.53073 14.3045 0
      vertex 2 14.5359 0
    endloop
  endfacet
  facet normal 0 0 -1
    outer loop
      vertex -9.696 -0.650594 0
      vertex 9.696 -0.650594 0
      vertex -9.66155 -0.82379 0
    endloop
  endfacet
  facet normal 0 0 -1
    outer loop
      vertex 10.0454 -0.0454054 0
      vertex 1.03528 14.1363 0
      vertex 1.53073 14.3045 0
    endloop
  endfacet
  facet normal 0 0 -1
    outer loop
      vertex 9.92897 -0.178171 0
      vertex 0.522104 14.0342 0
      vertex 1.03528 14.1363 0
    endloop
  endfacet
  facet normal 0 0 -1
    outer loop
      vertex 9.83086 -0.325 0
      vertex 0 14 0
      vertex 0.522104 14.0342 0
    endloop
  endfacet
  facet normal 0 0 -1
    outer loop
      vertex 9.696 -0.650594 0
      vertex -9.696 -0.650594 0
      vertex 9.75276 -0.483377 0
    endloop
  endfacet
  facet normal 0 0 -1
    outer loop
      vertex 9.75276 -0.483377 0
      vertex -9.75276 -0.483377 0
      vertex 0 14 0
    endloop
  endfacet
  facet normal 0 0 -1
    outer loop
      vertex -9.83086 -0.325 0
      vertex 0 14 0
      vertex -9.75276 -0.483377 0
    endloop
  endfacet
  facet normal -0 0 -1
    outer loop
      vertex 0 14 0
      vertex -9.83086 -0.325 0
      vertex -0.522104 14.0342 0
    endloop
  endfacet
  facet normal 0 0 -1
    outer loop
      vertex -9.92897 -0.178171 0
      vertex -0.522104 14.0342 0
      vertex -9.83086 -0.325 0
    endloop
  endfacet
  facet normal -0 0 -1
    outer loop
      vertex -0.522104 14.0342 0
      vertex -9.92897 -0.178171 0
      vertex -1.03528 14.1363 0
    endloop
  endfacet
  facet normal 0 0 -1
    outer loop
      vertex -10.325 0.169134 0
      vertex -2 14.5359 0
      vertex -10.1782 0.0710268 0
    endloop
  endfacet
  facet normal -0 0 -1
    outer loop
      vertex -1.53073 14.3045 0
      vertex -10.1782 0.0710268 0
      vertex -2 14.5359 0
    endloop
  endfacet
  facet normal 0 0 -1
    outer loop
      vertex -10.1782 0.0710268 0
      vertex -1.53073 14.3045 0
      vertex -10.0454 -0.0454054 0
    endloop
  endfacet
  facet normal 0 0 -1
    outer loop
      vertex -10.0454 -0.0454054 0
      vertex -1.03528 14.1363 0
      vertex -9.92897 -0.178171 0
    endloop
  endfacet
  facet normal -0 0 -1
    outer loop
      vertex -1.03528 14.1363 0
      vertex -10.0454 -0.0454054 0
      vertex -1.53073 14.3045 0
    endloop
  endfacet
  facet normal 0 0 -1
    outer loop
      vertex -9.75276 -0.483377 0
      vertex 9.75276 -0.483377 0
      vertex -9.696 -0.650594 0
    endloop
  endfacet
  facet normal -0 0 -1
    outer loop
      vertex 9.696 -1.34941 0
      vertex -9.75276 -1.51662 0
      vertex -9.696 -1.34941 0
    endloop
  endfacet
  facet normal 0 0 -1
    outer loop
      vertex 9.75276 -1.51662 0
      vertex -9.75276 -1.51662 0
      vertex 9.696 -1.34941 0
    endloop
  endfacet
  facet normal 0 -0 -1
    outer loop
      vertex -9.75276 -1.51662 0
      vertex 9.75276 -1.51662 0
      vertex -9.83086 -1.675 0
    endloop
  endfacet
  facet normal 0 0 -1
    outer loop
      vertex 9.83086 -1.675 0
      vertex -9.83086 -1.675 0
      vertex 9.75276 -1.51662 0
    endloop
  endfacet
  facet normal 0 -0 -1
    outer loop
      vertex -9.83086 -1.675 0
      vertex 9.83086 -1.675 0
      vertex -9.92897 -1.82183 0
    endloop
  endfacet
  facet normal 0 0 -1
    outer loop
      vertex 9.92897 -1.82183 0
      vertex -9.92897 -1.82183 0
      vertex 9.83086 -1.675 0
    endloop
  endfacet
  facet normal 0 -0 -1
    outer loop
      vertex -9.92897 -1.82183 0
      vertex 9.92897 -1.82183 0
      vertex -10.0454 -1.95459 0
    endloop
  endfacet
  facet normal 0 0 -1
    outer loop
      vertex 23 -44 0
      vertex -10.6506 -2.304 0
      vertex -10.4834 -2.24724 0
    endloop
  endfacet
  facet normal 0 0 -1
    outer loop
      vertex -31.8641 -44.2846 0
      vertex 23 -44 0
      vertex -31.85 -44.5 0
    endloop
  endfacet
  facet normal 0 0 -1
    outer loop
      vertex -31.9062 -44.0729 0
      vertex 23 -44 0
      vertex -31.8641 -44.2846 0
    endloop
  endfacet
  facet normal 0 0 -1
    outer loop
      vertex -31.9756 -43.8686 0
      vertex 23 -44 0
      vertex -31.9062 -44.0729 0
    endloop
  endfacet
  facet normal 0 0 -1
    outer loop
      vertex 23 -44 0
      vertex -31.9756 -43.8686 0
      vertex -10.6506 -2.304 0
    endloop
  endfacet
  facet normal 0 0 -1
    outer loop
      vertex -10.6506 -2.304 0
      vertex -31.9756 -43.8686 0
      vertex -10.8238 -2.33845 0
    endloop
  endfacet
  facet normal 0 0 -1
    outer loop
      vertex -32.0711 -43.675 0
      vertex -10.8238 -2.33845 0
      vertex -31.9756 -43.8686 0
    endloop
  endfacet
  facet normal 0 0 -1
    outer loop
      vertex -10.8238 -2.33845 0
      vertex -32.0711 -43.675 0
      vertex -11 -2.35 0
    endloop
  endfacet
  facet normal 0 0 -1
    outer loop
      vertex -32.191 -43.4955 0
      vertex -11 -2.35 0
      vertex -32.0711 -43.675 0
    endloop
  endfacet
  facet normal -0 0 -1
    outer loop
      vertex -11 -2.35 0
      vertex -32.191 -43.4955 0
      vertex -11.1762 -2.33845 0
    endloop
  endfacet
  facet normal 0 0 -1
    outer loop
      vertex -33.0729 -42.9062 0
      vertex -11.8218 -2.07103 0
      vertex -32.8686 -42.9756 0
    endloop
  endfacet
  facet normal -0 0 -1
    outer loop
      vertex -11.5166 -2.24724 0
      vertex -32.675 -43.0711 0
      vertex -11.675 -2.16913 0
    endloop
  endfacet
  facet normal 0 0 -1
    outer loop
      vertex -32.675 -43.0711 0
      vertex -11.5166 -2.24724 0
      vertex -32.4955 -43.191 0
    endloop
  endfacet
  facet normal -0 0 -1
    outer loop
      vertex -11.3494 -2.304 0
      vertex -32.4955 -43.191 0
      vertex -11.5166 -2.24724 0
    endloop
  endfacet
  facet normal 0 0 -1
    outer loop
      vertex -32.4955 -43.191 0
      vertex -11.3494 -2.304 0
      vertex -32.3333 -43.3333 0
    endloop
  endfacet
  facet normal -0 0 -1
    outer loop
      vertex -11.1762 -2.33845 0
      vertex -32.3333 -43.3333 0
      vertex -11.3494 -2.304 0
    endloop
  endfacet
  facet normal 0 0 -1
    outer loop
      vertex -32.3333 -43.3333 0
      vertex -11.1762 -2.33845 0
      vertex -32.191 -43.4955 0
    endloop
  endfacet
  facet normal 0 0 -1
    outer loop
      vertex -33.0729 -46.0938 0
      vertex 23 -44 0
      vertex 33.0729 -46.0938 0
    endloop
  endfacet
  facet normal 0 0 -1
    outer loop
      vertex -33.0729 -46.0938 0
      vertex 33.0729 -46.0938 0
      vertex 33.1042 -46.1 0
    endloop
  endfacet
  facet normal 0 0 -1
    outer loop
      vertex 23 -44 0
      vertex -31.8641 -44.7154 0
      vertex -31.85 -44.5 0
    endloop
  endfacet
  facet normal 0 0 -1
    outer loop
      vertex 23 -44 0
      vertex -31.9062 -44.9271 0
      vertex -31.8641 -44.7154 0
    endloop
  endfacet
  facet normal 0 0 -1
    outer loop
      vertex 23 -44 0
      vertex -31.9756 -45.1314 0
      vertex -31.9062 -44.9271 0
    endloop
  endfacet
  facet normal 0 0 -1
    outer loop
      vertex 23 -44 0
      vertex -32.0711 -45.325 0
      vertex -31.9756 -45.1314 0
    endloop
  endfacet
  facet normal 0 0 -1
    outer loop
      vertex 23 -44 0
      vertex -32.191 -45.5045 0
      vertex -32.0711 -45.325 0
    endloop
  endfacet
  facet normal 0 0 -1
    outer loop
      vertex 23 -44 0
      vertex -32.3333 -45.6667 0
      vertex -32.191 -45.5045 0
    endloop
  endfacet
  facet normal 0 0 -1
    outer loop
      vertex 23 -44 0
      vertex -32.4955 -45.809 0
      vertex -32.3333 -45.6667 0
    endloop
  endfacet
  facet normal 0 0 -1
    outer loop
      vertex 23 -44 0
      vertex -32.675 -45.9289 0
      vertex -32.4955 -45.809 0
    endloop
  endfacet
  facet normal 0 0 -1
    outer loop
      vertex 23 -44 0
      vertex -32.8686 -46.0244 0
      vertex -32.675 -45.9289 0
    endloop
  endfacet
  facet normal 0 0 -1
    outer loop
      vertex 23 -44 0
      vertex -33.0729 -46.0938 0
      vertex -32.8686 -46.0244 0
    endloop
  endfacet
  facet normal 0 -0 -1
    outer loop
      vertex -33.0729 -46.0938 0
      vertex 33.1042 -46.1 0
      vertex -33.1042 -46.1 0
    endloop
  endfacet
  facet normal 0 0 -1
    outer loop
      vertex 31.9062 -44.0729 0
      vertex 23 -44 0
      vertex 31.931 -44 0
    endloop
  endfacet
  facet normal 0 0 -1
    outer loop
      vertex 31.8641 -44.2846 0
      vertex 23 -44 0
      vertex 31.9062 -44.0729 0
    endloop
  endfacet
  facet normal 0 0 -1
    outer loop
      vertex 23 -44 0
      vertex 31.8641 -44.2846 0
      vertex 31.85 -44.5 0
    endloop
  endfacet
  facet normal -0.0654873 0.997853 0
    outer loop
      vertex -36 50 0
      vertex -36.3916 49.9743 2.5
      vertex -36 50 2.5
    endloop
  endfacet
  facet normal -0.0654873 0.997853 0
    outer loop
      vertex -36.3916 49.9743 2.5
      vertex -36 50 0
      vertex -36.3916 49.9743 0
    endloop
  endfacet
  facet normal -0.44211 0.896961 0
    outer loop
      vertex -37.148 49.7716 0
      vertex -37.5 49.5981 2.5
      vertex -37.148 49.7716 2.5
    endloop
  endfacet
  facet normal -0.44211 0.896961 0
    outer loop
      vertex -37.5 49.5981 2.5
      vertex -37.148 49.7716 0
      vertex -37.5 49.5981 0
    endloop
  endfacet
  facet normal 0 1 -0
    outer loop
      vertex 36 50 0
      vertex -36 50 2.5
      vertex 36 50 2.5
    endloop
  endfacet
  facet normal 0 1 0
    outer loop
      vertex -36 50 2.5
      vertex 36 50 0
      vertex -36 50 0
    endloop
  endfacet
  facet normal -0.751724 -0.659478 0
    outer loop
      vertex -38.1213 -49.1213 0
      vertex -38.3801 -48.8263 2.5
      vertex -38.3801 -48.8263 0
    endloop
  endfacet
  facet normal -0.751724 -0.659478 0
    outer loop
      vertex -38.3801 -48.8263 2.5
      vertex -38.1213 -49.1213 0
      vertex -38.1213 -49.1213 2.5
    endloop
  endfacet
  facet normal -0.751724 0.659478 0
    outer loop
      vertex -38.3801 48.8263 0
      vertex -38.1213 49.1213 2.5
      vertex -38.1213 49.1213 0
    endloop
  endfacet
  facet normal -0.751724 0.659478 0
    outer loop
      vertex -38.1213 49.1213 2.5
      vertex -38.3801 48.8263 0
      vertex -38.3801 48.8263 2.5
    endloop
  endfacet
  facet normal 0 -1 0
    outer loop
      vertex -36 -50 0
      vertex 36 -50 2.5
      vertex -36 -50 2.5
    endloop
  endfacet
  facet normal 0 -1 -0
    outer loop
      vertex 36 -50 2.5
      vertex -36 -50 0
      vertex 36 -50 0
    endloop
  endfacet
  facet normal -0.321651 0.946858 0
    outer loop
      vertex -36.7765 49.8978 0
      vertex -37.148 49.7716 2.5
      vertex -36.7765 49.8978 2.5
    endloop
  endfacet
  facet normal -0.321651 0.946858 0
    outer loop
      vertex -37.148 49.7716 2.5
      vertex -36.7765 49.8978 0
      vertex -37.148 49.7716 0
    endloop
  endfacet
  facet normal -0.659478 -0.751724 0
    outer loop
      vertex -38.1213 -49.1213 0
      vertex -37.8263 -49.3801 2.5
      vertex -38.1213 -49.1213 2.5
    endloop
  endfacet
  facet normal -0.659478 -0.751724 -0
    outer loop
      vertex -37.8263 -49.3801 2.5
      vertex -38.1213 -49.1213 0
      vertex -37.8263 -49.3801 0
    endloop
  endfacet
  facet normal -0.44211 -0.896961 0
    outer loop
      vertex -37.5 -49.5981 0
      vertex -37.148 -49.7716 2.5
      vertex -37.5 -49.5981 2.5
    endloop
  endfacet
  facet normal -0.44211 -0.896961 -0
    outer loop
      vertex -37.148 -49.7716 2.5
      vertex -37.5 -49.5981 0
      vertex -37.148 -49.7716 0
    endloop
  endfacet
  facet normal -0.321651 -0.946858 0
    outer loop
      vertex -37.148 -49.7716 0
      vertex -36.7765 -49.8978 2.5
      vertex -37.148 -49.7716 2.5
    endloop
  endfacet
  facet normal -0.321651 -0.946858 -0
    outer loop
      vertex -36.7765 -49.8978 2.5
      vertex -37.148 -49.7716 0
      vertex -36.7765 -49.8978 0
    endloop
  endfacet
  facet normal -0.896961 0.44211 0
    outer loop
      vertex -38.7716 48.148 0
      vertex -38.5981 48.5 2.5
      vertex -38.5981 48.5 0
    endloop
  endfacet
  facet normal -0.896961 0.44211 0
    outer loop
      vertex -38.5981 48.5 2.5
      vertex -38.7716 48.148 0
      vertex -38.7716 48.148 2.5
    endloop
  endfacet
  facet normal -0.19494 0.980815 0
    outer loop
      vertex -36.3916 49.9743 0
      vertex -36.7765 49.8978 2.5
      vertex -36.3916 49.9743 2.5
    endloop
  endfacet
  facet normal -0.19494 0.980815 0
    outer loop
      vertex -36.7765 49.8978 2.5
      vertex -36.3916 49.9743 0
      vertex -36.7765 49.8978 0
    endloop
  endfacet
  facet normal -1 0 0
    outer loop
      vertex -39 -47 0
      vertex -39 47 2.5
      vertex -39 47 0
    endloop
  endfacet
  facet normal -1 -0 0
    outer loop
      vertex -39 47 2.5
      vertex -39 -47 0
      vertex -39 -47 2.5
    endloop
  endfacet
  facet normal -0.555523 0.831501 0
    outer loop
      vertex -37.5 49.5981 0
      vertex -37.8263 49.3801 2.5
      vertex -37.5 49.5981 2.5
    endloop
  endfacet
  facet normal -0.555523 0.831501 0
    outer loop
      vertex -37.8263 49.3801 2.5
      vertex -37.5 49.5981 0
      vertex -37.8263 49.3801 0
    endloop
  endfacet
  facet normal 1 -0 0
    outer loop
      vertex 39 -47 2.5
      vertex 39 47 0
      vertex 39 47 2.5
    endloop
  endfacet
  facet normal 1 0 0
    outer loop
      vertex 39 47 0
      vertex 39 -47 2.5
      vertex 39 -47 0
    endloop
  endfacet
  facet normal 0.321651 0.946858 -0
    outer loop
      vertex 37.148 49.7716 0
      vertex 36.7765 49.8978 2.5
      vertex 37.148 49.7716 2.5
    endloop
  endfacet
  facet normal 0.321651 0.946858 0
    outer loop
      vertex 36.7765 49.8978 2.5
      vertex 37.148 49.7716 0
      vertex 36.7765 49.8978 0
    endloop
  endfacet
  facet normal 0.751724 0.659478 0
    outer loop
      vertex 38.3801 48.8263 2.5
      vertex 38.1213 49.1213 0
      vertex 38.1213 49.1213 2.5
    endloop
  endfacet
  facet normal 0.751724 0.659478 0
    outer loop
      vertex 38.1213 49.1213 0
      vertex 38.3801 48.8263 2.5
      vertex 38.3801 48.8263 0
    endloop
  endfacet
  facet normal -0.946858 0.321651 0
    outer loop
      vertex -38.8978 47.7765 0
      vertex -38.7716 48.148 2.5
      vertex -38.7716 48.148 0
    endloop
  endfacet
  facet normal -0.946858 0.321651 0
    outer loop
      vertex -38.7716 48.148 2.5
      vertex -38.8978 47.7765 0
      vertex -38.8978 47.7765 2.5
    endloop
  endfacet
  facet normal 0.0654873 0.997853 -0
    outer loop
      vertex 36.3916 49.9743 0
      vertex 36 50 2.5
      vertex 36.3916 49.9743 2.5
    endloop
  endfacet
  facet normal 0.0654873 0.997853 0
    outer loop
      vertex 36 50 2.5
      vertex 36.3916 49.9743 0
      vertex 36 50 0
    endloop
  endfacet
  facet normal 0.980815 0.19494 0
    outer loop
      vertex 38.9743 47.3916 2.5
      vertex 38.8978 47.7765 0
      vertex 38.8978 47.7765 2.5
    endloop
  endfacet
  facet normal 0.980815 0.19494 0
    outer loop
      vertex 38.8978 47.7765 0
      vertex 38.9743 47.3916 2.5
      vertex 38.9743 47.3916 0
    endloop
  endfacet
  facet normal 0.0654873 -0.997853 0
    outer loop
      vertex 36 -50 0
      vertex 36.3916 -49.9743 2.5
      vertex 36 -50 2.5
    endloop
  endfacet
  facet normal 0.0654873 -0.997853 0
    outer loop
      vertex 36.3916 -49.9743 2.5
      vertex 36 -50 0
      vertex 36.3916 -49.9743 0
    endloop
  endfacet
  facet normal 0.997853 0.0654873 0
    outer loop
      vertex 39 47 2.5
      vertex 38.9743 47.3916 0
      vertex 38.9743 47.3916 2.5
    endloop
  endfacet
  facet normal 0.997853 0.0654873 0
    outer loop
      vertex 38.9743 47.3916 0
      vertex 39 47 2.5
      vertex 39 47 0
    endloop
  endfacet
  facet normal 0.997853 -0.0654873 0
    outer loop
      vertex 38.9743 -47.3916 2.5
      vertex 39 -47 0
      vertex 39 -47 2.5
    endloop
  endfacet
  facet normal 0.997853 -0.0654873 0
    outer loop
      vertex 39 -47 0
      vertex 38.9743 -47.3916 2.5
      vertex 38.9743 -47.3916 0
    endloop
  endfacet
  facet normal 0.946858 -0.321651 0
    outer loop
      vertex 38.7716 -48.148 2.5
      vertex 38.8978 -47.7765 0
      vertex 38.8978 -47.7765 2.5
    endloop
  endfacet
  facet normal 0.946858 -0.321651 0
    outer loop
      vertex 38.8978 -47.7765 0
      vertex 38.7716 -48.148 2.5
      vertex 38.7716 -48.148 0
    endloop
  endfacet
  facet normal -0.831501 0.555523 0
    outer loop
      vertex -38.5981 48.5 0
      vertex -38.3801 48.8263 2.5
      vertex -38.3801 48.8263 0
    endloop
  endfacet
  facet normal -0.831501 0.555523 0
    outer loop
      vertex -38.3801 48.8263 2.5
      vertex -38.5981 48.5 0
      vertex -38.5981 48.5 2.5
    endloop
  endfacet
  facet normal 0.19494 -0.980815 0
    outer loop
      vertex 36.3916 -49.9743 0
      vertex 36.7765 -49.8978 2.5
      vertex 36.3916 -49.9743 2.5
    endloop
  endfacet
  facet normal 0.19494 -0.980815 0
    outer loop
      vertex 36.7765 -49.8978 2.5
      vertex 36.3916 -49.9743 0
      vertex 36.7765 -49.8978 0
    endloop
  endfacet
  facet normal 0.555523 0.831501 -0
    outer loop
      vertex 37.8263 49.3801 0
      vertex 37.5 49.5981 2.5
      vertex 37.8263 49.3801 2.5
    endloop
  endfacet
  facet normal 0.555523 0.831501 0
    outer loop
      vertex 37.5 49.5981 2.5
      vertex 37.8263 49.3801 0
      vertex 37.5 49.5981 0
    endloop
  endfacet
  facet normal 0.659478 0.751724 -0
    outer loop
      vertex 38.1213 49.1213 0
      vertex 37.8263 49.3801 2.5
      vertex 38.1213 49.1213 2.5
    endloop
  endfacet
  facet normal 0.659478 0.751724 0
    outer loop
      vertex 37.8263 49.3801 2.5
      vertex 38.1213 49.1213 0
      vertex 37.8263 49.3801 0
    endloop
  endfacet
  facet normal -0.659478 0.751724 0
    outer loop
      vertex -37.8263 49.3801 0
      vertex -38.1213 49.1213 2.5
      vertex -37.8263 49.3801 2.5
    endloop
  endfacet
  facet normal -0.659478 0.751724 0
    outer loop
      vertex -38.1213 49.1213 2.5
      vertex -37.8263 49.3801 0
      vertex -38.1213 49.1213 0
    endloop
  endfacet
  facet normal 0.659478 -0.751724 0
    outer loop
      vertex 37.8263 -49.3801 0
      vertex 38.1213 -49.1213 2.5
      vertex 37.8263 -49.3801 2.5
    endloop
  endfacet
  facet normal 0.659478 -0.751724 0
    outer loop
      vertex 38.1213 -49.1213 2.5
      vertex 37.8263 -49.3801 0
      vertex 38.1213 -49.1213 0
    endloop
  endfacet
  facet normal 0.321651 -0.946858 0
    outer loop
      vertex 36.7765 -49.8978 0
      vertex 37.148 -49.7716 2.5
      vertex 36.7765 -49.8978 2.5
    endloop
  endfacet
  facet normal 0.321651 -0.946858 0
    outer loop
      vertex 37.148 -49.7716 2.5
      vertex 36.7765 -49.8978 0
      vertex 37.148 -49.7716 0
    endloop
  endfacet
  facet normal -0.997853 -0.0654873 0
    outer loop
      vertex -38.9743 -47.3916 0
      vertex -39 -47 2.5
      vertex -39 -47 0
    endloop
  endfacet
  facet normal -0.997853 -0.0654873 0
    outer loop
      vertex -39 -47 2.5
      vertex -38.9743 -47.3916 0
      vertex -38.9743 -47.3916 2.5
    endloop
  endfacet
  facet normal 0.44211 0.896961 -0
    outer loop
      vertex 37.5 49.5981 0
      vertex 37.148 49.7716 2.5
      vertex 37.5 49.5981 2.5
    endloop
  endfacet
  facet normal 0.44211 0.896961 0
    outer loop
      vertex 37.148 49.7716 2.5
      vertex 37.5 49.5981 0
      vertex 37.148 49.7716 0
    endloop
  endfacet
  facet normal 0.19494 0.980815 -0
    outer loop
      vertex 36.7765 49.8978 0
      vertex 36.3916 49.9743 2.5
      vertex 36.7765 49.8978 2.5
    endloop
  endfacet
  facet normal 0.19494 0.980815 0
    outer loop
      vertex 36.3916 49.9743 2.5
      vertex 36.7765 49.8978 0
      vertex 36.3916 49.9743 0
    endloop
  endfacet
  facet normal -0.980815 0.19494 0
    outer loop
      vertex -38.9743 47.3916 0
      vertex -38.8978 47.7765 2.5
      vertex -38.8978 47.7765 0
    endloop
  endfacet
  facet normal -0.980815 0.19494 0
    outer loop
      vertex -38.8978 47.7765 2.5
      vertex -38.9743 47.3916 0
      vertex -38.9743 47.3916 2.5
    endloop
  endfacet
  facet normal -0.831501 -0.555523 0
    outer loop
      vertex -38.3801 -48.8263 0
      vertex -38.5981 -48.5 2.5
      vertex -38.5981 -48.5 0
    endloop
  endfacet
  facet normal -0.831501 -0.555523 0
    outer loop
      vertex -38.5981 -48.5 2.5
      vertex -38.3801 -48.8263 0
      vertex -38.3801 -48.8263 2.5
    endloop
  endfacet
  facet normal -0.555523 -0.831501 0
    outer loop
      vertex -37.8263 -49.3801 0
      vertex -37.5 -49.5981 2.5
      vertex -37.8263 -49.3801 2.5
    endloop
  endfacet
  facet normal -0.555523 -0.831501 -0
    outer loop
      vertex -37.5 -49.5981 2.5
      vertex -37.8263 -49.3801 0
      vertex -37.5 -49.5981 0
    endloop
  endfacet
  facet normal -0.896961 -0.44211 0
    outer loop
      vertex -38.5981 -48.5 0
      vertex -38.7716 -48.148 2.5
      vertex -38.7716 -48.148 0
    endloop
  endfacet
  facet normal -0.896961 -0.44211 0
    outer loop
      vertex -38.7716 -48.148 2.5
      vertex -38.5981 -48.5 0
      vertex -38.5981 -48.5 2.5
    endloop
  endfacet
  facet normal 0.946858 0.321651 0
    outer loop
      vertex 38.8978 47.7765 2.5
      vertex 38.7716 48.148 0
      vertex 38.7716 48.148 2.5
    endloop
  endfacet
  facet normal 0.946858 0.321651 0
    outer loop
      vertex 38.7716 48.148 0
      vertex 38.8978 47.7765 2.5
      vertex 38.8978 47.7765 0
    endloop
  endfacet
  facet normal -0.0654873 -0.997853 0
    outer loop
      vertex -36.3916 -49.9743 0
      vertex -36 -50 2.5
      vertex -36.3916 -49.9743 2.5
    endloop
  endfacet
  facet normal -0.0654873 -0.997853 -0
    outer loop
      vertex -36 -50 2.5
      vertex -36.3916 -49.9743 0
      vertex -36 -50 0
    endloop
  endfacet
  facet normal 0.896961 0.44211 0
    outer loop
      vertex 38.7716 48.148 2.5
      vertex 38.5981 48.5 0
      vertex 38.5981 48.5 2.5
    endloop
  endfacet
  facet normal 0.896961 0.44211 0
    outer loop
      vertex 38.5981 48.5 0
      vertex 38.7716 48.148 2.5
      vertex 38.7716 48.148 0
    endloop
  endfacet
  facet normal 0.831501 0.555523 0
    outer loop
      vertex 38.5981 48.5 2.5
      vertex 38.3801 48.8263 0
      vertex 38.3801 48.8263 2.5
    endloop
  endfacet
  facet normal 0.831501 0.555523 0
    outer loop
      vertex 38.3801 48.8263 0
      vertex 38.5981 48.5 2.5
      vertex 38.5981 48.5 0
    endloop
  endfacet
  facet normal 0.44211 -0.896961 0
    outer loop
      vertex 37.148 -49.7716 0
      vertex 37.5 -49.5981 2.5
      vertex 37.148 -49.7716 2.5
    endloop
  endfacet
  facet normal 0.44211 -0.896961 0
    outer loop
      vertex 37.5 -49.5981 2.5
      vertex 37.148 -49.7716 0
      vertex 37.5 -49.5981 0
    endloop
  endfacet
  facet normal 0.896961 -0.44211 0
    outer loop
      vertex 38.5981 -48.5 2.5
      vertex 38.7716 -48.148 0
      vertex 38.7716 -48.148 2.5
    endloop
  endfacet
  facet normal 0.896961 -0.44211 0
    outer loop
      vertex 38.7716 -48.148 0
      vertex 38.5981 -48.5 2.5
      vertex 38.5981 -48.5 0
    endloop
  endfacet
  facet normal -0.946858 -0.321651 0
    outer loop
      vertex -38.7716 -48.148 0
      vertex -38.8978 -47.7765 2.5
      vertex -38.8978 -47.7765 0
    endloop
  endfacet
  facet normal -0.946858 -0.321651 0
    outer loop
      vertex -38.8978 -47.7765 2.5
      vertex -38.7716 -48.148 0
      vertex -38.7716 -48.148 2.5
    endloop
  endfacet
  facet normal 0.751724 -0.659478 0
    outer loop
      vertex 38.1213 -49.1213 2.5
      vertex 38.3801 -48.8263 0
      vertex 38.3801 -48.8263 2.5
    endloop
  endfacet
  facet normal 0.751724 -0.659478 0
    outer loop
      vertex 38.3801 -48.8263 0
      vertex 38.1213 -49.1213 2.5
      vertex 38.1213 -49.1213 0
    endloop
  endfacet
  facet normal -0.980815 -0.19494 0
    outer loop
      vertex -38.8978 -47.7765 0
      vertex -38.9743 -47.3916 2.5
      vertex -38.9743 -47.3916 0
    endloop
  endfacet
  facet normal -0.980815 -0.19494 0
    outer loop
      vertex -38.9743 -47.3916 2.5
      vertex -38.8978 -47.7765 0
      vertex -38.8978 -47.7765 2.5
    endloop
  endfacet
  facet normal 0.831501 -0.555523 0
    outer loop
      vertex 38.3801 -48.8263 2.5
      vertex 38.5981 -48.5 0
      vertex 38.5981 -48.5 2.5
    endloop
  endfacet
  facet normal 0.831501 -0.555523 0
    outer loop
      vertex 38.5981 -48.5 0
      vertex 38.3801 -48.8263 2.5
      vertex 38.3801 -48.8263 0
    endloop
  endfacet
  facet normal 0.555523 -0.831501 0
    outer loop
      vertex 37.5 -49.5981 0
      vertex 37.8263 -49.3801 2.5
      vertex 37.5 -49.5981 2.5
    endloop
  endfacet
  facet normal 0.555523 -0.831501 0
    outer loop
      vertex 37.8263 -49.3801 2.5
      vertex 37.5 -49.5981 0
      vertex 37.8263 -49.3801 0
    endloop
  endfacet
  facet normal -0.19494 -0.980815 0
    outer loop
      vertex -36.7765 -49.8978 0
      vertex -36.3916 -49.9743 2.5
      vertex -36.7765 -49.8978 2.5
    endloop
  endfacet
  facet normal -0.19494 -0.980815 -0
    outer loop
      vertex -36.3916 -49.9743 2.5
      vertex -36.7765 -49.8978 0
      vertex -36.3916 -49.9743 0
    endloop
  endfacet
  facet normal -0.997853 0.0654873 0
    outer loop
      vertex -39 47 0
      vertex -38.9743 47.3916 2.5
      vertex -38.9743 47.3916 0
    endloop
  endfacet
  facet normal -0.997853 0.0654873 0
    outer loop
      vertex -38.9743 47.3916 2.5
      vertex -39 47 0
      vertex -39 47 2.5
    endloop
  endfacet
  facet normal 0 0 1
    outer loop
      vertex -15.7685 25.7685 2.5
      vertex -32.675 43.0711 2.5
      vertex -17.6918 23.5754 2.5
    endloop
  endfacet
  facet normal 0 0 1
    outer loop
      vertex -22.1092 7.08927 2.5
      vertex -31.8641 -44.2846 2.5
      vertex -31.85 -44.5 2.5
    endloop
  endfacet
  facet normal -0 0 1
    outer loop
      vertex -32.8686 42.9756 2.5
      vertex -17.6918 23.5754 2.5
      vertex -32.675 43.0711 2.5
    endloop
  endfacet
  facet normal 0 0 1
    outer loop
      vertex -22.1092 7.08927 2.5
      vertex -31.9062 -44.0729 2.5
      vertex -31.8641 -44.2846 2.5
    endloop
  endfacet
  facet normal -0 0 1
    outer loop
      vertex -33.0729 42.9062 2.5
      vertex -17.6918 23.5754 2.5
      vertex -32.8686 42.9756 2.5
    endloop
  endfacet
  facet normal 0 0 1
    outer loop
      vertex -22.1092 7.08927 2.5
      vertex -31.9756 -43.8686 2.5
      vertex -31.9062 -44.0729 2.5
    endloop
  endfacet
  facet normal 0 0 1
    outer loop
      vertex -17.6918 23.5754 2.5
      vertex -33.0729 42.9062 2.5
      vertex -19.3124 21.15 2.5
    endloop
  endfacet
  facet normal 0 0 1
    outer loop
      vertex -22.1092 7.08927 2.5
      vertex -32.0711 -43.675 2.5
      vertex -31.9756 -43.8686 2.5
    endloop
  endfacet
  facet normal -0 0 1
    outer loop
      vertex -33.2846 42.8641 2.5
      vertex -19.3124 21.15 2.5
      vertex -33.0729 42.9062 2.5
    endloop
  endfacet
  facet normal 0 0 1
    outer loop
      vertex -22.1092 7.08927 2.5
      vertex -32.191 -43.4955 2.5
      vertex -32.0711 -43.675 2.5
    endloop
  endfacet
  facet normal -0 0 1
    outer loop
      vertex -33.5 42.85 2.5
      vertex -19.3124 21.15 2.5
      vertex -33.2846 42.8641 2.5
    endloop
  endfacet
  facet normal 0 0 1
    outer loop
      vertex -22.1092 7.08927 2.5
      vertex -32.3333 -43.3333 2.5
      vertex -32.191 -43.4955 2.5
    endloop
  endfacet
  facet normal 0 0 1
    outer loop
      vertex -19.3124 21.15 2.5
      vertex -33.5 42.85 2.5
      vertex -20.6025 18.5338 2.5
    endloop
  endfacet
  facet normal 0 0 1
    outer loop
      vertex -22.1092 7.08927 2.5
      vertex -32.4955 -43.191 2.5
      vertex -32.3333 -43.3333 2.5
    endloop
  endfacet
  facet normal 0 0 1
    outer loop
      vertex -33.7154 42.8641 2.5
      vertex -20.6025 18.5338 2.5
      vertex -33.5 42.85 2.5
    endloop
  endfacet
  facet normal 0 0 1
    outer loop
      vertex -22.1092 7.08927 2.5
      vertex -32.675 -43.0711 2.5
      vertex -32.4955 -43.191 2.5
    endloop
  endfacet
  facet normal 0 0 1
    outer loop
      vertex -33.9271 42.9062 2.5
      vertex -20.6025 18.5338 2.5
      vertex -33.7154 42.8641 2.5
    endloop
  endfacet
  facet normal 0 0 1
    outer loop
      vertex -22.1092 7.08927 2.5
      vertex -32.8686 -42.9756 2.5
      vertex -32.675 -43.0711 2.5
    endloop
  endfacet
  facet normal 0 0 1
    outer loop
      vertex -20.6025 18.5338 2.5
      vertex -33.9271 42.9062 2.5
      vertex -21.5401 15.7717 2.5
    endloop
  endfacet
  facet normal 0 0 1
    outer loop
      vertex -22.1092 7.08927 2.5
      vertex -33.0729 -42.9062 2.5
      vertex -32.8686 -42.9756 2.5
    endloop
  endfacet
  facet normal 0 0 1
    outer loop
      vertex -34.1314 42.9756 2.5
      vertex -21.5401 15.7717 2.5
      vertex -33.9271 42.9062 2.5
    endloop
  endfacet
  facet normal 0 0 1
    outer loop
      vertex -22.1092 7.08927 2.5
      vertex -33.2846 -42.8641 2.5
      vertex -33.0729 -42.9062 2.5
    endloop
  endfacet
  facet normal 0 0 1
    outer loop
      vertex -34.325 43.0711 2.5
      vertex -21.5401 15.7717 2.5
      vertex -34.1314 42.9756 2.5
    endloop
  endfacet
  facet normal 0 0 1
    outer loop
      vertex -22.1092 7.08927 2.5
      vertex -33.5 -42.85 2.5
      vertex -33.2846 -42.8641 2.5
    endloop
  endfacet
  facet normal 0 0 1
    outer loop
      vertex -21.5401 15.7717 2.5
      vertex -34.325 43.0711 2.5
      vertex -22.1092 12.9107 2.5
    endloop
  endfacet
  facet normal 0 0 1
    outer loop
      vertex -22.1092 7.08927 2.5
      vertex -33.7154 -42.8641 2.5
      vertex -33.5 -42.85 2.5
    endloop
  endfacet
  facet normal 0 0 1
    outer loop
      vertex -34.5045 43.191 2.5
      vertex -22.1092 12.9107 2.5
      vertex -34.325 43.0711 2.5
    endloop
  endfacet
  facet normal 0 0 1
    outer loop
      vertex -22.1092 7.08927 2.5
      vertex -33.9271 -42.9062 2.5
      vertex -33.7154 -42.8641 2.5
    endloop
  endfacet
  facet normal 0 0 1
    outer loop
      vertex -34.6667 43.3333 2.5
      vertex -22.1092 12.9107 2.5
      vertex -34.5045 43.191 2.5
    endloop
  endfacet
  facet normal 0 0 1
    outer loop
      vertex -22.1092 7.08927 2.5
      vertex -34.1314 -42.9756 2.5
      vertex -33.9271 -42.9062 2.5
    endloop
  endfacet
  facet normal 0 0 1
    outer loop
      vertex -22.1092 12.9107 2.5
      vertex -34.6667 43.3333 2.5
      vertex -22.3 10 2.5
    endloop
  endfacet
  facet normal 0 0 1
    outer loop
      vertex -22.1092 7.08927 2.5
      vertex -34.325 -43.0711 2.5
      vertex -34.1314 -42.9756 2.5
    endloop
  endfacet
  facet normal 0 0 1
    outer loop
      vertex -39 47 2.5
      vertex -22.3 10 2.5
      vertex -34.6667 43.3333 2.5
    endloop
  endfacet
  facet normal 0 0 1
    outer loop
      vertex -22.1092 7.08927 2.5
      vertex -34.5045 -43.191 2.5
      vertex -34.325 -43.0711 2.5
    endloop
  endfacet
  facet normal 0 0 1
    outer loop
      vertex -22.3 10 2.5
      vertex -39 47 2.5
      vertex -22.1092 7.08927 2.5
    endloop
  endfacet
  facet normal 0 0 1
    outer loop
      vertex -22.1092 7.08927 2.5
      vertex -34.6667 -43.3333 2.5
      vertex -34.5045 -43.191 2.5
    endloop
  endfacet
  facet normal 0 0 1
    outer loop
      vertex -39 47 2.5
      vertex -34.6667 43.3333 2.5
      vertex -34.809 43.4955 2.5
    endloop
  endfacet
  facet normal 0 0 1
    outer loop
      vertex -39 -47 2.5
      vertex -22.1092 7.08927 2.5
      vertex -39 47 2.5
    endloop
  endfacet
  facet normal 0 0 1
    outer loop
      vertex -39 47 2.5
      vertex -34.809 43.4955 2.5
      vertex -34.9289 43.675 2.5
    endloop
  endfacet
  facet normal 0 0 1
    outer loop
      vertex -22.1092 7.08927 2.5
      vertex -39 -47 2.5
      vertex -34.6667 -43.3333 2.5
    endloop
  endfacet
  facet normal 0 0 1
    outer loop
      vertex -39 47 2.5
      vertex -34.9289 43.675 2.5
      vertex -35.0244 43.8686 2.5
    endloop
  endfacet
  facet normal 0 0 1
    outer loop
      vertex -34.6667 -43.3333 2.5
      vertex -39 -47 2.5
      vertex -34.809 -43.4955 2.5
    endloop
  endfacet
  facet normal 0 0 1
    outer loop
      vertex -39 47 2.5
      vertex -35.0244 43.8686 2.5
      vertex -35.0938 44.0729 2.5
    endloop
  endfacet
  facet normal 0 0 1
    outer loop
      vertex -34.809 -43.4955 2.5
      vertex -39 -47 2.5
      vertex -34.9289 -43.675 2.5
    endloop
  endfacet
  facet normal 0 0 1
    outer loop
      vertex -39 47 2.5
      vertex -35.0938 44.0729 2.5
      vertex -35.1359 44.2846 2.5
    endloop
  endfacet
  facet normal 0 0 1
    outer loop
      vertex -34.9289 -43.675 2.5
      vertex -39 -47 2.5
      vertex -35.0244 -43.8686 2.5
    endloop
  endfacet
  facet normal 0 0 1
    outer loop
      vertex -39 47 2.5
      vertex -35.1359 44.2846 2.5
      vertex -35.15 44.5 2.5
    endloop
  endfacet
  facet normal 0 0 1
    outer loop
      vertex -35.0244 -43.8686 2.5
      vertex -39 -47 2.5
      vertex -35.0938 -44.0729 2.5
    endloop
  endfacet
  facet normal 0 0 1
    outer loop
      vertex 35.0244 43.8686 2.5
      vertex 39 47 2.5
      vertex 35.0938 44.0729 2.5
    endloop
  endfacet
  facet normal 0 0 1
    outer loop
      vertex 39 -47 2.5
      vertex 35.1359 -44.2846 2.5
      vertex 35.15 -44.5 2.5
    endloop
  endfacet
  facet normal 0 0 1
    outer loop
      vertex 34.9289 43.675 2.5
      vertex 39 47 2.5
      vertex 35.0244 43.8686 2.5
    endloop
  endfacet
  facet normal 0 0 1
    outer loop
      vertex 39 -47 2.5
      vertex 35.0938 -44.0729 2.5
      vertex 35.1359 -44.2846 2.5
    endloop
  endfacet
  facet normal 0 0 1
    outer loop
      vertex 34.809 43.4955 2.5
      vertex 39 47 2.5
      vertex 34.9289 43.675 2.5
    endloop
  endfacet
  facet normal 0 0 1
    outer loop
      vertex 39 -47 2.5
      vertex 35.0244 -43.8686 2.5
      vertex 35.0938 -44.0729 2.5
    endloop
  endfacet
  facet normal 0 0 1
    outer loop
      vertex 34.6667 43.3333 2.5
      vertex 39 47 2.5
      vertex 34.809 43.4955 2.5
    endloop
  endfacet
  facet normal 0 0 1
    outer loop
      vertex 39 -47 2.5
      vertex 34.9289 -43.675 2.5
      vertex 35.0244 -43.8686 2.5
    endloop
  endfacet
  facet normal 0 0 1
    outer loop
      vertex 39 47 2.5
      vertex 22.1092 7.08927 2.5
      vertex 39 -47 2.5
    endloop
  endfacet
  facet normal 0 0 1
    outer loop
      vertex 39 -47 2.5
      vertex 34.809 -43.4955 2.5
      vertex 34.9289 -43.675 2.5
    endloop
  endfacet
  facet normal 0 0 1
    outer loop
      vertex 39 47 2.5
      vertex 34.6667 43.3333 2.5
      vertex 22.3 10 2.5
    endloop
  endfacet
  facet normal -0 0 1
    outer loop
      vertex 21.5401 4.22834 2.5
      vertex 39 -47 2.5
      vertex 22.1092 7.08927 2.5
    endloop
  endfacet
  facet normal 0 0 1
    outer loop
      vertex 22.1092 12.9107 2.5
      vertex 34.6667 43.3333 2.5
      vertex 34.5045 43.191 2.5
    endloop
  endfacet
  facet normal 0 0 1
    outer loop
      vertex 39 -47 2.5
      vertex 34.6667 -43.3333 2.5
      vertex 34.809 -43.4955 2.5
    endloop
  endfacet
  facet normal 0 0 1
    outer loop
      vertex 22.1092 12.9107 2.5
      vertex 34.5045 43.191 2.5
      vertex 34.325 43.0711 2.5
    endloop
  endfacet
  facet normal 0 0 1
    outer loop
      vertex 39 -47 2.5
      vertex 21.5401 4.22834 2.5
      vertex 34.6667 -43.3333 2.5
    endloop
  endfacet
  facet normal 0 0 1
    outer loop
      vertex 21.5401 15.7717 2.5
      vertex 34.325 43.0711 2.5
      vertex 34.1314 42.9756 2.5
    endloop
  endfacet
  facet normal 0 0 1
    outer loop
      vertex 34.6667 -43.3333 2.5
      vertex 21.5401 4.22834 2.5
      vertex 34.5045 -43.191 2.5
    endloop
  endfacet
  facet normal 0 0 1
    outer loop
      vertex 21.5401 15.7717 2.5
      vertex 34.1314 42.9756 2.5
      vertex 33.9271 42.9062 2.5
    endloop
  endfacet
  facet normal -0 0 1
    outer loop
      vertex 20.6025 1.46616 2.5
      vertex 34.5045 -43.191 2.5
      vertex 21.5401 4.22834 2.5
    endloop
  endfacet
  facet normal 0 0 1
    outer loop
      vertex 20.6025 18.5338 2.5
      vertex 33.9271 42.9062 2.5
      vertex 33.7154 42.8641 2.5
    endloop
  endfacet
  facet normal 0 0 1
    outer loop
      vertex 34.5045 -43.191 2.5
      vertex 20.6025 1.46616 2.5
      vertex 34.325 -43.0711 2.5
    endloop
  endfacet
  facet normal 0 0 1
    outer loop
      vertex 20.6025 18.5338 2.5
      vertex 33.7154 42.8641 2.5
      vertex 33.5 42.85 2.5
    endloop
  endfacet
  facet normal -0 0 1
    outer loop
      vertex 19.3124 -1.15 2.5
      vertex 34.325 -43.0711 2.5
      vertex 20.6025 1.46616 2.5
    endloop
  endfacet
  facet normal 0 0 1
    outer loop
      vertex 19.3124 21.15 2.5
      vertex 33.5 42.85 2.5
      vertex 33.2846 42.8641 2.5
    endloop
  endfacet
  facet normal 0 0 1
    outer loop
      vertex 34.325 -43.0711 2.5
      vertex 19.3124 -1.15 2.5
      vertex 34.1314 -42.9756 2.5
    endloop
  endfacet
  facet normal 0 0 1
    outer loop
      vertex 19.3124 21.15 2.5
      vertex 33.2846 42.8641 2.5
      vertex 33.0729 42.9062 2.5
    endloop
  endfacet
  facet normal 0 0 1
    outer loop
      vertex 34.1314 -42.9756 2.5
      vertex 19.3124 -1.15 2.5
      vertex 33.9271 -42.9062 2.5
    endloop
  endfacet
  facet normal 0 0 1
    outer loop
      vertex 17.6918 23.5754 2.5
      vertex 33.0729 42.9062 2.5
      vertex 32.8686 42.9756 2.5
    endloop
  endfacet
  facet normal -0 0 1
    outer loop
      vertex 17.6918 -3.57538 2.5
      vertex 33.9271 -42.9062 2.5
      vertex 19.3124 -1.15 2.5
    endloop
  endfacet
  facet normal 0 0 1
    outer loop
      vertex 17.6918 23.5754 2.5
      vertex 32.8686 42.9756 2.5
      vertex 32.675 43.0711 2.5
    endloop
  endfacet
  facet normal 0 0 1
    outer loop
      vertex 33.9271 -42.9062 2.5
      vertex 17.6918 -3.57538 2.5
      vertex 33.7154 -42.8641 2.5
    endloop
  endfacet
  facet normal 0 0 1
    outer loop
      vertex 15.7685 25.7685 2.5
      vertex 32.675 43.0711 2.5
      vertex 32.4955 43.191 2.5
    endloop
  endfacet
  facet normal 0 0 1
    outer loop
      vertex 33.7154 -42.8641 2.5
      vertex 17.6918 -3.57538 2.5
      vertex 33.5 -42.85 2.5
    endloop
  endfacet
  facet normal 0 0 1
    outer loop
      vertex 15.7685 25.7685 2.5
      vertex 32.4955 43.191 2.5
      vertex 32.3333 43.3333 2.5
    endloop
  endfacet
  facet normal -0 0 1
    outer loop
      vertex 15.7685 -5.76848 2.5
      vertex 33.5 -42.85 2.5
      vertex 17.6918 -3.57538 2.5
    endloop
  endfacet
  facet normal 0 0 1
    outer loop
      vertex 15.7685 25.7685 2.5
      vertex 32.3333 43.3333 2.5
      vertex 32.191 43.4955 2.5
    endloop
  endfacet
  facet normal 0 0 1
    outer loop
      vertex 33.5 -42.85 2.5
      vertex 15.7685 -5.76848 2.5
      vertex 33.2846 -42.8641 2.5
    endloop
  endfacet
  facet normal 0 0 1
    outer loop
      vertex 13.5754 27.6918 2.5
      vertex 32.191 43.4955 2.5
      vertex 32.0711 43.675 2.5
    endloop
  endfacet
  facet normal 0 0 1
    outer loop
      vertex 33.2846 -42.8641 2.5
      vertex 15.7685 -5.76848 2.5
      vertex 33.0729 -42.9062 2.5
    endloop
  endfacet
  facet normal 0 0 1
    outer loop
      vertex 13.5754 27.6918 2.5
      vertex 32.0711 43.675 2.5
      vertex 31.9756 43.8686 2.5
    endloop
  endfacet
  facet normal -0 0 1
    outer loop
      vertex 13.5754 -7.69178 2.5
      vertex 33.0729 -42.9062 2.5
      vertex 15.7685 -5.76848 2.5
    endloop
  endfacet
  facet normal 0 0 1
    outer loop
      vertex 11.15 29.3124 2.5
      vertex 31.9756 43.8686 2.5
      vertex 31.9062 44.0729 2.5
    endloop
  endfacet
  facet normal 0 0 1
    outer loop
      vertex 33.0729 -42.9062 2.5
      vertex 13.5754 -7.69178 2.5
      vertex 32.8686 -42.9756 2.5
    endloop
  endfacet
  facet normal 0 0 1
    outer loop
      vertex 11.15 29.3124 2.5
      vertex 31.9062 44.0729 2.5
      vertex 31.8641 44.2846 2.5
    endloop
  endfacet
  facet normal 0 0 1
    outer loop
      vertex 32.8686 -42.9756 2.5
      vertex 13.5754 -7.69178 2.5
      vertex 32.675 -43.0711 2.5
    endloop
  endfacet
  facet normal 0 0 1
    outer loop
      vertex 11.15 29.3124 2.5
      vertex 31.8641 44.2846 2.5
      vertex 31.85 44.5 2.5
    endloop
  endfacet
  facet normal -0 0 1
    outer loop
      vertex 11.15 -9.31237 2.5
      vertex 32.675 -43.0711 2.5
      vertex 13.5754 -7.69178 2.5
    endloop
  endfacet
  facet normal 0 0 1
    outer loop
      vertex 34.809 45.5045 2.5
      vertex 39 47 2.5
      vertex 38.9743 47.3916 2.5
    endloop
  endfacet
  facet normal 0 0 1
    outer loop
      vertex 35.1359 44.2846 2.5
      vertex 39 47 2.5
      vertex 35.15 44.5 2.5
    endloop
  endfacet
  facet normal 0 0 1
    outer loop
      vertex 34.809 45.5045 2.5
      vertex 38.9743 47.3916 2.5
      vertex 38.8978 47.7765 2.5
    endloop
  endfacet
  facet normal 0 0 1
    outer loop
      vertex 35.0938 44.0729 2.5
      vertex 39 47 2.5
      vertex 35.1359 44.2846 2.5
    endloop
  endfacet
  facet normal 0 0 1
    outer loop
      vertex 34.809 45.5045 2.5
      vertex 38.8978 47.7765 2.5
      vertex 38.7716 48.148 2.5
    endloop
  endfacet
  facet normal -0 0 1
    outer loop
      vertex 35.1359 -44.7154 2.5
      vertex 39 -47 2.5
      vertex 35.15 -44.5 2.5
    endloop
  endfacet
  facet normal 0 0 1
    outer loop
      vertex 34.6667 45.6667 2.5
      vertex 38.7716 48.148 2.5
      vertex 38.5981 48.5 2.5
    endloop
  endfacet
  facet normal -0 0 1
    outer loop
      vertex 35.0938 -44.9271 2.5
      vertex 39 -47 2.5
      vertex 35.1359 -44.7154 2.5
    endloop
  endfacet
  facet normal 0 0 1
    outer loop
      vertex 34.6667 45.6667 2.5
      vertex 38.5981 48.5 2.5
      vertex 38.3801 48.8263 2.5
    endloop
  endfacet
  facet normal -0 0 1
    outer loop
      vertex 35.0244 -45.1314 2.5
      vertex 39 -47 2.5
      vertex 35.0938 -44.9271 2.5
    endloop
  endfacet
  facet normal 0 0 1
    outer loop
      vertex 34.6667 45.6667 2.5
      vertex 38.3801 48.8263 2.5
      vertex 38.1213 49.1213 2.5
    endloop
  endfacet
  facet normal -0 0 1
    outer loop
      vertex 34.9289 -45.325 2.5
      vertex 39 -47 2.5
      vertex 35.0244 -45.1314 2.5
    endloop
  endfacet
  facet normal 0 0 1
    outer loop
      vertex 34.6667 45.6667 2.5
      vertex 38.1213 49.1213 2.5
      vertex 37.8263 49.3801 2.5
    endloop
  endfacet
  facet normal -0 0 1
    outer loop
      vertex 34.809 -45.5045 2.5
      vertex 39 -47 2.5
      vertex 34.9289 -45.325 2.5
    endloop
  endfacet
  facet normal 0 0 1
    outer loop
      vertex 34.6667 45.6667 2.5
      vertex 37.8263 49.3801 2.5
      vertex 37.5 49.5981 2.5
    endloop
  endfacet
  facet normal 0 0 1
    outer loop
      vertex 39 -47 2.5
      vertex 34.809 -45.5045 2.5
      vertex 38.9743 -47.3916 2.5
    endloop
  endfacet
  facet normal 0 0 1
    outer loop
      vertex 34.6667 45.6667 2.5
      vertex 37.5 49.5981 2.5
      vertex 37.148 49.7716 2.5
    endloop
  endfacet
  facet normal 0 0 1
    outer loop
      vertex 38.9743 -47.3916 2.5
      vertex 34.809 -45.5045 2.5
      vertex 38.8978 -47.7765 2.5
    endloop
  endfacet
  facet normal 0 0 1
    outer loop
      vertex 34.6667 45.6667 2.5
      vertex 37.148 49.7716 2.5
      vertex 36.7765 49.8978 2.5
    endloop
  endfacet
  facet normal 0 0 1
    outer loop
      vertex 38.8978 -47.7765 2.5
      vertex 34.809 -45.5045 2.5
      vertex 38.7716 -48.148 2.5
    endloop
  endfacet
  facet normal 0 0 1
    outer loop
      vertex 34.5045 45.809 2.5
      vertex 36.7765 49.8978 2.5
      vertex 36.3916 49.9743 2.5
    endloop
  endfacet
  facet normal -0 0 1
    outer loop
      vertex 34.6667 -45.6667 2.5
      vertex 38.7716 -48.148 2.5
      vertex 34.809 -45.5045 2.5
    endloop
  endfacet
  facet normal 0 0 1
    outer loop
      vertex 34.5045 45.809 2.5
      vertex 36.3916 49.9743 2.5
      vertex 36 50 2.5
    endloop
  endfacet
  facet normal 0 0 1
    outer loop
      vertex 38.7716 -48.148 2.5
      vertex 34.6667 -45.6667 2.5
      vertex 38.5981 -48.5 2.5
    endloop
  endfacet
  facet normal 0 0 1
    outer loop
      vertex 38.5981 -48.5 2.5
      vertex 34.6667 -45.6667 2.5
      vertex 38.3801 -48.8263 2.5
    endloop
  endfacet
  facet normal 0 0 1
    outer loop
      vertex 39 47 2.5
      vertex 35.1359 44.7154 2.5
      vertex 35.15 44.5 2.5
    endloop
  endfacet
  facet normal 0 0 1
    outer loop
      vertex 39 47 2.5
      vertex 35.0938 44.9271 2.5
      vertex 35.1359 44.7154 2.5
    endloop
  endfacet
  facet normal 0 0 1
    outer loop
      vertex 39 47 2.5
      vertex 35.0244 45.1314 2.5
      vertex 35.0938 44.9271 2.5
    endloop
  endfacet
  facet normal 0 0 1
    outer loop
      vertex 39 47 2.5
      vertex 34.9289 45.325 2.5
      vertex 35.0244 45.1314 2.5
    endloop
  endfacet
  facet normal 0 0 1
    outer loop
      vertex 39 47 2.5
      vertex 34.809 45.5045 2.5
      vertex 34.9289 45.325 2.5
    endloop
  endfacet
  facet normal 0 0 1
    outer loop
      vertex 38.7716 48.148 2.5
      vertex 34.6667 45.6667 2.5
      vertex 34.809 45.5045 2.5
    endloop
  endfacet
  facet normal 0 0 1
    outer loop
      vertex 36.7765 49.8978 2.5
      vertex 34.5045 45.809 2.5
      vertex 34.6667 45.6667 2.5
    endloop
  endfacet
  facet normal 0 0 1
    outer loop
      vertex 36 50 2.5
      vertex 34.325 45.9289 2.5
      vertex 34.5045 45.809 2.5
    endloop
  endfacet
  facet normal 0 0 1
    outer loop
      vertex 36 50 2.5
      vertex 34.1314 46.0244 2.5
      vertex 34.325 45.9289 2.5
    endloop
  endfacet
  facet normal 0 0 1
    outer loop
      vertex 36 50 2.5
      vertex 33.9271 46.0938 2.5
      vertex 34.1314 46.0244 2.5
    endloop
  endfacet
  facet normal 0 0 1
    outer loop
      vertex 36 50 2.5
      vertex 33.7154 46.1359 2.5
      vertex 33.9271 46.0938 2.5
    endloop
  endfacet
  facet normal 0 0 1
    outer loop
      vertex 36 50 2.5
      vertex 33.5 46.15 2.5
      vertex 33.7154 46.1359 2.5
    endloop
  endfacet
  facet normal 0 0 1
    outer loop
      vertex 36 50 2.5
      vertex 33.2846 46.1359 2.5
      vertex 33.5 46.15 2.5
    endloop
  endfacet
  facet normal 0 0 1
    outer loop
      vertex 36 50 2.5
      vertex 33.0729 46.0938 2.5
      vertex 33.2846 46.1359 2.5
    endloop
  endfacet
  facet normal 0 0 1
    outer loop
      vertex 36 50 2.5
      vertex 32.8686 46.0244 2.5
      vertex 33.0729 46.0938 2.5
    endloop
  endfacet
  facet normal 0 0 1
    outer loop
      vertex 36 50 2.5
      vertex 32.675 45.9289 2.5
      vertex 32.8686 46.0244 2.5
    endloop
  endfacet
  facet normal 0 0 1
    outer loop
      vertex 36 50 2.5
      vertex 32.4955 45.809 2.5
      vertex 32.675 45.9289 2.5
    endloop
  endfacet
  facet normal 0 0 1
    outer loop
      vertex 36 50 2.5
      vertex 32.3333 45.6667 2.5
      vertex 32.4955 45.809 2.5
    endloop
  endfacet
  facet normal 0 0 1
    outer loop
      vertex 0 32.3 2.5
      vertex 32.3333 45.6667 2.5
      vertex 36 50 2.5
    endloop
  endfacet
  facet normal 0 0 1
    outer loop
      vertex 39 47 2.5
      vertex 22.3 10 2.5
      vertex 22.1092 7.08927 2.5
    endloop
  endfacet
  facet normal 0 0 1
    outer loop
      vertex 8.53384 30.6025 2.5
      vertex 31.85 44.5 2.5
      vertex 31.8641 44.7154 2.5
    endloop
  endfacet
  facet normal 0 0 1
    outer loop
      vertex 8.53384 30.6025 2.5
      vertex 31.8641 44.7154 2.5
      vertex 31.9062 44.9271 2.5
    endloop
  endfacet
  facet normal 0 0 1
    outer loop
      vertex 34.6667 43.3333 2.5
      vertex 22.1092 12.9107 2.5
      vertex 22.3 10 2.5
    endloop
  endfacet
  facet normal 0 0 1
    outer loop
      vertex 34.325 43.0711 2.5
      vertex 21.5401 15.7717 2.5
      vertex 22.1092 12.9107 2.5
    endloop
  endfacet
  facet normal 0 0 1
    outer loop
      vertex 5.77166 31.5401 2.5
      vertex 31.9062 44.9271 2.5
      vertex 31.9756 45.1314 2.5
    endloop
  endfacet
  facet normal 0 0 1
    outer loop
      vertex 33.9271 42.9062 2.5
      vertex 20.6025 18.5338 2.5
      vertex 21.5401 15.7717 2.5
    endloop
  endfacet
  facet normal 0 0 1
    outer loop
      vertex 33.5 42.85 2.5
      vertex 19.3124 21.15 2.5
      vertex 20.6025 18.5338 2.5
    endloop
  endfacet
  facet normal 0 0 1
    outer loop
      vertex 5.77166 31.5401 2.5
      vertex 31.9756 45.1314 2.5
      vertex 32.0711 45.325 2.5
    endloop
  endfacet
  facet normal 0 0 1
    outer loop
      vertex 33.0729 42.9062 2.5
      vertex 17.6918 23.5754 2.5
      vertex 19.3124 21.15 2.5
    endloop
  endfacet
  facet normal 0 0 1
    outer loop
      vertex 32.675 43.0711 2.5
      vertex 15.7685 25.7685 2.5
      vertex 17.6918 23.5754 2.5
    endloop
  endfacet
  facet normal 0 0 1
    outer loop
      vertex 2.91073 32.1092 2.5
      vertex 32.0711 45.325 2.5
      vertex 32.191 45.5045 2.5
    endloop
  endfacet
  facet normal 0 0 1
    outer loop
      vertex 32.191 43.4955 2.5
      vertex 13.5754 27.6918 2.5
      vertex 15.7685 25.7685 2.5
    endloop
  endfacet
  facet normal 0 0 1
    outer loop
      vertex 32.3333 45.6667 2.5
      vertex 0 32.3 2.5
      vertex 32.191 45.5045 2.5
    endloop
  endfacet
  facet normal 0 0 1
    outer loop
      vertex 31.9756 43.8686 2.5
      vertex 11.15 29.3124 2.5
      vertex 13.5754 27.6918 2.5
    endloop
  endfacet
  facet normal 0 0 1
    outer loop
      vertex 31.85 44.5 2.5
      vertex 8.53384 30.6025 2.5
      vertex 11.15 29.3124 2.5
    endloop
  endfacet
  facet normal 0 0 1
    outer loop
      vertex 31.9062 44.9271 2.5
      vertex 5.77166 31.5401 2.5
      vertex 8.53384 30.6025 2.5
    endloop
  endfacet
  facet normal 0 0 1
    outer loop
      vertex 32.0711 45.325 2.5
      vertex 2.91073 32.1092 2.5
      vertex 5.77166 31.5401 2.5
    endloop
  endfacet
  facet normal 0 0 1
    outer loop
      vertex 32.191 45.5045 2.5
      vertex 0 32.3 2.5
      vertex 2.91073 32.1092 2.5
    endloop
  endfacet
  facet normal -0 0 1
    outer loop
      vertex -36 50 2.5
      vertex 0 32.3 2.5
      vertex 36 50 2.5
    endloop
  endfacet
  facet normal -0 -0 1
    outer loop
      vertex -32.191 45.5045 2.5
      vertex 0 32.3 2.5
      vertex -32.3333 45.6667 2.5
    endloop
  endfacet
  facet normal 0 0 1
    outer loop
      vertex 0 32.3 2.5
      vertex -32.191 45.5045 2.5
      vertex -2.91073 32.1092 2.5
    endloop
  endfacet
  facet normal -0 0 1
    outer loop
      vertex -32.3333 43.3333 2.5
      vertex -15.7685 25.7685 2.5
      vertex -32.191 43.4955 2.5
    endloop
  endfacet
  facet normal 0 0 1
    outer loop
      vertex -13.5754 27.6918 2.5
      vertex -32.191 43.4955 2.5
      vertex -15.7685 25.7685 2.5
    endloop
  endfacet
  facet normal -0 0 1
    outer loop
      vertex -32.191 43.4955 2.5
      vertex -13.5754 27.6918 2.5
      vertex -32.0711 43.675 2.5
    endloop
  endfacet
  facet normal -0 0 1
    outer loop
      vertex -32.0711 43.675 2.5
      vertex -13.5754 27.6918 2.5
      vertex -31.9756 43.8686 2.5
    endloop
  endfacet
  facet normal 0 0 1
    outer loop
      vertex -11.15 29.3124 2.5
      vertex -31.9756 43.8686 2.5
      vertex -13.5754 27.6918 2.5
    endloop
  endfacet
  facet normal -0 0 1
    outer loop
      vertex -31.9756 43.8686 2.5
      vertex -11.15 29.3124 2.5
      vertex -31.9062 44.0729 2.5
    endloop
  endfacet
  facet normal -0 0 1
    outer loop
      vertex -31.9062 44.0729 2.5
      vertex -11.15 29.3124 2.5
      vertex -31.8641 44.2846 2.5
    endloop
  endfacet
  facet normal -0 0 1
    outer loop
      vertex -31.8641 44.2846 2.5
      vertex -11.15 29.3124 2.5
      vertex -31.85 44.5 2.5
    endloop
  endfacet
  facet normal 0 0 1
    outer loop
      vertex -8.53384 30.6025 2.5
      vertex -31.85 44.5 2.5
      vertex -11.15 29.3124 2.5
    endloop
  endfacet
  facet normal 0 0 1
    outer loop
      vertex -2.91073 32.1092 2.5
      vertex -32.0711 45.325 2.5
      vertex -5.77166 31.5401 2.5
    endloop
  endfacet
  facet normal 0 0 1
    outer loop
      vertex -8.53384 30.6025 2.5
      vertex -31.8641 44.7154 2.5
      vertex -31.85 44.5 2.5
    endloop
  endfacet
  facet normal 0 0 1
    outer loop
      vertex -8.53384 30.6025 2.5
      vertex -31.9062 44.9271 2.5
      vertex -31.8641 44.7154 2.5
    endloop
  endfacet
  facet normal 0 0 1
    outer loop
      vertex -5.77166 31.5401 2.5
      vertex -31.9062 44.9271 2.5
      vertex -8.53384 30.6025 2.5
    endloop
  endfacet
  facet normal -0 -0 1
    outer loop
      vertex -31.9062 44.9271 2.5
      vertex -5.77166 31.5401 2.5
      vertex -31.9756 45.1314 2.5
    endloop
  endfacet
  facet normal -0 -0 1
    outer loop
      vertex -31.9756 45.1314 2.5
      vertex -5.77166 31.5401 2.5
      vertex -32.0711 45.325 2.5
    endloop
  endfacet
  facet normal -0 -0 1
    outer loop
      vertex -32.0711 45.325 2.5
      vertex -2.91073 32.1092 2.5
      vertex -32.191 45.5045 2.5
    endloop
  endfacet
  facet normal 0 0 1
    outer loop
      vertex 0 32.3 2.5
      vertex -36 50 2.5
      vertex -32.3333 45.6667 2.5
    endloop
  endfacet
  facet normal 0 0 1
    outer loop
      vertex -32.3333 45.6667 2.5
      vertex -36 50 2.5
      vertex -32.4955 45.809 2.5
    endloop
  endfacet
  facet normal 0 0 1
    outer loop
      vertex -32.4955 45.809 2.5
      vertex -36 50 2.5
      vertex -32.675 45.9289 2.5
    endloop
  endfacet
  facet normal 0 0 1
    outer loop
      vertex -32.675 45.9289 2.5
      vertex -36 50 2.5
      vertex -32.8686 46.0244 2.5
    endloop
  endfacet
  facet normal 0 0 1
    outer loop
      vertex -32.8686 46.0244 2.5
      vertex -36 50 2.5
      vertex -33.0729 46.0938 2.5
    endloop
  endfacet
  facet normal 0 0 1
    outer loop
      vertex -33.0729 46.0938 2.5
      vertex -36 50 2.5
      vertex -33.2846 46.1359 2.5
    endloop
  endfacet
  facet normal -0 0 1
    outer loop
      vertex -38.3801 48.8263 2.5
      vertex -34.6667 45.6667 2.5
      vertex -38.1213 49.1213 2.5
    endloop
  endfacet
  facet normal -0 0 1
    outer loop
      vertex -38.1213 49.1213 2.5
      vertex -34.6667 45.6667 2.5
      vertex -37.8263 49.3801 2.5
    endloop
  endfacet
  facet normal -0 0 1
    outer loop
      vertex -37.8263 49.3801 2.5
      vertex -34.6667 45.6667 2.5
      vertex -37.5 49.5981 2.5
    endloop
  endfacet
  facet normal -0 0 1
    outer loop
      vertex -37.5 49.5981 2.5
      vertex -34.6667 45.6667 2.5
      vertex -37.148 49.7716 2.5
    endloop
  endfacet
  facet normal -0 0 1
    outer loop
      vertex -37.148 49.7716 2.5
      vertex -34.6667 45.6667 2.5
      vertex -36.7765 49.8978 2.5
    endloop
  endfacet
  facet normal 0 0 1
    outer loop
      vertex -34.5045 45.809 2.5
      vertex -36.7765 49.8978 2.5
      vertex -34.6667 45.6667 2.5
    endloop
  endfacet
  facet normal -0 0 1
    outer loop
      vertex -36.7765 49.8978 2.5
      vertex -34.5045 45.809 2.5
      vertex -36.3916 49.9743 2.5
    endloop
  endfacet
  facet normal -0 0 1
    outer loop
      vertex -36.3916 49.9743 2.5
      vertex -34.5045 45.809 2.5
      vertex -36 50 2.5
    endloop
  endfacet
  facet normal 0 0 1
    outer loop
      vertex -34.325 45.9289 2.5
      vertex -36 50 2.5
      vertex -34.5045 45.809 2.5
    endloop
  endfacet
  facet normal 0 0 1
    outer loop
      vertex -34.1314 46.0244 2.5
      vertex -36 50 2.5
      vertex -34.325 45.9289 2.5
    endloop
  endfacet
  facet normal 0 0 1
    outer loop
      vertex -33.9271 46.0938 2.5
      vertex -36 50 2.5
      vertex -34.1314 46.0244 2.5
    endloop
  endfacet
  facet normal 0 0 1
    outer loop
      vertex -33.7154 46.1359 2.5
      vertex -36 50 2.5
      vertex -33.9271 46.0938 2.5
    endloop
  endfacet
  facet normal 0 0 1
    outer loop
      vertex -33.5 46.15 2.5
      vertex -36 50 2.5
      vertex -33.7154 46.1359 2.5
    endloop
  endfacet
  facet normal 0 0 1
    outer loop
      vertex -33.2846 46.1359 2.5
      vertex -36 50 2.5
      vertex -33.5 46.15 2.5
    endloop
  endfacet
  facet normal 0 0 1
    outer loop
      vertex 38.3801 -48.8263 2.5
      vertex 34.6667 -45.6667 2.5
      vertex 38.1213 -49.1213 2.5
    endloop
  endfacet
  facet normal 0 0 1
    outer loop
      vertex 38.1213 -49.1213 2.5
      vertex 34.6667 -45.6667 2.5
      vertex 37.8263 -49.3801 2.5
    endloop
  endfacet
  facet normal 0 0 1
    outer loop
      vertex 37.8263 -49.3801 2.5
      vertex 34.6667 -45.6667 2.5
      vertex 37.5 -49.5981 2.5
    endloop
  endfacet
  facet normal 0 0 1
    outer loop
      vertex 37.5 -49.5981 2.5
      vertex 34.6667 -45.6667 2.5
      vertex 37.148 -49.7716 2.5
    endloop
  endfacet
  facet normal 0 0 1
    outer loop
      vertex 37.148 -49.7716 2.5
      vertex 34.6667 -45.6667 2.5
      vertex 36.7765 -49.8978 2.5
    endloop
  endfacet
  facet normal -0 0 1
    outer loop
      vertex 34.5045 -45.809 2.5
      vertex 36.7765 -49.8978 2.5
      vertex 34.6667 -45.6667 2.5
    endloop
  endfacet
  facet normal 0 0 1
    outer loop
      vertex 36.7765 -49.8978 2.5
      vertex 34.5045 -45.809 2.5
      vertex 36.3916 -49.9743 2.5
    endloop
  endfacet
  facet normal 0 0 1
    outer loop
      vertex 36.3916 -49.9743 2.5
      vertex 34.5045 -45.809 2.5
      vertex 36 -50 2.5
    endloop
  endfacet
  facet normal -0 0 1
    outer loop
      vertex 34.325 -45.9289 2.5
      vertex 36 -50 2.5
      vertex 34.5045 -45.809 2.5
    endloop
  endfacet
  facet normal -0 0 1
    outer loop
      vertex 34.1314 -46.0244 2.5
      vertex 36 -50 2.5
      vertex 34.325 -45.9289 2.5
    endloop
  endfacet
  facet normal -0 0 1
    outer loop
      vertex 33.9271 -46.0938 2.5
      vertex 36 -50 2.5
      vertex 34.1314 -46.0244 2.5
    endloop
  endfacet
  facet normal -0 0 1
    outer loop
      vertex 33.7154 -46.1359 2.5
      vertex 36 -50 2.5
      vertex 33.9271 -46.0938 2.5
    endloop
  endfacet
  facet normal -0 0 1
    outer loop
      vertex 33.5 -46.15 2.5
      vertex 36 -50 2.5
      vertex 33.7154 -46.1359 2.5
    endloop
  endfacet
  facet normal 0 0 1
    outer loop
      vertex 33.2846 -46.1359 2.5
      vertex 36 -50 2.5
      vertex 33.5 -46.15 2.5
    endloop
  endfacet
  facet normal 0 0 1
    outer loop
      vertex 33.0729 -46.0938 2.5
      vertex 36 -50 2.5
      vertex 33.2846 -46.1359 2.5
    endloop
  endfacet
  facet normal 0 0 1
    outer loop
      vertex 32.8686 -46.0244 2.5
      vertex 36 -50 2.5
      vertex 33.0729 -46.0938 2.5
    endloop
  endfacet
  facet normal 0 0 1
    outer loop
      vertex 32.675 -45.9289 2.5
      vertex 36 -50 2.5
      vertex 32.8686 -46.0244 2.5
    endloop
  endfacet
  facet normal 0 0 1
    outer loop
      vertex 32.4955 -45.809 2.5
      vertex 36 -50 2.5
      vertex 32.675 -45.9289 2.5
    endloop
  endfacet
  facet normal 0 0 1
    outer loop
      vertex 32.3333 -45.6667 2.5
      vertex 36 -50 2.5
      vertex 32.4955 -45.809 2.5
    endloop
  endfacet
  facet normal 0 0 1
    outer loop
      vertex -32.3333 -45.6667 2.5
      vertex 32.3333 -45.6667 2.5
      vertex 32.191 -45.5045 2.5
    endloop
  endfacet
  facet normal 0 0 1
    outer loop
      vertex 32.675 -43.0711 2.5
      vertex 11.15 -9.31237 2.5
      vertex 32.4955 -43.191 2.5
    endloop
  endfacet
  facet normal 0 0 1
    outer loop
      vertex 32.4955 -43.191 2.5
      vertex 11.15 -9.31237 2.5
      vertex 32.3333 -43.3333 2.5
    endloop
  endfacet
  facet normal -0 0 1
    outer loop
      vertex 8.53384 -10.6025 2.5
      vertex 32.3333 -43.3333 2.5
      vertex 11.15 -9.31237 2.5
    endloop
  endfacet
  facet normal 0 0 1
    outer loop
      vertex 32.3333 -43.3333 2.5
      vertex 8.53384 -10.6025 2.5
      vertex 32.191 -43.4955 2.5
    endloop
  endfacet
  facet normal 0 0 1
    outer loop
      vertex 32.191 -43.4955 2.5
      vertex 8.53384 -10.6025 2.5
      vertex 32.0711 -43.675 2.5
    endloop
  endfacet
  facet normal -0 0 1
    outer loop
      vertex 5.77166 -11.5401 2.5
      vertex 32.0711 -43.675 2.5
      vertex 8.53384 -10.6025 2.5
    endloop
  endfacet
  facet normal 0 0 1
    outer loop
      vertex 32.0711 -43.675 2.5
      vertex 5.77166 -11.5401 2.5
      vertex 31.9756 -43.8686 2.5
    endloop
  endfacet
  facet normal -0 0 1
    outer loop
      vertex 2.91073 -12.1092 2.5
      vertex 31.9756 -43.8686 2.5
      vertex 5.77166 -11.5401 2.5
    endloop
  endfacet
  facet normal 0 0 1
    outer loop
      vertex 31.9756 -43.8686 2.5
      vertex 2.91073 -12.1092 2.5
      vertex 31.9062 -44.0729 2.5
    endloop
  endfacet
  facet normal 0 0 1
    outer loop
      vertex 31.9062 -44.0729 2.5
      vertex 2.91073 -12.1092 2.5
      vertex 31.8641 -44.2846 2.5
    endloop
  endfacet
  facet normal -0 0 1
    outer loop
      vertex 0 -12.3 2.5
      vertex 31.8641 -44.2846 2.5
      vertex 2.91073 -12.1092 2.5
    endloop
  endfacet
  facet normal 0 0 1
    outer loop
      vertex 31.8641 -44.2846 2.5
      vertex 0 -12.3 2.5
      vertex 31.85 -44.5 2.5
    endloop
  endfacet
  facet normal 0 0 1
    outer loop
      vertex -31.85 -44.5 2.5
      vertex 31.85 -44.5 2.5
      vertex 0 -12.3 2.5
    endloop
  endfacet
  facet normal 0 0 1
    outer loop
      vertex 31.85 -44.5 2.5
      vertex -31.85 -44.5 2.5
      vertex 31.8641 -44.7154 2.5
    endloop
  endfacet
  facet normal 0 0 1
    outer loop
      vertex -31.8641 -44.7154 2.5
      vertex 31.8641 -44.7154 2.5
      vertex -31.85 -44.5 2.5
    endloop
  endfacet
  facet normal 0 0 1
    outer loop
      vertex 31.8641 -44.7154 2.5
      vertex -31.8641 -44.7154 2.5
      vertex 31.9062 -44.9271 2.5
    endloop
  endfacet
  facet normal 0 0 1
    outer loop
      vertex -31.9062 -44.9271 2.5
      vertex 31.9062 -44.9271 2.5
      vertex -31.8641 -44.7154 2.5
    endloop
  endfacet
  facet normal 0 0 1
    outer loop
      vertex 31.9062 -44.9271 2.5
      vertex -31.9062 -44.9271 2.5
      vertex 31.9756 -45.1314 2.5
    endloop
  endfacet
  facet normal 0 0 1
    outer loop
      vertex -31.85 -44.5 2.5
      vertex 0 -12.3 2.5
      vertex -2.91073 -12.1092 2.5
    endloop
  endfacet
  facet normal 0 0 1
    outer loop
      vertex -31.85 -44.5 2.5
      vertex -2.91073 -12.1092 2.5
      vertex -5.77166 -11.5401 2.5
    endloop
  endfacet
  facet normal 0 0 1
    outer loop
      vertex -31.85 -44.5 2.5
      vertex -5.77166 -11.5401 2.5
      vertex -8.53384 -10.6025 2.5
    endloop
  endfacet
  facet normal 0 0 1
    outer loop
      vertex -31.85 -44.5 2.5
      vertex -8.53384 -10.6025 2.5
      vertex -11.15 -9.31237 2.5
    endloop
  endfacet
  facet normal 0 0 1
    outer loop
      vertex -31.85 -44.5 2.5
      vertex -11.15 -9.31237 2.5
      vertex -13.5754 -7.69178 2.5
    endloop
  endfacet
  facet normal -0 0 1
    outer loop
      vertex -32.4955 43.191 2.5
      vertex -15.7685 25.7685 2.5
      vertex -32.3333 43.3333 2.5
    endloop
  endfacet
  facet normal -0 0 1
    outer loop
      vertex -32.675 43.0711 2.5
      vertex -15.7685 25.7685 2.5
      vertex -32.4955 43.191 2.5
    endloop
  endfacet
  facet normal 0 0 1
    outer loop
      vertex -22.1092 7.08927 2.5
      vertex -31.85 -44.5 2.5
      vertex -21.5401 4.22834 2.5
    endloop
  endfacet
  facet normal 0 0 1
    outer loop
      vertex -31.85 -44.5 2.5
      vertex -20.6025 1.46616 2.5
      vertex -21.5401 4.22834 2.5
    endloop
  endfacet
  facet normal 0 0 1
    outer loop
      vertex -31.85 -44.5 2.5
      vertex -19.3124 -1.15 2.5
      vertex -20.6025 1.46616 2.5
    endloop
  endfacet
  facet normal 0 0 1
    outer loop
      vertex -31.85 -44.5 2.5
      vertex -17.6918 -3.57538 2.5
      vertex -19.3124 -1.15 2.5
    endloop
  endfacet
  facet normal 0 0 1
    outer loop
      vertex -31.85 -44.5 2.5
      vertex -15.7685 -5.76848 2.5
      vertex -17.6918 -3.57538 2.5
    endloop
  endfacet
  facet normal 0 0 1
    outer loop
      vertex -31.85 -44.5 2.5
      vertex -13.5754 -7.69178 2.5
      vertex -15.7685 -5.76848 2.5
    endloop
  endfacet
  facet normal 0 0 1
    outer loop
      vertex -31.9756 -45.1314 2.5
      vertex 31.9756 -45.1314 2.5
      vertex -31.9062 -44.9271 2.5
    endloop
  endfacet
  facet normal 0 0 1
    outer loop
      vertex 31.9756 -45.1314 2.5
      vertex -31.9756 -45.1314 2.5
      vertex 32.0711 -45.325 2.5
    endloop
  endfacet
  facet normal 0 0 1
    outer loop
      vertex -32.0711 -45.325 2.5
      vertex 32.0711 -45.325 2.5
      vertex -31.9756 -45.1314 2.5
    endloop
  endfacet
  facet normal 0 0 1
    outer loop
      vertex 32.0711 -45.325 2.5
      vertex -32.0711 -45.325 2.5
      vertex 32.191 -45.5045 2.5
    endloop
  endfacet
  facet normal 0 0 1
    outer loop
      vertex -32.191 -45.5045 2.5
      vertex 32.191 -45.5045 2.5
      vertex -32.0711 -45.325 2.5
    endloop
  endfacet
  facet normal 0 0 1
    outer loop
      vertex -32.3333 -45.6667 2.5
      vertex 32.191 -45.5045 2.5
      vertex -32.191 -45.5045 2.5
    endloop
  endfacet
  facet normal 0 0 1
    outer loop
      vertex 32.3333 -45.6667 2.5
      vertex -32.3333 -45.6667 2.5
      vertex 36 -50 2.5
    endloop
  endfacet
  facet normal 0 0 1
    outer loop
      vertex -36 -50 2.5
      vertex -32.3333 -45.6667 2.5
      vertex -32.4955 -45.809 2.5
    endloop
  endfacet
  facet normal 0 0 1
    outer loop
      vertex -36 -50 2.5
      vertex -32.4955 -45.809 2.5
      vertex -32.675 -45.9289 2.5
    endloop
  endfacet
  facet normal 0 0 1
    outer loop
      vertex -36 -50 2.5
      vertex -32.675 -45.9289 2.5
      vertex -32.8686 -46.0244 2.5
    endloop
  endfacet
  facet normal 0 0 1
    outer loop
      vertex -36 -50 2.5
      vertex -32.8686 -46.0244 2.5
      vertex -33.0729 -46.0938 2.5
    endloop
  endfacet
  facet normal 0 0 1
    outer loop
      vertex -36 -50 2.5
      vertex -33.0729 -46.0938 2.5
      vertex -33.2846 -46.1359 2.5
    endloop
  endfacet
  facet normal 0 0 1
    outer loop
      vertex -36 -50 2.5
      vertex -33.2846 -46.1359 2.5
      vertex -33.5 -46.15 2.5
    endloop
  endfacet
  facet normal 0 0 1
    outer loop
      vertex -32.3333 -45.6667 2.5
      vertex -36 -50 2.5
      vertex 36 -50 2.5
    endloop
  endfacet
  facet normal 0 0 1
    outer loop
      vertex -33.7154 -46.1359 2.5
      vertex -36 -50 2.5
      vertex -33.5 -46.15 2.5
    endloop
  endfacet
  facet normal 0 0 1
    outer loop
      vertex -33.9271 -46.0938 2.5
      vertex -36 -50 2.5
      vertex -33.7154 -46.1359 2.5
    endloop
  endfacet
  facet normal 0 0 1
    outer loop
      vertex -34.1314 -46.0244 2.5
      vertex -36 -50 2.5
      vertex -33.9271 -46.0938 2.5
    endloop
  endfacet
  facet normal 0 0 1
    outer loop
      vertex -34.325 -45.9289 2.5
      vertex -36 -50 2.5
      vertex -34.1314 -46.0244 2.5
    endloop
  endfacet
  facet normal 0 0 1
    outer loop
      vertex -34.5045 -45.809 2.5
      vertex -36 -50 2.5
      vertex -34.325 -45.9289 2.5
    endloop
  endfacet
  facet normal 0 0 1
    outer loop
      vertex -36.7765 -49.8978 2.5
      vertex -34.5045 -45.809 2.5
      vertex -34.6667 -45.6667 2.5
    endloop
  endfacet
  facet normal 0 0 1
    outer loop
      vertex -38.7716 -48.148 2.5
      vertex -34.6667 -45.6667 2.5
      vertex -34.809 -45.5045 2.5
    endloop
  endfacet
  facet normal 0 0 1
    outer loop
      vertex -39 -47 2.5
      vertex -34.809 -45.5045 2.5
      vertex -34.9289 -45.325 2.5
    endloop
  endfacet
  facet normal 0 0 1
    outer loop
      vertex -39 -47 2.5
      vertex -34.9289 -45.325 2.5
      vertex -35.0244 -45.1314 2.5
    endloop
  endfacet
  facet normal 0 0 1
    outer loop
      vertex -39 -47 2.5
      vertex -35.0244 -45.1314 2.5
      vertex -35.0938 -44.9271 2.5
    endloop
  endfacet
  facet normal 0 0 1
    outer loop
      vertex -39 -47 2.5
      vertex -35.0938 -44.9271 2.5
      vertex -35.1359 -44.7154 2.5
    endloop
  endfacet
  facet normal 0 0 1
    outer loop
      vertex -39 -47 2.5
      vertex -35.1359 -44.7154 2.5
      vertex -35.15 -44.5 2.5
    endloop
  endfacet
  facet normal 0 0 1
    outer loop
      vertex -35.0938 -44.0729 2.5
      vertex -39 -47 2.5
      vertex -35.1359 -44.2846 2.5
    endloop
  endfacet
  facet normal -0 0 1
    outer loop
      vertex -38.5981 48.5 2.5
      vertex -34.6667 45.6667 2.5
      vertex -38.3801 48.8263 2.5
    endloop
  endfacet
  facet normal 0 0 1
    outer loop
      vertex -35.1359 -44.2846 2.5
      vertex -39 -47 2.5
      vertex -35.15 -44.5 2.5
    endloop
  endfacet
  facet normal -0 0 1
    outer loop
      vertex -38.7716 48.148 2.5
      vertex -34.6667 45.6667 2.5
      vertex -38.5981 48.5 2.5
    endloop
  endfacet
  facet normal 0 0 1
    outer loop
      vertex -34.809 -45.5045 2.5
      vertex -39 -47 2.5
      vertex -38.9743 -47.3916 2.5
    endloop
  endfacet
  facet normal 0 0 1
    outer loop
      vertex -34.6667 45.6667 2.5
      vertex -38.7716 48.148 2.5
      vertex -34.809 45.5045 2.5
    endloop
  endfacet
  facet normal 0 0 1
    outer loop
      vertex -34.5045 -45.809 2.5
      vertex -36.3916 -49.9743 2.5
      vertex -36 -50 2.5
    endloop
  endfacet
  facet normal -0 0 1
    outer loop
      vertex -38.8978 47.7765 2.5
      vertex -34.809 45.5045 2.5
      vertex -38.7716 48.148 2.5
    endloop
  endfacet
  facet normal 0 0 1
    outer loop
      vertex -34.5045 -45.809 2.5
      vertex -36.7765 -49.8978 2.5
      vertex -36.3916 -49.9743 2.5
    endloop
  endfacet
  facet normal -0 0 1
    outer loop
      vertex -38.9743 47.3916 2.5
      vertex -34.809 45.5045 2.5
      vertex -38.8978 47.7765 2.5
    endloop
  endfacet
  facet normal 0 0 1
    outer loop
      vertex -34.6667 -45.6667 2.5
      vertex -37.148 -49.7716 2.5
      vertex -36.7765 -49.8978 2.5
    endloop
  endfacet
  facet normal -0 0 1
    outer loop
      vertex -39 47 2.5
      vertex -34.809 45.5045 2.5
      vertex -38.9743 47.3916 2.5
    endloop
  endfacet
  facet normal 0 0 1
    outer loop
      vertex -34.6667 -45.6667 2.5
      vertex -37.5 -49.5981 2.5
      vertex -37.148 -49.7716 2.5
    endloop
  endfacet
  facet normal 0 0 1
    outer loop
      vertex -34.809 45.5045 2.5
      vertex -39 47 2.5
      vertex -34.9289 45.325 2.5
    endloop
  endfacet
  facet normal 0 0 1
    outer loop
      vertex -34.6667 -45.6667 2.5
      vertex -37.8263 -49.3801 2.5
      vertex -37.5 -49.5981 2.5
    endloop
  endfacet
  facet normal 0 0 1
    outer loop
      vertex -34.9289 45.325 2.5
      vertex -39 47 2.5
      vertex -35.0244 45.1314 2.5
    endloop
  endfacet
  facet normal 0 0 1
    outer loop
      vertex -34.6667 -45.6667 2.5
      vertex -38.1213 -49.1213 2.5
      vertex -37.8263 -49.3801 2.5
    endloop
  endfacet
  facet normal 0 0 1
    outer loop
      vertex -35.0244 45.1314 2.5
      vertex -39 47 2.5
      vertex -35.0938 44.9271 2.5
    endloop
  endfacet
  facet normal 0 0 1
    outer loop
      vertex -34.6667 -45.6667 2.5
      vertex -38.3801 -48.8263 2.5
      vertex -38.1213 -49.1213 2.5
    endloop
  endfacet
  facet normal 0 0 1
    outer loop
      vertex -35.0938 44.9271 2.5
      vertex -39 47 2.5
      vertex -35.1359 44.7154 2.5
    endloop
  endfacet
  facet normal 0 0 1
    outer loop
      vertex -34.6667 -45.6667 2.5
      vertex -38.5981 -48.5 2.5
      vertex -38.3801 -48.8263 2.5
    endloop
  endfacet
  facet normal 0 0 1
    outer loop
      vertex -35.1359 44.7154 2.5
      vertex -39 47 2.5
      vertex -35.15 44.5 2.5
    endloop
  endfacet
  facet normal 0 0 1
    outer loop
      vertex -34.6667 -45.6667 2.5
      vertex -38.7716 -48.148 2.5
      vertex -38.5981 -48.5 2.5
    endloop
  endfacet
  facet normal 0 0 1
    outer loop
      vertex -34.809 -45.5045 2.5
      vertex -38.8978 -47.7765 2.5
      vertex -38.7716 -48.148 2.5
    endloop
  endfacet
  facet normal 0 0 1
    outer loop
      vertex -34.809 -45.5045 2.5
      vertex -38.9743 -47.3916 2.5
      vertex -38.8978 -47.7765 2.5
    endloop
  endfacet
  facet normal -0 0 1
    outer loop
      vertex -10.0454 20.0454 2.5
      vertex -4 18 2.5
      vertex -9.92897 20.1782 2.5
    endloop
  endfacet
  facet normal 0 0 1
    outer loop
      vertex -3.4641 16 2.5
      vertex -9.66155 -0.82379 2.5
      vertex -9.65 -1 2.5
    endloop
  endfacet
  facet normal 0 0 1
    outer loop
      vertex -4 18 2.5
      vertex -10.0454 20.0454 2.5
      vertex -3.96578 17.4779 2.5
    endloop
  endfacet
  facet normal 0 0 1
    outer loop
      vertex -3.4641 16 2.5
      vertex -9.696 -0.650594 2.5
      vertex -9.66155 -0.82379 2.5
    endloop
  endfacet
  facet normal -0 0 1
    outer loop
      vertex -10.1782 19.929 2.5
      vertex -3.96578 17.4779 2.5
      vertex -10.0454 20.0454 2.5
    endloop
  endfacet
  facet normal 0 0 1
    outer loop
      vertex -3.4641 16 2.5
      vertex -9.75276 -0.483377 2.5
      vertex -9.696 -0.650594 2.5
    endloop
  endfacet
  facet normal 0 0 1
    outer loop
      vertex -3.96578 17.4779 2.5
      vertex -10.1782 19.929 2.5
      vertex -3.8637 16.9647 2.5
    endloop
  endfacet
  facet normal 0 0 1
    outer loop
      vertex -3.4641 16 2.5
      vertex -9.83086 -0.325 2.5
      vertex -9.75276 -0.483377 2.5
    endloop
  endfacet
  facet normal -0 0 1
    outer loop
      vertex -10.325 19.8309 2.5
      vertex -3.8637 16.9647 2.5
      vertex -10.1782 19.929 2.5
    endloop
  endfacet
  facet normal 0 0 1
    outer loop
      vertex -3.4641 16 2.5
      vertex -9.92897 -0.178171 2.5
      vertex -9.83086 -0.325 2.5
    endloop
  endfacet
  facet normal -0 0 1
    outer loop
      vertex -10.4834 19.7528 2.5
      vertex -3.8637 16.9647 2.5
      vertex -10.325 19.8309 2.5
    endloop
  endfacet
  facet normal 0 0 1
    outer loop
      vertex -3.4641 16 2.5
      vertex -10.0454 -0.0454054 2.5
      vertex -9.92897 -0.178171 2.5
    endloop
  endfacet
  facet normal 0 0 1
    outer loop
      vertex -3.8637 16.9647 2.5
      vertex -10.4834 19.7528 2.5
      vertex -3.69552 16.4693 2.5
    endloop
  endfacet
  facet normal 0 0 1
    outer loop
      vertex -3.4641 16 2.5
      vertex -10.1782 0.0710268 2.5
      vertex -10.0454 -0.0454054 2.5
    endloop
  endfacet
  facet normal -0 0 1
    outer loop
      vertex -10.6506 19.696 2.5
      vertex -3.69552 16.4693 2.5
      vertex -10.4834 19.7528 2.5
    endloop
  endfacet
  facet normal 0 0 1
    outer loop
      vertex -3.4641 16 2.5
      vertex -10.325 0.169134 2.5
      vertex -10.1782 0.0710268 2.5
    endloop
  endfacet
  facet normal 0 0 1
    outer loop
      vertex -3.69552 16.4693 2.5
      vertex -10.6506 19.696 2.5
      vertex -3.4641 16 2.5
    endloop
  endfacet
  facet normal 0 0 1
    outer loop
      vertex -3.4641 16 2.5
      vertex -10.4834 0.247237 2.5
      vertex -10.325 0.169134 2.5
    endloop
  endfacet
  facet normal -0 0 1
    outer loop
      vertex -10.8238 19.6615 2.5
      vertex -3.4641 16 2.5
      vertex -10.6506 19.696 2.5
    endloop
  endfacet
  facet normal 0 0 1
    outer loop
      vertex -3.4641 16 2.5
      vertex -10.6506 0.303999 2.5
      vertex -10.4834 0.247237 2.5
    endloop
  endfacet
  facet normal -0 0 1
    outer loop
      vertex -11 19.65 2.5
      vertex -3.4641 16 2.5
      vertex -10.8238 19.6615 2.5
    endloop
  endfacet
  facet normal 0 0 1
    outer loop
      vertex -3.4641 16 2.5
      vertex -10.8238 0.33845 2.5
      vertex -10.6506 0.303999 2.5
    endloop
  endfacet
  facet normal 0 0 1
    outer loop
      vertex -3.4641 16 2.5
      vertex -11 19.65 2.5
      vertex -19.7 10 2.5
    endloop
  endfacet
  facet normal 0 0 1
    outer loop
      vertex -3.4641 16 2.5
      vertex -19.7 10 2.5
      vertex -10.8238 0.33845 2.5
    endloop
  endfacet
  facet normal 0 0 1
    outer loop
      vertex -19.5315 12.5714 2.5
      vertex -11 19.65 2.5
      vertex -11.1762 19.6615 2.5
    endloop
  endfacet
  facet normal 0 0 1
    outer loop
      vertex -10.8238 0.33845 2.5
      vertex -19.7 10 2.5
      vertex -11 0.349999 2.5
    endloop
  endfacet
  facet normal 0 0 1
    outer loop
      vertex -19.0287 15.0987 2.5
      vertex -11.1762 19.6615 2.5
      vertex -11.3494 19.696 2.5
    endloop
  endfacet
  facet normal -0 -0 1
    outer loop
      vertex -19.5315 7.42863 2.5
      vertex -11 0.349999 2.5
      vertex -19.7 10 2.5
    endloop
  endfacet
  facet normal 0 0 1
    outer loop
      vertex -19.0287 15.0987 2.5
      vertex -11.3494 19.696 2.5
      vertex -11.5166 19.7528 2.5
    endloop
  endfacet
  facet normal 0 0 1
    outer loop
      vertex -11 0.349999 2.5
      vertex -19.5315 7.42863 2.5
      vertex -11.1762 0.33845 2.5
    endloop
  endfacet
  facet normal 0 0 1
    outer loop
      vertex -18.2004 17.5389 2.5
      vertex -11.5166 19.7528 2.5
      vertex -11.675 19.8309 2.5
    endloop
  endfacet
  facet normal -0 -0 1
    outer loop
      vertex -19.0287 4.90127 2.5
      vertex -11.1762 0.33845 2.5
      vertex -19.5315 7.42863 2.5
    endloop
  endfacet
  facet normal 0 0 1
    outer loop
      vertex -18.2004 17.5389 2.5
      vertex -11.675 19.8309 2.5
      vertex -11.8218 19.929 2.5
    endloop
  endfacet
  facet normal 0 0 1
    outer loop
      vertex -11.1762 0.33845 2.5
      vertex -19.0287 4.90127 2.5
      vertex -11.3494 0.303999 2.5
    endloop
  endfacet
  facet normal 0 0 1
    outer loop
      vertex -18.2004 17.5389 2.5
      vertex -11.8218 19.929 2.5
      vertex -11.9546 20.0454 2.5
    endloop
  endfacet
  facet normal 0 0 1
    outer loop
      vertex -11.3494 0.303999 2.5
      vertex -19.0287 4.90127 2.5
      vertex -11.5166 0.247237 2.5
    endloop
  endfacet
  facet normal 0 0 1
    outer loop
      vertex -17.0607 19.85 2.5
      vertex -11.9546 20.0454 2.5
      vertex -12.071 20.1782 2.5
    endloop
  endfacet
  facet normal -0 -0 1
    outer loop
      vertex -18.2004 2.46114 2.5
      vertex -11.5166 0.247237 2.5
      vertex -19.0287 4.90127 2.5
    endloop
  endfacet
  facet normal 0 0 1
    outer loop
      vertex -17.0607 19.85 2.5
      vertex -12.071 20.1782 2.5
      vertex -12.1691 20.325 2.5
    endloop
  endfacet
  facet normal 0 0 1
    outer loop
      vertex -11.5166 0.247237 2.5
      vertex -18.2004 2.46114 2.5
      vertex -11.675 0.169134 2.5
    endloop
  endfacet
  facet normal 0 0 1
    outer loop
      vertex -17.0607 19.85 2.5
      vertex -12.1691 20.325 2.5
      vertex -12.2472 20.4834 2.5
    endloop
  endfacet
  facet normal 0 0 1
    outer loop
      vertex -11.675 0.169134 2.5
      vertex -18.2004 2.46114 2.5
      vertex -11.8218 0.0710268 2.5
    endloop
  endfacet
  facet normal 0 0 1
    outer loop
      vertex -17.0607 19.85 2.5
      vertex -12.2472 20.4834 2.5
      vertex -12.304 20.6506 2.5
    endloop
  endfacet
  facet normal 0 0 1
    outer loop
      vertex -11.8218 0.0710268 2.5
      vertex -18.2004 2.46114 2.5
      vertex -11.9546 -0.0454054 2.5
    endloop
  endfacet
  facet normal 0 0 1
    outer loop
      vertex -15.6291 21.9926 2.5
      vertex -12.304 20.6506 2.5
      vertex -12.3385 20.8238 2.5
    endloop
  endfacet
  facet normal -0 -0 1
    outer loop
      vertex -17.0607 0.150001 2.5
      vertex -11.9546 -0.0454054 2.5
      vertex -18.2004 2.46114 2.5
    endloop
  endfacet
  facet normal 0 0 1
    outer loop
      vertex -15.6291 21.9926 2.5
      vertex -12.3385 20.8238 2.5
      vertex -12.35 21 2.5
    endloop
  endfacet
  facet normal 0 0 1
    outer loop
      vertex -11.9546 -0.0454054 2.5
      vertex -17.0607 0.150001 2.5
      vertex -12.071 -0.178171 2.5
    endloop
  endfacet
  facet normal 0 0 1
    outer loop
      vertex -2.57137 -9.53146 2.5
      vertex -9.66155 -1.17621 2.5
      vertex -5.09873 -9.02874 2.5
    endloop
  endfacet
  facet normal -0 0 1
    outer loop
      vertex -9.696 -1.34941 2.5
      vertex -5.09873 -9.02874 2.5
      vertex -9.66155 -1.17621 2.5
    endloop
  endfacet
  facet normal -0 0 1
    outer loop
      vertex -9.75276 -1.51662 2.5
      vertex -5.09873 -9.02874 2.5
      vertex -9.696 -1.34941 2.5
    endloop
  endfacet
  facet normal 0 0 1
    outer loop
      vertex -5.09873 -9.02874 2.5
      vertex -9.75276 -1.51662 2.5
      vertex -7.53886 -8.20043 2.5
    endloop
  endfacet
  facet normal -0 0 1
    outer loop
      vertex -9.83086 -1.675 2.5
      vertex -7.53886 -8.20043 2.5
      vertex -9.75276 -1.51662 2.5
    endloop
  endfacet
  facet normal -0 0 1
    outer loop
      vertex -9.92897 -1.82183 2.5
      vertex -7.53886 -8.20043 2.5
      vertex -9.83086 -1.675 2.5
    endloop
  endfacet
  facet normal 0 0 1
    outer loop
      vertex -7.53886 -8.20043 2.5
      vertex -9.92897 -1.82183 2.5
      vertex -9.85 -7.0607 2.5
    endloop
  endfacet
  facet normal -0 0 1
    outer loop
      vertex -10.0454 -1.95459 2.5
      vertex -9.85 -7.0607 2.5
      vertex -9.92897 -1.82183 2.5
    endloop
  endfacet
  facet normal -0 0 1
    outer loop
      vertex -10.1782 -2.07103 2.5
      vertex -9.85 -7.0607 2.5
      vertex -10.0454 -1.95459 2.5
    endloop
  endfacet
  facet normal -0 0 1
    outer loop
      vertex -10.325 -2.16913 2.5
      vertex -9.85 -7.0607 2.5
      vertex -10.1782 -2.07103 2.5
    endloop
  endfacet
  facet normal -0 0 1
    outer loop
      vertex -10.4834 -2.24724 2.5
      vertex -9.85 -7.0607 2.5
      vertex -10.325 -2.16913 2.5
    endloop
  endfacet
  facet normal -0 0 1
    outer loop
      vertex -10.6506 -2.304 2.5
      vertex -9.85 -7.0607 2.5
      vertex -10.4834 -2.24724 2.5
    endloop
  endfacet
  facet normal 0 0 1
    outer loop
      vertex -11.9926 -5.62906 2.5
      vertex -10.6506 -2.304 2.5
      vertex -10.8238 -2.33845 2.5
    endloop
  endfacet
  facet normal 0 0 1
    outer loop
      vertex -11.9926 -5.62906 2.5
      vertex -10.8238 -2.33845 2.5
      vertex -11 -2.35 2.5
    endloop
  endfacet
  facet normal 0 0 1
    outer loop
      vertex -11.9926 -5.62906 2.5
      vertex -11 -2.35 2.5
      vertex -11.1762 -2.33845 2.5
    endloop
  endfacet
  facet normal 0 0 1
    outer loop
      vertex -11.9926 -5.62906 2.5
      vertex -11.1762 -2.33845 2.5
      vertex -11.3494 -2.304 2.5
    endloop
  endfacet
  facet normal 0 0 1
    outer loop
      vertex -11.9926 -5.62906 2.5
      vertex -11.3494 -2.304 2.5
      vertex -11.5166 -2.24724 2.5
    endloop
  endfacet
  facet normal 0 0 1
    outer loop
      vertex -13.93 -3.93 2.5
      vertex -11.5166 -2.24724 2.5
      vertex -11.675 -2.16913 2.5
    endloop
  endfacet
  facet normal 0 0 1
    outer loop
      vertex -13.93 -3.93 2.5
      vertex -11.675 -2.16913 2.5
      vertex -11.8218 -2.07103 2.5
    endloop
  endfacet
  facet normal 0 0 1
    outer loop
      vertex -13.93 -3.93 2.5
      vertex -11.8218 -2.07103 2.5
      vertex -11.9546 -1.95459 2.5
    endloop
  endfacet
  facet normal 0 0 1
    outer loop
      vertex -10.6506 -2.304 2.5
      vertex -11.9926 -5.62906 2.5
      vertex -9.85 -7.0607 2.5
    endloop
  endfacet
  facet normal 0 0 1
    outer loop
      vertex -13.93 -3.93 2.5
      vertex -11.9546 -1.95459 2.5
      vertex -12.071 -1.82183 2.5
    endloop
  endfacet
  facet normal 0 0 1
    outer loop
      vertex -13.93 -3.93 2.5
      vertex -12.071 -1.82183 2.5
      vertex -12.1691 -1.675 2.5
    endloop
  endfacet
  facet normal 0 0 1
    outer loop
      vertex -13.93 -3.93 2.5
      vertex -12.1691 -1.675 2.5
      vertex -12.2472 -1.51662 2.5
    endloop
  endfacet
  facet normal 0 0 1
    outer loop
      vertex -15.6291 -1.9926 2.5
      vertex -12.2472 -1.51662 2.5
      vertex -12.304 -1.34941 2.5
    endloop
  endfacet
  facet normal 0 0 1
    outer loop
      vertex -15.6291 -1.9926 2.5
      vertex -12.304 -1.34941 2.5
      vertex -12.3385 -1.17621 2.5
    endloop
  endfacet
  facet normal 0 0 1
    outer loop
      vertex -11.5166 -2.24724 2.5
      vertex -13.93 -3.93 2.5
      vertex -11.9926 -5.62906 2.5
    endloop
  endfacet
  facet normal 0 0 1
    outer loop
      vertex -15.6291 -1.9926 2.5
      vertex -12.3385 -1.17621 2.5
      vertex -12.35 -1 2.5
    endloop
  endfacet
  facet normal 0 0 1
    outer loop
      vertex -12.304 20.6506 2.5
      vertex -15.6291 21.9926 2.5
      vertex -17.0607 19.85 2.5
    endloop
  endfacet
  facet normal 0 0 1
    outer loop
      vertex -11.9546 20.0454 2.5
      vertex -17.0607 19.85 2.5
      vertex -18.2004 17.5389 2.5
    endloop
  endfacet
  facet normal 0 0 1
    outer loop
      vertex -12.2472 -1.51662 2.5
      vertex -15.6291 -1.9926 2.5
      vertex -13.93 -3.93 2.5
    endloop
  endfacet
  facet normal 0 0 1
    outer loop
      vertex -11.5166 19.7528 2.5
      vertex -18.2004 17.5389 2.5
      vertex -19.0287 15.0987 2.5
    endloop
  endfacet
  facet normal 0 0 1
    outer loop
      vertex -12.3385 -0.82379 2.5
      vertex -15.6291 -1.9926 2.5
      vertex -12.35 -1 2.5
    endloop
  endfacet
  facet normal 0 0 1
    outer loop
      vertex -11.1762 19.6615 2.5
      vertex -19.0287 15.0987 2.5
      vertex -19.5315 12.5714 2.5
    endloop
  endfacet
  facet normal 0 0 1
    outer loop
      vertex -12.304 -0.650594 2.5
      vertex -15.6291 -1.9926 2.5
      vertex -12.3385 -0.82379 2.5
    endloop
  endfacet
  facet normal 0 0 1
    outer loop
      vertex -11 19.65 2.5
      vertex -19.5315 12.5714 2.5
      vertex -19.7 10 2.5
    endloop
  endfacet
  facet normal 0 -0 1
    outer loop
      vertex -15.6291 -1.9926 2.5
      vertex -12.304 -0.650594 2.5
      vertex -17.0607 0.150001 2.5
    endloop
  endfacet
  facet normal 0 0 1
    outer loop
      vertex -12.071 -0.178171 2.5
      vertex -17.0607 0.150001 2.5
      vertex -12.1691 -0.325 2.5
    endloop
  endfacet
  facet normal 0 0 1
    outer loop
      vertex -12.2472 -0.483377 2.5
      vertex -17.0607 0.150001 2.5
      vertex -12.304 -0.650594 2.5
    endloop
  endfacet
  facet normal 0 0 1
    outer loop
      vertex -12.1691 -0.325 2.5
      vertex -17.0607 0.150001 2.5
      vertex -12.2472 -0.483377 2.5
    endloop
  endfacet
  facet normal 0 0 1
    outer loop
      vertex 10.4834 0.247237 2.5
      vertex 2 14.5359 2.5
      vertex 10.325 0.169134 2.5
    endloop
  endfacet
  facet normal 0 0 1
    outer loop
      vertex 10.325 0.169134 2.5
      vertex 2 14.5359 2.5
      vertex 10.1782 0.0710268 2.5
    endloop
  endfacet
  facet normal -0 0 1
    outer loop
      vertex 1.53073 14.3045 2.5
      vertex 10.1782 0.0710268 2.5
      vertex 2 14.5359 2.5
    endloop
  endfacet
  facet normal 0 0 1
    outer loop
      vertex 10.1782 0.0710268 2.5
      vertex 1.53073 14.3045 2.5
      vertex 10.0454 -0.0454054 2.5
    endloop
  endfacet
  facet normal -0 0 1
    outer loop
      vertex 1.03528 14.1363 2.5
      vertex 10.0454 -0.0454054 2.5
      vertex 1.53073 14.3045 2.5
    endloop
  endfacet
  facet normal 0 0 1
    outer loop
      vertex 10.0454 -0.0454054 2.5
      vertex 1.03528 14.1363 2.5
      vertex 9.92897 -0.178171 2.5
    endloop
  endfacet
  facet normal -0 0 1
    outer loop
      vertex 0.522104 14.0342 2.5
      vertex 9.92897 -0.178171 2.5
      vertex 1.03528 14.1363 2.5
    endloop
  endfacet
  facet normal 0 0 1
    outer loop
      vertex 9.92897 -0.178171 2.5
      vertex 0.522104 14.0342 2.5
      vertex 9.83086 -0.325 2.5
    endloop
  endfacet
  facet normal -0 0 1
    outer loop
      vertex 0 14 2.5
      vertex 9.83086 -0.325 2.5
      vertex 0.522104 14.0342 2.5
    endloop
  endfacet
  facet normal 0 0 1
    outer loop
      vertex 9.83086 -0.325 2.5
      vertex 0 14 2.5
      vertex 9.75276 -0.483377 2.5
    endloop
  endfacet
  facet normal 0 0 1
    outer loop
      vertex -9.65 -1 2.5
      vertex 9.75276 -0.483377 2.5
      vertex 0 14 2.5
    endloop
  endfacet
  facet normal 0 0 1
    outer loop
      vertex 9.696 -0.650594 2.5
      vertex 2.57137 -9.53146 2.5
      vertex 5.09873 -9.02874 2.5
    endloop
  endfacet
  facet normal 0 0 1
    outer loop
      vertex -9.65 -1 2.5
      vertex 0 14 2.5
      vertex -0.522104 14.0342 2.5
    endloop
  endfacet
  facet normal 0 0 1
    outer loop
      vertex 9.696 -0.650594 2.5
      vertex 0 -9.7 2.5
      vertex 2.57137 -9.53146 2.5
    endloop
  endfacet
  facet normal 0 0 1
    outer loop
      vertex 9.75276 -0.483377 2.5
      vertex -9.65 -1 2.5
      vertex 9.696 -0.650594 2.5
    endloop
  endfacet
  facet normal 0 0 1
    outer loop
      vertex -9.65 -1 2.5
      vertex -0.522104 14.0342 2.5
      vertex -1.03528 14.1363 2.5
    endloop
  endfacet
  facet normal 0 0 1
    outer loop
      vertex -9.65 -1 2.5
      vertex -1.03528 14.1363 2.5
      vertex -1.53073 14.3045 2.5
    endloop
  endfacet
  facet normal 0 0 1
    outer loop
      vertex -9.65 -1 2.5
      vertex -1.53073 14.3045 2.5
      vertex -2 14.5359 2.5
    endloop
  endfacet
  facet normal 0 0 1
    outer loop
      vertex -9.65 -1 2.5
      vertex -2 14.5359 2.5
      vertex -2.43505 14.8266 2.5
    endloop
  endfacet
  facet normal -0 0 1
    outer loop
      vertex -9.65 -1 2.5
      vertex 0 -9.7 2.5
      vertex 9.696 -0.650594 2.5
    endloop
  endfacet
  facet normal 0 0 1
    outer loop
      vertex -9.65 -1 2.5
      vertex -2.43505 14.8266 2.5
      vertex -2.82843 15.1716 2.5
    endloop
  endfacet
  facet normal 0 0 1
    outer loop
      vertex -9.65 -1 2.5
      vertex -2.82843 15.1716 2.5
      vertex -3.17341 15.565 2.5
    endloop
  endfacet
  facet normal -0 0 1
    outer loop
      vertex -9.92897 20.1782 2.5
      vertex -4 18 2.5
      vertex -9.83086 20.325 2.5
    endloop
  endfacet
  facet normal 0 0 1
    outer loop
      vertex -3.96578 18.5221 2.5
      vertex -9.83086 20.325 2.5
      vertex -4 18 2.5
    endloop
  endfacet
  facet normal -0 0 1
    outer loop
      vertex -9.83086 20.325 2.5
      vertex -3.96578 18.5221 2.5
      vertex -9.75276 20.4834 2.5
    endloop
  endfacet
  facet normal 0 0 1
    outer loop
      vertex -3.8637 19.0353 2.5
      vertex -9.75276 20.4834 2.5
      vertex -3.96578 18.5221 2.5
    endloop
  endfacet
  facet normal -0 0 1
    outer loop
      vertex -9.75276 20.4834 2.5
      vertex -3.8637 19.0353 2.5
      vertex -9.696 20.6506 2.5
    endloop
  endfacet
  facet normal 0 0 1
    outer loop
      vertex -3.4641 20 2.5
      vertex -9.65 21 2.5
      vertex -3.69552 19.5307 2.5
    endloop
  endfacet
  facet normal 0 0 1
    outer loop
      vertex -3.4641 16 2.5
      vertex -9.65 -1 2.5
      vertex -3.17341 15.565 2.5
    endloop
  endfacet
  facet normal 0 0 1
    outer loop
      vertex -9.75276 21.5166 2.5
      vertex -5.09873 29.0287 2.5
      vertex -7.53886 28.2004 2.5
    endloop
  endfacet
  facet normal 0 0 1
    outer loop
      vertex 0 -9.7 2.5
      vertex -9.65 -1 2.5
      vertex -2.57137 -9.53146 2.5
    endloop
  endfacet
  facet normal -0 0 1
    outer loop
      vertex -9.66155 -1.17621 2.5
      vertex -2.57137 -9.53146 2.5
      vertex -9.65 -1 2.5
    endloop
  endfacet
  facet normal -0 0 1
    outer loop
      vertex -9.696 20.6506 2.5
      vertex -3.8637 19.0353 2.5
      vertex -9.66155 20.8238 2.5
    endloop
  endfacet
  facet normal 0 0 1
    outer loop
      vertex -3.69552 19.5307 2.5
      vertex -9.66155 20.8238 2.5
      vertex -3.8637 19.0353 2.5
    endloop
  endfacet
  facet normal -0 0 1
    outer loop
      vertex -9.66155 20.8238 2.5
      vertex -3.69552 19.5307 2.5
      vertex -9.65 21 2.5
    endloop
  endfacet
  facet normal 0 0 1
    outer loop
      vertex -7.53886 28.2004 2.5
      vertex -9.83086 21.675 2.5
      vertex -9.75276 21.5166 2.5
    endloop
  endfacet
  facet normal 0 0 1
    outer loop
      vertex -9.92897 21.8218 2.5
      vertex -7.53886 28.2004 2.5
      vertex -9.85 27.0607 2.5
    endloop
  endfacet
  facet normal 0 0 1
    outer loop
      vertex -7.53886 28.2004 2.5
      vertex -9.92897 21.8218 2.5
      vertex -9.83086 21.675 2.5
    endloop
  endfacet
  facet normal 0 0 1
    outer loop
      vertex -9.85 27.0607 2.5
      vertex -10.0454 21.9546 2.5
      vertex -9.92897 21.8218 2.5
    endloop
  endfacet
  facet normal 0 0 1
    outer loop
      vertex -9.85 27.0607 2.5
      vertex -10.1782 22.071 2.5
      vertex -10.0454 21.9546 2.5
    endloop
  endfacet
  facet normal 0 0 1
    outer loop
      vertex -9.85 27.0607 2.5
      vertex -10.325 22.1691 2.5
      vertex -10.1782 22.071 2.5
    endloop
  endfacet
  facet normal 0 0 1
    outer loop
      vertex -9.85 27.0607 2.5
      vertex -10.4834 22.2472 2.5
      vertex -10.325 22.1691 2.5
    endloop
  endfacet
  facet normal 0 0 1
    outer loop
      vertex -9.85 27.0607 2.5
      vertex -10.6506 22.304 2.5
      vertex -10.4834 22.2472 2.5
    endloop
  endfacet
  facet normal -0 0 1
    outer loop
      vertex -11.9926 25.6291 2.5
      vertex -10.6506 22.304 2.5
      vertex -9.85 27.0607 2.5
    endloop
  endfacet
  facet normal 0 0 1
    outer loop
      vertex -10.6506 22.304 2.5
      vertex -11.9926 25.6291 2.5
      vertex -10.8238 22.3385 2.5
    endloop
  endfacet
  facet normal 0 0 1
    outer loop
      vertex -10.8238 22.3385 2.5
      vertex -11.9926 25.6291 2.5
      vertex -11 22.35 2.5
    endloop
  endfacet
  facet normal 0 0 1
    outer loop
      vertex -11 22.35 2.5
      vertex -11.9926 25.6291 2.5
      vertex -11.1762 22.3385 2.5
    endloop
  endfacet
  facet normal 0 0 1
    outer loop
      vertex -11.1762 22.3385 2.5
      vertex -11.9926 25.6291 2.5
      vertex -11.3494 22.304 2.5
    endloop
  endfacet
  facet normal 0 0 1
    outer loop
      vertex -11.3494 22.304 2.5
      vertex -11.9926 25.6291 2.5
      vertex -11.5166 22.2472 2.5
    endloop
  endfacet
  facet normal -0 0 1
    outer loop
      vertex -13.93 23.93 2.5
      vertex -11.5166 22.2472 2.5
      vertex -11.9926 25.6291 2.5
    endloop
  endfacet
  facet normal 0 0 1
    outer loop
      vertex -11.5166 22.2472 2.5
      vertex -13.93 23.93 2.5
      vertex -11.675 22.1691 2.5
    endloop
  endfacet
  facet normal 0 0 1
    outer loop
      vertex -11.675 22.1691 2.5
      vertex -13.93 23.93 2.5
      vertex -11.8218 22.071 2.5
    endloop
  endfacet
  facet normal 0 0 1
    outer loop
      vertex -11.8218 22.071 2.5
      vertex -13.93 23.93 2.5
      vertex -11.9546 21.9546 2.5
    endloop
  endfacet
  facet normal 0 0 1
    outer loop
      vertex -11.9546 21.9546 2.5
      vertex -13.93 23.93 2.5
      vertex -12.071 21.8218 2.5
    endloop
  endfacet
  facet normal 0 0 1
    outer loop
      vertex -12.071 21.8218 2.5
      vertex -13.93 23.93 2.5
      vertex -12.1691 21.675 2.5
    endloop
  endfacet
  facet normal 0 0 1
    outer loop
      vertex -12.1691 21.675 2.5
      vertex -13.93 23.93 2.5
      vertex -12.2472 21.5166 2.5
    endloop
  endfacet
  facet normal -0 0 1
    outer loop
      vertex -15.6291 21.9926 2.5
      vertex -12.2472 21.5166 2.5
      vertex -13.93 23.93 2.5
    endloop
  endfacet
  facet normal 0 0 1
    outer loop
      vertex -12.3385 21.1762 2.5
      vertex -15.6291 21.9926 2.5
      vertex -12.35 21 2.5
    endloop
  endfacet
  facet normal 0 0 1
    outer loop
      vertex -12.304 21.3494 2.5
      vertex -15.6291 21.9926 2.5
      vertex -12.3385 21.1762 2.5
    endloop
  endfacet
  facet normal 0 0 1
    outer loop
      vertex -12.2472 21.5166 2.5
      vertex -15.6291 21.9926 2.5
      vertex -12.304 21.3494 2.5
    endloop
  endfacet
  facet normal -0 0 1
    outer loop
      vertex 11.9546 20.0454 2.5
      vertex 17.0607 19.85 2.5
      vertex 12.071 20.1782 2.5
    endloop
  endfacet
  facet normal 0 0 1
    outer loop
      vertex 19.7 10 2.5
      vertex 12.3385 -0.82379 2.5
      vertex 12.35 -1 2.5
    endloop
  endfacet
  facet normal 0 0 1
    outer loop
      vertex 17.0607 19.85 2.5
      vertex 11.9546 20.0454 2.5
      vertex 18.2004 17.5389 2.5
    endloop
  endfacet
  facet normal 0 0 1
    outer loop
      vertex 19.7 10 2.5
      vertex 12.304 -0.650594 2.5
      vertex 12.3385 -0.82379 2.5
    endloop
  endfacet
  facet normal -0 0 1
    outer loop
      vertex 11.8218 19.929 2.5
      vertex 18.2004 17.5389 2.5
      vertex 11.9546 20.0454 2.5
    endloop
  endfacet
  facet normal 0 0 1
    outer loop
      vertex 19.7 10 2.5
      vertex 12.2472 -0.483377 2.5
      vertex 12.304 -0.650594 2.5
    endloop
  endfacet
  facet normal -0 0 1
    outer loop
      vertex 11.675 19.8309 2.5
      vertex 18.2004 17.5389 2.5
      vertex 11.8218 19.929 2.5
    endloop
  endfacet
  facet normal 0 0 1
    outer loop
      vertex 19.7 10 2.5
      vertex 12.1691 -0.325 2.5
      vertex 12.2472 -0.483377 2.5
    endloop
  endfacet
  facet normal -0 0 1
    outer loop
      vertex 11.5166 19.7528 2.5
      vertex 18.2004 17.5389 2.5
      vertex 11.675 19.8309 2.5
    endloop
  endfacet
  facet normal 0 0 1
    outer loop
      vertex 19.7 10 2.5
      vertex 12.071 -0.178171 2.5
      vertex 12.1691 -0.325 2.5
    endloop
  endfacet
  facet normal 0 0 1
    outer loop
      vertex 18.2004 17.5389 2.5
      vertex 11.5166 19.7528 2.5
      vertex 19.0287 15.0987 2.5
    endloop
  endfacet
  facet normal 0 0 1
    outer loop
      vertex 19.7 10 2.5
      vertex 11.9546 -0.0454054 2.5
      vertex 12.071 -0.178171 2.5
    endloop
  endfacet
  facet normal -0 0 1
    outer loop
      vertex 11.3494 19.696 2.5
      vertex 19.0287 15.0987 2.5
      vertex 11.5166 19.7528 2.5
    endloop
  endfacet
  facet normal 0 0 1
    outer loop
      vertex 19.7 10 2.5
      vertex 11.8218 0.0710268 2.5
      vertex 11.9546 -0.0454054 2.5
    endloop
  endfacet
  facet normal -0 0 1
    outer loop
      vertex 11.1762 19.6615 2.5
      vertex 19.0287 15.0987 2.5
      vertex 11.3494 19.696 2.5
    endloop
  endfacet
  facet normal 0 0 1
    outer loop
      vertex 19.7 10 2.5
      vertex 11.675 0.169134 2.5
      vertex 11.8218 0.0710268 2.5
    endloop
  endfacet
  facet normal 0 0 1
    outer loop
      vertex 19.0287 15.0987 2.5
      vertex 11.1762 19.6615 2.5
      vertex 19.5315 12.5714 2.5
    endloop
  endfacet
  facet normal 0 0 1
    outer loop
      vertex 19.7 10 2.5
      vertex 11.5166 0.247237 2.5
      vertex 11.675 0.169134 2.5
    endloop
  endfacet
  facet normal -0 0 1
    outer loop
      vertex 11 19.65 2.5
      vertex 19.5315 12.5714 2.5
      vertex 11.1762 19.6615 2.5
    endloop
  endfacet
  facet normal 0 0 1
    outer loop
      vertex 19.7 10 2.5
      vertex 11.3494 0.303999 2.5
      vertex 11.5166 0.247237 2.5
    endloop
  endfacet
  facet normal 0 0 1
    outer loop
      vertex 19.5315 12.5714 2.5
      vertex 11 19.65 2.5
      vertex 19.7 10 2.5
    endloop
  endfacet
  facet normal 0 0 1
    outer loop
      vertex 19.7 10 2.5
      vertex 11.1762 0.33845 2.5
      vertex 11.3494 0.303999 2.5
    endloop
  endfacet
  facet normal 0 0 1
    outer loop
      vertex 3.4641 16 2.5
      vertex 10.6506 19.696 2.5
      vertex 3.69552 16.4693 2.5
    endloop
  endfacet
  facet normal 0 0 1
    outer loop
      vertex 19.7 10 2.5
      vertex 11 0.349999 2.5
      vertex 11.1762 0.33845 2.5
    endloop
  endfacet
  facet normal 0 0 1
    outer loop
      vertex 10.4834 19.7528 2.5
      vertex 3.69552 16.4693 2.5
      vertex 10.6506 19.696 2.5
    endloop
  endfacet
  facet normal 0 0 1
    outer loop
      vertex 19.7 10 2.5
      vertex 10.8238 0.33845 2.5
      vertex 11 0.349999 2.5
    endloop
  endfacet
  facet normal 0 0 1
    outer loop
      vertex 10.325 19.8309 2.5
      vertex 3.8637 16.9647 2.5
      vertex 10.4834 19.7528 2.5
    endloop
  endfacet
  facet normal 0 0 1
    outer loop
      vertex 3.69552 16.4693 2.5
      vertex 10.4834 19.7528 2.5
      vertex 3.8637 16.9647 2.5
    endloop
  endfacet
  facet normal 0 0 1
    outer loop
      vertex 3.8637 16.9647 2.5
      vertex 10.325 19.8309 2.5
      vertex 3.96578 17.4779 2.5
    endloop
  endfacet
  facet normal 0 0 1
    outer loop
      vertex 10.6506 19.696 2.5
      vertex 3.4641 16 2.5
      vertex 10.8238 19.6615 2.5
    endloop
  endfacet
  facet normal 0 0 1
    outer loop
      vertex 10.1782 19.929 2.5
      vertex 3.96578 17.4779 2.5
      vertex 10.325 19.8309 2.5
    endloop
  endfacet
  facet normal 0 0 1
    outer loop
      vertex 10.8238 19.6615 2.5
      vertex 3.4641 16 2.5
      vertex 11 19.65 2.5
    endloop
  endfacet
  facet normal 0 0 1
    outer loop
      vertex 10.0454 20.0454 2.5
      vertex 3.96578 17.4779 2.5
      vertex 10.1782 19.929 2.5
    endloop
  endfacet
  facet normal 0 0 1
    outer loop
      vertex 3.17341 15.565 2.5
      vertex 11 19.65 2.5
      vertex 3.4641 16 2.5
    endloop
  endfacet
  facet normal 0 0 1
    outer loop
      vertex 3.96578 17.4779 2.5
      vertex 10.0454 20.0454 2.5
      vertex 4 18 2.5
    endloop
  endfacet
  facet normal 0 0 1
    outer loop
      vertex 11 19.65 2.5
      vertex 3.17341 15.565 2.5
      vertex 19.7 10 2.5
    endloop
  endfacet
  facet normal 0 0 1
    outer loop
      vertex 4 18 2.5
      vertex 10.0454 20.0454 2.5
      vertex 9.92897 20.1782 2.5
    endloop
  endfacet
  facet normal 0 0 1
    outer loop
      vertex 19.7 10 2.5
      vertex 3.17341 15.565 2.5
      vertex 10.8238 0.33845 2.5
    endloop
  endfacet
  facet normal 0 0 1
    outer loop
      vertex 4 18 2.5
      vertex 9.92897 20.1782 2.5
      vertex 9.83086 20.325 2.5
    endloop
  endfacet
  facet normal -0 0 1
    outer loop
      vertex 2.82843 15.1716 2.5
      vertex 10.8238 0.33845 2.5
      vertex 3.17341 15.565 2.5
    endloop
  endfacet
  facet normal 0 0 1
    outer loop
      vertex 3.96578 18.5221 2.5
      vertex 9.83086 20.325 2.5
      vertex 9.75276 20.4834 2.5
    endloop
  endfacet
  facet normal 0 0 1
    outer loop
      vertex 10.8238 0.33845 2.5
      vertex 2.82843 15.1716 2.5
      vertex 10.6506 0.303999 2.5
    endloop
  endfacet
  facet normal 0 0 1
    outer loop
      vertex 3.8637 19.0353 2.5
      vertex 9.75276 20.4834 2.5
      vertex 9.696 20.6506 2.5
    endloop
  endfacet
  facet normal -0 0 1
    outer loop
      vertex 2.43505 14.8266 2.5
      vertex 10.6506 0.303999 2.5
      vertex 2.82843 15.1716 2.5
    endloop
  endfacet
  facet normal 0 0 1
    outer loop
      vertex 3.8637 19.0353 2.5
      vertex 9.696 20.6506 2.5
      vertex 9.66155 20.8238 2.5
    endloop
  endfacet
  facet normal 0 0 1
    outer loop
      vertex 10.6506 0.303999 2.5
      vertex 2.43505 14.8266 2.5
      vertex 10.4834 0.247237 2.5
    endloop
  endfacet
  facet normal 0 0 1
    outer loop
      vertex 3.69552 19.5307 2.5
      vertex 9.66155 20.8238 2.5
      vertex 9.65 21 2.5
    endloop
  endfacet
  facet normal -0 0 1
    outer loop
      vertex 2 14.5359 2.5
      vertex 10.4834 0.247237 2.5
      vertex 2.43505 14.8266 2.5
    endloop
  endfacet
  facet normal -0 0 1
    outer loop
      vertex 12.1691 20.325 2.5
      vertex 17.0607 19.85 2.5
      vertex 12.2472 20.4834 2.5
    endloop
  endfacet
  facet normal -0 0 1
    outer loop
      vertex 12.2472 20.4834 2.5
      vertex 17.0607 19.85 2.5
      vertex 12.304 20.6506 2.5
    endloop
  endfacet
  facet normal -0 0 1
    outer loop
      vertex 12.071 20.1782 2.5
      vertex 17.0607 19.85 2.5
      vertex 12.1691 20.325 2.5
    endloop
  endfacet
  facet normal 0 0 1
    outer loop
      vertex 15.6291 21.9926 2.5
      vertex 12.304 20.6506 2.5
      vertex 17.0607 19.85 2.5
    endloop
  endfacet
  facet normal 0 0 1
    outer loop
      vertex 19.7 10 2.5
      vertex 12.35 -1 2.5
      vertex 19.5315 7.42863 2.5
    endloop
  endfacet
  facet normal 0 0 1
    outer loop
      vertex 12.304 20.6506 2.5
      vertex 15.6291 21.9926 2.5
      vertex 12.3385 20.8238 2.5
    endloop
  endfacet
  facet normal 0 0 1
    outer loop
      vertex 19.5315 7.42863 2.5
      vertex 12.35 -1 2.5
      vertex 19.0287 4.90127 2.5
    endloop
  endfacet
  facet normal 0 0 1
    outer loop
      vertex 12.3385 20.8238 2.5
      vertex 15.6291 21.9926 2.5
      vertex 12.35 21 2.5
    endloop
  endfacet
  facet normal 0 0 1
    outer loop
      vertex 19.0287 4.90127 2.5
      vertex 12.35 -1 2.5
      vertex 18.2004 2.46114 2.5
    endloop
  endfacet
  facet normal 0 0 1
    outer loop
      vertex 12.2472 21.5166 2.5
      vertex 15.6291 21.9926 2.5
      vertex 13.93 23.93 2.5
    endloop
  endfacet
  facet normal 0 0 1
    outer loop
      vertex 18.2004 2.46114 2.5
      vertex 12.35 -1 2.5
      vertex 17.0607 0.150001 2.5
    endloop
  endfacet
  facet normal 0 0 1
    outer loop
      vertex 17.0607 0.150001 2.5
      vertex 12.35 -1 2.5
      vertex 15.6291 -1.9926 2.5
    endloop
  endfacet
  facet normal 0 0 1
    outer loop
      vertex 15.6291 21.9926 2.5
      vertex 12.3385 21.1762 2.5
      vertex 12.35 21 2.5
    endloop
  endfacet
  facet normal 0 0 1
    outer loop
      vertex 15.6291 21.9926 2.5
      vertex 12.304 21.3494 2.5
      vertex 12.3385 21.1762 2.5
    endloop
  endfacet
  facet normal 0 0 1
    outer loop
      vertex 15.6291 21.9926 2.5
      vertex 12.2472 21.5166 2.5
      vertex 12.304 21.3494 2.5
    endloop
  endfacet
  facet normal 0 0 1
    outer loop
      vertex 13.93 23.93 2.5
      vertex 12.1691 21.675 2.5
      vertex 12.2472 21.5166 2.5
    endloop
  endfacet
  facet normal 0 0 1
    outer loop
      vertex 13.93 23.93 2.5
      vertex 12.071 21.8218 2.5
      vertex 12.1691 21.675 2.5
    endloop
  endfacet
  facet normal 0 0 1
    outer loop
      vertex 11.5166 22.2472 2.5
      vertex 13.93 23.93 2.5
      vertex 11.9926 25.6291 2.5
    endloop
  endfacet
  facet normal 0 0 1
    outer loop
      vertex 13.93 23.93 2.5
      vertex 11.9546 21.9546 2.5
      vertex 12.071 21.8218 2.5
    endloop
  endfacet
  facet normal 0 0 1
    outer loop
      vertex 13.93 23.93 2.5
      vertex 11.8218 22.071 2.5
      vertex 11.9546 21.9546 2.5
    endloop
  endfacet
  facet normal 0 0 1
    outer loop
      vertex 13.93 23.93 2.5
      vertex 11.675 22.1691 2.5
      vertex 11.8218 22.071 2.5
    endloop
  endfacet
  facet normal 0 0 1
    outer loop
      vertex 13.93 23.93 2.5
      vertex 11.5166 22.2472 2.5
      vertex 11.675 22.1691 2.5
    endloop
  endfacet
  facet normal 0 0 1
    outer loop
      vertex 11.9926 25.6291 2.5
      vertex 11.3494 22.304 2.5
      vertex 11.5166 22.2472 2.5
    endloop
  endfacet
  facet normal 0 0 1
    outer loop
      vertex 11.9926 25.6291 2.5
      vertex 11.1762 22.3385 2.5
      vertex 11.3494 22.304 2.5
    endloop
  endfacet
  facet normal 0 0 1
    outer loop
      vertex 11.9926 25.6291 2.5
      vertex 11 22.35 2.5
      vertex 11.1762 22.3385 2.5
    endloop
  endfacet
  facet normal 0 0 1
    outer loop
      vertex 11.9926 25.6291 2.5
      vertex 10.8238 22.3385 2.5
      vertex 11 22.35 2.5
    endloop
  endfacet
  facet normal 0 0 1
    outer loop
      vertex 11.9926 25.6291 2.5
      vertex 10.6506 22.304 2.5
      vertex 10.8238 22.3385 2.5
    endloop
  endfacet
  facet normal 0 0 1
    outer loop
      vertex 11.9926 25.6291 2.5
      vertex 10.4834 22.2472 2.5
      vertex 10.6506 22.304 2.5
    endloop
  endfacet
  facet normal 0 0 1
    outer loop
      vertex 9.85 27.0607 2.5
      vertex 10.4834 22.2472 2.5
      vertex 11.9926 25.6291 2.5
    endloop
  endfacet
  facet normal 0 0 1
    outer loop
      vertex 10.4834 22.2472 2.5
      vertex 9.85 27.0607 2.5
      vertex 10.325 22.1691 2.5
    endloop
  endfacet
  facet normal 0 0 1
    outer loop
      vertex 10.325 22.1691 2.5
      vertex 9.85 27.0607 2.5
      vertex 10.1782 22.071 2.5
    endloop
  endfacet
  facet normal 0 0 1
    outer loop
      vertex 10.1782 22.071 2.5
      vertex 9.85 27.0607 2.5
      vertex 10.0454 21.9546 2.5
    endloop
  endfacet
  facet normal 0 0 1
    outer loop
      vertex 10.0454 21.9546 2.5
      vertex 9.85 27.0607 2.5
      vertex 9.92897 21.8218 2.5
    endloop
  endfacet
  facet normal 0 0 1
    outer loop
      vertex 7.53886 28.2004 2.5
      vertex 9.92897 21.8218 2.5
      vertex 9.85 27.0607 2.5
    endloop
  endfacet
  facet normal 0 0 1
    outer loop
      vertex 9.92897 21.8218 2.5
      vertex 7.53886 28.2004 2.5
      vertex 9.83086 21.675 2.5
    endloop
  endfacet
  facet normal 0 0 1
    outer loop
      vertex 2.82843 20.8284 2.5
      vertex 9.83086 21.675 2.5
      vertex 7.53886 28.2004 2.5
    endloop
  endfacet
  facet normal 0 0 1
    outer loop
      vertex 9.83086 21.675 2.5
      vertex 2.82843 20.8284 2.5
      vertex 9.75276 21.5166 2.5
    endloop
  endfacet
  facet normal 0 -0 1
    outer loop
      vertex 3.17341 20.435 2.5
      vertex 9.75276 21.5166 2.5
      vertex 2.82843 20.8284 2.5
    endloop
  endfacet
  facet normal 0 -0 1
    outer loop
      vertex 3.4641 20 2.5
      vertex 9.696 21.3494 2.5
      vertex 3.17341 20.435 2.5
    endloop
  endfacet
  facet normal 0 0 1
    outer loop
      vertex 9.75276 21.5166 2.5
      vertex 3.17341 20.435 2.5
      vertex 9.696 21.3494 2.5
    endloop
  endfacet
  facet normal -0 0 1
    outer loop
      vertex 12.3385 -1.17621 2.5
      vertex 15.6291 -1.9926 2.5
      vertex 12.35 -1 2.5
    endloop
  endfacet
  facet normal -0 0 1
    outer loop
      vertex 12.304 -1.34941 2.5
      vertex 15.6291 -1.9926 2.5
      vertex 12.3385 -1.17621 2.5
    endloop
  endfacet
  facet normal -0 0 1
    outer loop
      vertex 12.2472 -1.51662 2.5
      vertex 15.6291 -1.9926 2.5
      vertex 12.304 -1.34941 2.5
    endloop
  endfacet
  facet normal 0 0 1
    outer loop
      vertex 15.6291 -1.9926 2.5
      vertex 12.2472 -1.51662 2.5
      vertex 13.93 -3.93 2.5
    endloop
  endfacet
  facet normal -0 0 1
    outer loop
      vertex 12.1691 -1.675 2.5
      vertex 13.93 -3.93 2.5
      vertex 12.2472 -1.51662 2.5
    endloop
  endfacet
  facet normal -0 0 1
    outer loop
      vertex 12.071 -1.82183 2.5
      vertex 13.93 -3.93 2.5
      vertex 12.1691 -1.675 2.5
    endloop
  endfacet
  facet normal -0 0 1
    outer loop
      vertex 11.9546 -1.95459 2.5
      vertex 13.93 -3.93 2.5
      vertex 12.071 -1.82183 2.5
    endloop
  endfacet
  facet normal -0 0 1
    outer loop
      vertex 11.8218 -2.07103 2.5
      vertex 13.93 -3.93 2.5
      vertex 11.9546 -1.95459 2.5
    endloop
  endfacet
  facet normal -0 0 1
    outer loop
      vertex 11.675 -2.16913 2.5
      vertex 13.93 -3.93 2.5
      vertex 11.8218 -2.07103 2.5
    endloop
  endfacet
  facet normal -0 0 1
    outer loop
      vertex 11.5166 -2.24724 2.5
      vertex 13.93 -3.93 2.5
      vertex 11.675 -2.16913 2.5
    endloop
  endfacet
  facet normal 0 0 1
    outer loop
      vertex 13.93 -3.93 2.5
      vertex 11.5166 -2.24724 2.5
      vertex 11.9926 -5.62906 2.5
    endloop
  endfacet
  facet normal -0 0 1
    outer loop
      vertex 11.3494 -2.304 2.5
      vertex 11.9926 -5.62906 2.5
      vertex 11.5166 -2.24724 2.5
    endloop
  endfacet
  facet normal -0 0 1
    outer loop
      vertex 11.1762 -2.33845 2.5
      vertex 11.9926 -5.62906 2.5
      vertex 11.3494 -2.304 2.5
    endloop
  endfacet
  facet normal -0 0 1
    outer loop
      vertex 11 -2.35 2.5
      vertex 11.9926 -5.62906 2.5
      vertex 11.1762 -2.33845 2.5
    endloop
  endfacet
  facet normal 0 0 1
    outer loop
      vertex 10.8238 -2.33845 2.5
      vertex 11.9926 -5.62906 2.5
      vertex 11 -2.35 2.5
    endloop
  endfacet
  facet normal 0 0 1
    outer loop
      vertex 10.6506 -2.304 2.5
      vertex 11.9926 -5.62906 2.5
      vertex 10.8238 -2.33845 2.5
    endloop
  endfacet
  facet normal 0 0 1
    outer loop
      vertex 10.4834 -2.24724 2.5
      vertex 11.9926 -5.62906 2.5
      vertex 10.6506 -2.304 2.5
    endloop
  endfacet
  facet normal 0 0 1
    outer loop
      vertex 9.85 -7.0607 2.5
      vertex 10.4834 -2.24724 2.5
      vertex 10.325 -2.16913 2.5
    endloop
  endfacet
  facet normal 0 0 1
    outer loop
      vertex 9.85 -7.0607 2.5
      vertex 10.325 -2.16913 2.5
      vertex 10.1782 -2.07103 2.5
    endloop
  endfacet
  facet normal 0 0 1
    outer loop
      vertex 9.85 -7.0607 2.5
      vertex 10.1782 -2.07103 2.5
      vertex 10.0454 -1.95459 2.5
    endloop
  endfacet
  facet normal 0 0 1
    outer loop
      vertex 9.85 -7.0607 2.5
      vertex 10.0454 -1.95459 2.5
      vertex 9.92897 -1.82183 2.5
    endloop
  endfacet
  facet normal 0 0 1
    outer loop
      vertex 10.4834 -2.24724 2.5
      vertex 9.85 -7.0607 2.5
      vertex 11.9926 -5.62906 2.5
    endloop
  endfacet
  facet normal 0 0 1
    outer loop
      vertex 7.53886 -8.20043 2.5
      vertex 9.92897 -1.82183 2.5
      vertex 9.83086 -1.675 2.5
    endloop
  endfacet
  facet normal 0 0 1
    outer loop
      vertex 7.53886 -8.20043 2.5
      vertex 9.83086 -1.675 2.5
      vertex 9.75276 -1.51662 2.5
    endloop
  endfacet
  facet normal 0 0 1
    outer loop
      vertex 5.09873 -9.02874 2.5
      vertex 9.75276 -1.51662 2.5
      vertex 9.696 -1.34941 2.5
    endloop
  endfacet
  facet normal 0 0 1
    outer loop
      vertex 5.09873 -9.02874 2.5
      vertex 9.696 -1.34941 2.5
      vertex 9.66155 -1.17621 2.5
    endloop
  endfacet
  facet normal 0 0 1
    outer loop
      vertex 5.09873 -9.02874 2.5
      vertex 9.66155 -1.17621 2.5
      vertex 9.65 -1 2.5
    endloop
  endfacet
  facet normal 0 0 1
    outer loop
      vertex 9.696 -0.650594 2.5
      vertex 5.09873 -9.02874 2.5
      vertex 9.66155 -0.82379 2.5
    endloop
  endfacet
  facet normal 0 0 1
    outer loop
      vertex 9.66155 -0.82379 2.5
      vertex 5.09873 -9.02874 2.5
      vertex 9.65 -1 2.5
    endloop
  endfacet
  facet normal 0 0 1
    outer loop
      vertex 2.43505 21.1734 2.5
      vertex 7.53886 28.2004 2.5
      vertex 5.09873 29.0287 2.5
    endloop
  endfacet
  facet normal 0 0 1
    outer loop
      vertex 9.92897 -1.82183 2.5
      vertex 7.53886 -8.20043 2.5
      vertex 9.85 -7.0607 2.5
    endloop
  endfacet
  facet normal 0 0 1
    outer loop
      vertex 9.75276 -1.51662 2.5
      vertex 5.09873 -9.02874 2.5
      vertex 7.53886 -8.20043 2.5
    endloop
  endfacet
  facet normal 0 0 1
    outer loop
      vertex 9.83086 20.325 2.5
      vertex 3.96578 18.5221 2.5
      vertex 4 18 2.5
    endloop
  endfacet
  facet normal 0 0 1
    outer loop
      vertex 9.75276 20.4834 2.5
      vertex 3.8637 19.0353 2.5
      vertex 3.96578 18.5221 2.5
    endloop
  endfacet
  facet normal 0 0 1
    outer loop
      vertex 9.66155 20.8238 2.5
      vertex 3.69552 19.5307 2.5
      vertex 3.8637 19.0353 2.5
    endloop
  endfacet
  facet normal 0 0 1
    outer loop
      vertex 9.65 21 2.5
      vertex 3.4641 20 2.5
      vertex 3.69552 19.5307 2.5
    endloop
  endfacet
  facet normal 0 0 1
    outer loop
      vertex 9.66155 21.1762 2.5
      vertex 3.4641 20 2.5
      vertex 9.65 21 2.5
    endloop
  endfacet
  facet normal 0 0 1
    outer loop
      vertex 9.696 21.3494 2.5
      vertex 3.4641 20 2.5
      vertex 9.66155 21.1762 2.5
    endloop
  endfacet
  facet normal 0 0 1
    outer loop
      vertex 1.53073 21.6955 2.5
      vertex 5.09873 29.0287 2.5
      vertex 2.57137 29.5315 2.5
    endloop
  endfacet
  facet normal 0 0 1
    outer loop
      vertex 7.53886 28.2004 2.5
      vertex 2.43505 21.1734 2.5
      vertex 2.82843 20.8284 2.5
    endloop
  endfacet
  facet normal 0 0 1
    outer loop
      vertex 5.09873 29.0287 2.5
      vertex 2 21.4641 2.5
      vertex 2.43505 21.1734 2.5
    endloop
  endfacet
  facet normal 0 0 1
    outer loop
      vertex 5.09873 29.0287 2.5
      vertex 1.53073 21.6955 2.5
      vertex 2 21.4641 2.5
    endloop
  endfacet
  facet normal 0 0 1
    outer loop
      vertex 2.57137 29.5315 2.5
      vertex 1.03528 21.8637 2.5
      vertex 1.53073 21.6955 2.5
    endloop
  endfacet
  facet normal 0 0 1
    outer loop
      vertex 2.57137 29.5315 2.5
      vertex 0.522104 21.9658 2.5
      vertex 1.03528 21.8637 2.5
    endloop
  endfacet
  facet normal 0 0 1
    outer loop
      vertex 0 29.7 2.5
      vertex 0.522104 21.9658 2.5
      vertex 2.57137 29.5315 2.5
    endloop
  endfacet
  facet normal 0 0 1
    outer loop
      vertex 0 29.7 2.5
      vertex 0 22 2.5
      vertex 0.522104 21.9658 2.5
    endloop
  endfacet
  facet normal 0 0 1
    outer loop
      vertex 0 29.7 2.5
      vertex -0.522104 21.9658 2.5
      vertex 0 22 2.5
    endloop
  endfacet
  facet normal -0 0 1
    outer loop
      vertex -2.57137 29.5315 2.5
      vertex -0.522104 21.9658 2.5
      vertex 0 29.7 2.5
    endloop
  endfacet
  facet normal 0 0 1
    outer loop
      vertex -0.522104 21.9658 2.5
      vertex -2.57137 29.5315 2.5
      vertex -1.03528 21.8637 2.5
    endloop
  endfacet
  facet normal 0 0 1
    outer loop
      vertex -1.03528 21.8637 2.5
      vertex -2.57137 29.5315 2.5
      vertex -1.53073 21.6955 2.5
    endloop
  endfacet
  facet normal -0 0 1
    outer loop
      vertex -5.09873 29.0287 2.5
      vertex -1.53073 21.6955 2.5
      vertex -2.57137 29.5315 2.5
    endloop
  endfacet
  facet normal 0 0 1
    outer loop
      vertex -1.53073 21.6955 2.5
      vertex -5.09873 29.0287 2.5
      vertex -2 21.4641 2.5
    endloop
  endfacet
  facet normal 0 0 1
    outer loop
      vertex -2 21.4641 2.5
      vertex -5.09873 29.0287 2.5
      vertex -2.43505 21.1734 2.5
    endloop
  endfacet
  facet normal 0 0 1
    outer loop
      vertex -2.43505 21.1734 2.5
      vertex -5.09873 29.0287 2.5
      vertex -2.82843 20.8284 2.5
    endloop
  endfacet
  facet normal -0 0 1
    outer loop
      vertex -9.75276 21.5166 2.5
      vertex -2.82843 20.8284 2.5
      vertex -5.09873 29.0287 2.5
    endloop
  endfacet
  facet normal 0 0 1
    outer loop
      vertex -2.82843 20.8284 2.5
      vertex -9.75276 21.5166 2.5
      vertex -3.17341 20.435 2.5
    endloop
  endfacet
  facet normal -0 -0 1
    outer loop
      vertex -9.696 21.3494 2.5
      vertex -3.17341 20.435 2.5
      vertex -9.75276 21.5166 2.5
    endloop
  endfacet
  facet normal 0 0 1
    outer loop
      vertex -3.17341 20.435 2.5
      vertex -9.696 21.3494 2.5
      vertex -3.4641 20 2.5
    endloop
  endfacet
  facet normal -0 -0 1
    outer loop
      vertex -9.65 21 2.5
      vertex -3.4641 20 2.5
      vertex -9.66155 21.1762 2.5
    endloop
  endfacet
  facet normal -0 -0 1
    outer loop
      vertex -9.66155 21.1762 2.5
      vertex -3.4641 20 2.5
      vertex -9.696 21.3494 2.5
    endloop
  endfacet
  facet normal 0.980815 -0.19494 0
    outer loop
      vertex 38.8978 -47.7765 2.5
      vertex 38.9743 -47.3916 0
      vertex 38.9743 -47.3916 2.5
    endloop
  endfacet
  facet normal 0.980815 -0.19494 0
    outer loop
      vertex 38.9743 -47.3916 0
      vertex 38.8978 -47.7765 2.5
      vertex 38.8978 -47.7765 0
    endloop
  endfacet
  facet normal -0.0653198 0.997864 0
    outer loop
      vertex -33.2846 -46.1359 -2
      vertex -33.5 -46.15 2.5
      vertex -33.2846 -46.1359 2.5
    endloop
  endfacet
  facet normal -0.0653198 0.997864 0
    outer loop
      vertex -33.5 -46.15 2.5
      vertex -33.2846 -46.1359 -2
      vertex -33.5 -46.15 -2
    endloop
  endfacet
  facet normal -0.980794 -0.195047 0
    outer loop
      vertex -31.8641 -44.2846 0
      vertex -31.9062 -44.0729 2.5
      vertex -31.9062 -44.0729 0
    endloop
  endfacet
  facet normal -0.980794 -0.195047 0
    outer loop
      vertex -31.9062 -44.0729 2.5
      vertex -31.8641 -44.2846 0
      vertex -31.8641 -44.2846 2.5
    endloop
  endfacet
  facet normal -0.997864 -0.0653198 0
    outer loop
      vertex -31.85 -44.5 0
      vertex -31.8641 -44.2846 2.5
      vertex -31.8641 -44.2846 0
    endloop
  endfacet
  facet normal -0.997864 -0.0653198 0
    outer loop
      vertex -31.8641 -44.2846 2.5
      vertex -31.85 -44.5 0
      vertex -31.85 -44.5 2.5
    endloop
  endfacet
  facet normal -0.94686 -0.321645 0
    outer loop
      vertex -31.9062 -44.0729 0
      vertex -31.9756 -43.8686 2.5
      vertex -31.9756 -43.8686 0
    endloop
  endfacet
  facet normal -0.94686 -0.321645 0
    outer loop
      vertex -31.9756 -43.8686 2.5
      vertex -31.9062 -44.0729 0
      vertex -31.9062 -44.0729 2.5
    endloop
  endfacet
  facet normal -0.0653198 -0.997864 0
    outer loop
      vertex -33.5 -42.85 0
      vertex -33.2846 -42.8641 2.5
      vertex -33.5 -42.85 2.5
    endloop
  endfacet
  facet normal -0.0653198 -0.997864 -0
    outer loop
      vertex -33.2846 -42.8641 2.5
      vertex -33.5 -42.85 0
      vertex -33.2846 -42.8641 0
    endloop
  endfacet
  facet normal 0.659488 0.751715 -0
    outer loop
      vertex -34.5045 -45.809 0
      vertex -34.6667 -45.6667 2.5
      vertex -34.5045 -45.809 2.5
    endloop
  endfacet
  facet normal 0.659488 0.751715 0
    outer loop
      vertex -34.6667 -45.6667 2.5
      vertex -34.5045 -45.809 0
      vertex -34.6667 -45.6667 0
    endloop
  endfacet
  facet normal 0.997864 0.0653198 0
    outer loop
      vertex -35.1359 -44.7154 2.5
      vertex -35.15 -44.5 -2
      vertex -35.15 -44.5 2.5
    endloop
  endfacet
  facet normal 0.997864 0.0653198 0
    outer loop
      vertex -35.15 -44.5 -2
      vertex -35.1359 -44.7154 2.5
      vertex -35.1359 -44.7154 -2
    endloop
  endfacet
  facet normal 0.659488 -0.751715 0
    outer loop
      vertex -34.6667 -43.3333 0
      vertex -34.5045 -43.191 2.5
      vertex -34.6667 -43.3333 2.5
    endloop
  endfacet
  facet normal 0.659488 -0.751715 0
    outer loop
      vertex -34.5045 -43.191 2.5
      vertex -34.6667 -43.3333 0
      vertex -34.5045 -43.191 0
    endloop
  endfacet
  facet normal -0.751715 -0.659488 0
    outer loop
      vertex -32.191 -43.4955 0
      vertex -32.3333 -43.3333 2.5
      vertex -32.3333 -43.3333 0
    endloop
  endfacet
  facet normal -0.751715 -0.659488 0
    outer loop
      vertex -32.3333 -43.3333 2.5
      vertex -32.191 -43.4955 0
      vertex -32.191 -43.4955 2.5
    endloop
  endfacet
  facet normal -0.997864 0.0653198 0
    outer loop
      vertex -31.8641 -44.7154 0
      vertex -31.85 -44.5 2.5
      vertex -31.85 -44.5 0
    endloop
  endfacet
  facet normal -0.997864 0.0653198 0
    outer loop
      vertex -31.85 -44.5 2.5
      vertex -31.8641 -44.7154 0
      vertex -31.8641 -44.7154 2.5
    endloop
  endfacet
  facet normal -0.442389 -0.896823 0
    outer loop
      vertex -32.8686 -42.9756 0
      vertex -32.675 -43.0711 2.5
      vertex -32.8686 -42.9756 2.5
    endloop
  endfacet
  facet normal -0.442389 -0.896823 -0
    outer loop
      vertex -32.675 -43.0711 2.5
      vertex -32.8686 -42.9756 0
      vertex -32.675 -43.0711 0
    endloop
  endfacet
  facet normal -0.896823 0.442389 0
    outer loop
      vertex -32.0711 -45.325 0
      vertex -31.9756 -45.1314 2.5
      vertex -31.9756 -45.1314 0
    endloop
  endfacet
  facet normal -0.896823 0.442389 0
    outer loop
      vertex -31.9756 -45.1314 2.5
      vertex -32.0711 -45.325 0
      vertex -32.0711 -45.325 2.5
    endloop
  endfacet
  facet normal 0.321645 0.94686 -0
    outer loop
      vertex -33.9271 -46.0938 0
      vertex -34.1314 -46.0244 2.5
      vertex -33.9271 -46.0938 2.5
    endloop
  endfacet
  facet normal 0.321645 0.94686 0
    outer loop
      vertex -34.1314 -46.0244 2.5
      vertex -33.9271 -46.0938 0
      vertex -34.1314 -46.0244 0
    endloop
  endfacet
  facet normal -0.831551 -0.555448 0
    outer loop
      vertex -32.0711 -43.675 0
      vertex -32.191 -43.4955 2.5
      vertex -32.191 -43.4955 0
    endloop
  endfacet
  facet normal -0.831551 -0.555448 0
    outer loop
      vertex -32.191 -43.4955 2.5
      vertex -32.0711 -43.675 0
      vertex -32.0711 -43.675 2.5
    endloop
  endfacet
  facet normal -0.896823 -0.442389 0
    outer loop
      vertex -31.9756 -43.8686 0
      vertex -32.0711 -43.675 2.5
      vertex -32.0711 -43.675 0
    endloop
  endfacet
  facet normal -0.896823 -0.442389 0
    outer loop
      vertex -32.0711 -43.675 2.5
      vertex -31.9756 -43.8686 0
      vertex -31.9756 -43.8686 2.5
    endloop
  endfacet
  facet normal 0.831551 0.555448 0
    outer loop
      vertex -34.809 -45.5045 2.5
      vertex -34.9289 -45.325 0
      vertex -34.9289 -45.325 2.5
    endloop
  endfacet
  facet normal 0.831551 0.555448 0
    outer loop
      vertex -34.9289 -45.325 0
      vertex -34.809 -45.5045 2.5
      vertex -34.809 -45.5045 0
    endloop
  endfacet
  facet normal -0.442389 0.896823 0
    outer loop
      vertex -32.675 -45.9289 0
      vertex -32.8686 -46.0244 2.5
      vertex -32.675 -45.9289 2.5
    endloop
  endfacet
  facet normal -0.442389 0.896823 0
    outer loop
      vertex -32.8686 -46.0244 2.5
      vertex -32.675 -45.9289 0
      vertex -32.8686 -46.0244 0
    endloop
  endfacet
  facet normal 0.997864 -0.0653198 0
    outer loop
      vertex -35.15 -44.5 2.5
      vertex -35.1359 -44.2846 -2
      vertex -35.1359 -44.2846 2.5
    endloop
  endfacet
  facet normal 0.997864 -0.0653198 0
    outer loop
      vertex -35.1359 -44.2846 -2
      vertex -35.15 -44.5 2.5
      vertex -35.15 -44.5 -2
    endloop
  endfacet
  facet normal 0.442389 -0.896823 0
    outer loop
      vertex -34.325 -43.0711 0
      vertex -34.1314 -42.9756 2.5
      vertex -34.325 -43.0711 2.5
    endloop
  endfacet
  facet normal 0.442389 -0.896823 0
    outer loop
      vertex -34.1314 -42.9756 2.5
      vertex -34.325 -43.0711 0
      vertex -34.1314 -42.9756 0
    endloop
  endfacet
  facet normal -0.195047 -0.980794 0
    outer loop
      vertex -33.2846 -42.8641 0
      vertex -33.0729 -42.9062 2.5
      vertex -33.2846 -42.8641 2.5
    endloop
  endfacet
  facet normal -0.195047 -0.980794 -0
    outer loop
      vertex -33.0729 -42.9062 2.5
      vertex -33.2846 -42.8641 0
      vertex -33.0729 -42.9062 0
    endloop
  endfacet
  facet normal 0.751715 -0.659488 0
    outer loop
      vertex -34.809 -43.4955 2.5
      vertex -34.6667 -43.3333 0
      vertex -34.6667 -43.3333 2.5
    endloop
  endfacet
  facet normal 0.751715 -0.659488 0
    outer loop
      vertex -34.6667 -43.3333 0
      vertex -34.809 -43.4955 2.5
      vertex -34.809 -43.4955 0
    endloop
  endfacet
  facet normal 0.94686 0.321645 0
    outer loop
      vertex -35.0244 -45.1314 2.5
      vertex -35.0938 -44.9271 0
      vertex -35.0938 -44.9271 2.5
    endloop
  endfacet
  facet normal 0.94686 0.321645 0
    outer loop
      vertex -35.0938 -44.9271 0
      vertex -35.0244 -45.1314 2.5
      vertex -35.0244 -45.1314 0
    endloop
  endfacet
  facet normal -0.94686 0.321645 0
    outer loop
      vertex -31.9756 -45.1314 0
      vertex -31.9062 -44.9271 2.5
      vertex -31.9062 -44.9271 0
    endloop
  endfacet
  facet normal -0.94686 0.321645 0
    outer loop
      vertex -31.9062 -44.9271 2.5
      vertex -31.9756 -45.1314 0
      vertex -31.9756 -45.1314 2.5
    endloop
  endfacet
  facet normal 0.980941 -0.194308 0
    outer loop
      vertex -35.0938 -44.0729 2.5
      vertex -35.1 -44.1042 0
      vertex -35.0938 -44.0729 0
    endloop
  endfacet
  facet normal 0.980794 -0.195047 9.61799e-06
    outer loop
      vertex -35.1359 -44.2846 2.5
      vertex -35.1 -44.1042 0
      vertex -35.0938 -44.0729 2.5
    endloop
  endfacet
  facet normal 0.980768 -0.195175 0
    outer loop
      vertex -35.1359 -44.2846 -2
      vertex -35.1 -44.1042 0
      vertex -35.1359 -44.2846 2.5
    endloop
  endfacet
  facet normal 0.980768 -0.195175 0
    outer loop
      vertex -35.1 -44.1042 0
      vertex -35.1359 -44.2846 -2
      vertex -35.1 -44.1042 -2
    endloop
  endfacet
  facet normal 0.442389 0.896823 -0
    outer loop
      vertex -34.1314 -46.0244 0
      vertex -34.325 -45.9289 2.5
      vertex -34.1314 -46.0244 2.5
    endloop
  endfacet
  facet normal 0.442389 0.896823 0
    outer loop
      vertex -34.325 -45.9289 2.5
      vertex -34.1314 -46.0244 0
      vertex -34.325 -45.9289 0
    endloop
  endfacet
  facet normal 0.555448 -0.831551 0
    outer loop
      vertex -34.5045 -43.191 0
      vertex -34.325 -43.0711 2.5
      vertex -34.5045 -43.191 2.5
    endloop
  endfacet
  facet normal 0.555448 -0.831551 0
    outer loop
      vertex -34.325 -43.0711 2.5
      vertex -34.5045 -43.191 0
      vertex -34.325 -43.0711 0
    endloop
  endfacet
  facet normal -0.659488 0.751715 0
    outer loop
      vertex -32.3333 -45.6667 0
      vertex -32.4955 -45.809 2.5
      vertex -32.3333 -45.6667 2.5
    endloop
  endfacet
  facet normal -0.659488 0.751715 0
    outer loop
      vertex -32.4955 -45.809 2.5
      vertex -32.3333 -45.6667 0
      vertex -32.4955 -45.809 0
    endloop
  endfacet
  facet normal 0.321645 -0.94686 0
    outer loop
      vertex -34.1314 -42.9756 0
      vertex -33.9271 -42.9062 2.5
      vertex -34.1314 -42.9756 2.5
    endloop
  endfacet
  facet normal 0.321645 -0.94686 0
    outer loop
      vertex -33.9271 -42.9062 2.5
      vertex -34.1314 -42.9756 0
      vertex -33.9271 -42.9062 0
    endloop
  endfacet
  facet normal -0.831551 0.555448 0
    outer loop
      vertex -32.191 -45.5045 0
      vertex -32.0711 -45.325 2.5
      vertex -32.0711 -45.325 0
    endloop
  endfacet
  facet normal -0.831551 0.555448 0
    outer loop
      vertex -32.0711 -45.325 2.5
      vertex -32.191 -45.5045 0
      vertex -32.191 -45.5045 2.5
    endloop
  endfacet
  facet normal -0.555448 0.831551 0
    outer loop
      vertex -32.4955 -45.809 0
      vertex -32.675 -45.9289 2.5
      vertex -32.4955 -45.809 2.5
    endloop
  endfacet
  facet normal -0.555448 0.831551 0
    outer loop
      vertex -32.675 -45.9289 2.5
      vertex -32.4955 -45.809 0
      vertex -32.675 -45.9289 0
    endloop
  endfacet
  facet normal -0.751715 0.659488 0
    outer loop
      vertex -32.3333 -45.6667 0
      vertex -32.191 -45.5045 2.5
      vertex -32.191 -45.5045 0
    endloop
  endfacet
  facet normal -0.751715 0.659488 0
    outer loop
      vertex -32.191 -45.5045 2.5
      vertex -32.3333 -45.6667 0
      vertex -32.3333 -45.6667 2.5
    endloop
  endfacet
  facet normal -0.980794 0.195047 0
    outer loop
      vertex -31.9062 -44.9271 0
      vertex -31.8641 -44.7154 2.5
      vertex -31.8641 -44.7154 0
    endloop
  endfacet
  facet normal -0.980794 0.195047 0
    outer loop
      vertex -31.8641 -44.7154 2.5
      vertex -31.9062 -44.9271 0
      vertex -31.9062 -44.9271 2.5
    endloop
  endfacet
  facet normal 0.0653198 -0.997864 0
    outer loop
      vertex -33.7154 -42.8641 0
      vertex -33.5 -42.85 2.5
      vertex -33.7154 -42.8641 2.5
    endloop
  endfacet
  facet normal 0.0653198 -0.997864 0
    outer loop
      vertex -33.5 -42.85 2.5
      vertex -33.7154 -42.8641 0
      vertex -33.5 -42.85 0
    endloop
  endfacet
  facet normal 0.896823 0.442389 0
    outer loop
      vertex -34.9289 -45.325 2.5
      vertex -35.0244 -45.1314 0
      vertex -35.0244 -45.1314 2.5
    endloop
  endfacet
  facet normal 0.896823 0.442389 0
    outer loop
      vertex -35.0244 -45.1314 0
      vertex -34.9289 -45.325 2.5
      vertex -34.9289 -45.325 0
    endloop
  endfacet
  facet normal 0.555448 0.831551 -0
    outer loop
      vertex -34.325 -45.9289 0
      vertex -34.5045 -45.809 2.5
      vertex -34.325 -45.9289 2.5
    endloop
  endfacet
  facet normal 0.555448 0.831551 0
    outer loop
      vertex -34.5045 -45.809 2.5
      vertex -34.325 -45.9289 0
      vertex -34.5045 -45.809 0
    endloop
  endfacet
  facet normal 0.896823 -0.442389 0
    outer loop
      vertex -35.0244 -43.8686 2.5
      vertex -34.9289 -43.675 0
      vertex -34.9289 -43.675 2.5
    endloop
  endfacet
  facet normal 0.896823 -0.442389 0
    outer loop
      vertex -34.9289 -43.675 0
      vertex -35.0244 -43.8686 2.5
      vertex -35.0244 -43.8686 0
    endloop
  endfacet
  facet normal -0.555448 -0.831551 0
    outer loop
      vertex -32.675 -43.0711 0
      vertex -32.4955 -43.191 2.5
      vertex -32.675 -43.0711 2.5
    endloop
  endfacet
  facet normal -0.555448 -0.831551 -0
    outer loop
      vertex -32.4955 -43.191 2.5
      vertex -32.675 -43.0711 0
      vertex -32.4955 -43.191 0
    endloop
  endfacet
  facet normal 0.980768 0.195175 0
    outer loop
      vertex -35.1359 -44.7154 2.5
      vertex -35.1 -44.8958 0
      vertex -35.1359 -44.7154 -2
    endloop
  endfacet
  facet normal 0.980794 0.195047 9.61799e-06
    outer loop
      vertex -35.0938 -44.9271 2.5
      vertex -35.1 -44.8958 0
      vertex -35.1359 -44.7154 2.5
    endloop
  endfacet
  facet normal 0.980941 0.194308 0
    outer loop
      vertex -35.1 -44.8958 0
      vertex -35.0938 -44.9271 2.5
      vertex -35.0938 -44.9271 0
    endloop
  endfacet
  facet normal 0.980768 0.195175 0
    outer loop
      vertex -35.1359 -44.7154 -2
      vertex -35.1 -44.8958 0
      vertex -35.1 -44.8958 -2
    endloop
  endfacet
  facet normal -0.321645 0.94686 0
    outer loop
      vertex -32.8686 -46.0244 0
      vertex -33.0729 -46.0938 2.5
      vertex -32.8686 -46.0244 2.5
    endloop
  endfacet
  facet normal -0.321645 0.94686 0
    outer loop
      vertex -33.0729 -46.0938 2.5
      vertex -32.8686 -46.0244 0
      vertex -33.0729 -46.0938 0
    endloop
  endfacet
  facet normal -0.659488 -0.751715 0
    outer loop
      vertex -32.4955 -43.191 0
      vertex -32.3333 -43.3333 2.5
      vertex -32.4955 -43.191 2.5
    endloop
  endfacet
  facet normal -0.659488 -0.751715 -0
    outer loop
      vertex -32.3333 -43.3333 2.5
      vertex -32.4955 -43.191 0
      vertex -32.3333 -43.3333 0
    endloop
  endfacet
  facet normal -0.194308 0.980941 0
    outer loop
      vertex -33.1042 -46.1 0
      vertex -33.0729 -46.0938 2.5
      vertex -33.0729 -46.0938 0
    endloop
  endfacet
  facet normal -0.195047 0.980794 9.61799e-06
    outer loop
      vertex -33.0729 -46.0938 2.5
      vertex -33.1042 -46.1 0
      vertex -33.2846 -46.1359 2.5
    endloop
  endfacet
  facet normal -0.195175 0.980768 0
    outer loop
      vertex -33.2846 -46.1359 -2
      vertex -33.1042 -46.1 0
      vertex -33.1042 -46.1 -2
    endloop
  endfacet
  facet normal -0.195175 0.980768 0
    outer loop
      vertex -33.1042 -46.1 0
      vertex -33.2846 -46.1359 -2
      vertex -33.2846 -46.1359 2.5
    endloop
  endfacet
  facet normal 0.94686 -0.321645 0
    outer loop
      vertex -35.0938 -44.0729 2.5
      vertex -35.0244 -43.8686 0
      vertex -35.0244 -43.8686 2.5
    endloop
  endfacet
  facet normal 0.94686 -0.321645 0
    outer loop
      vertex -35.0244 -43.8686 0
      vertex -35.0938 -44.0729 2.5
      vertex -35.0938 -44.0729 0
    endloop
  endfacet
  facet normal 0.195047 -0.980794 0
    outer loop
      vertex -33.9271 -42.9062 0
      vertex -33.7154 -42.8641 2.5
      vertex -33.9271 -42.9062 2.5
    endloop
  endfacet
  facet normal 0.195047 -0.980794 0
    outer loop
      vertex -33.7154 -42.8641 2.5
      vertex -33.9271 -42.9062 0
      vertex -33.7154 -42.8641 0
    endloop
  endfacet
  facet normal 0.0653198 0.997864 -0
    outer loop
      vertex -33.5 -46.15 -2
      vertex -33.7154 -46.1359 2.5
      vertex -33.5 -46.15 2.5
    endloop
  endfacet
  facet normal 0.0653198 0.997864 0
    outer loop
      vertex -33.7154 -46.1359 2.5
      vertex -33.5 -46.15 -2
      vertex -33.7154 -46.1359 -2
    endloop
  endfacet
  facet normal 0.751715 0.659488 0
    outer loop
      vertex -34.6667 -45.6667 2.5
      vertex -34.809 -45.5045 0
      vertex -34.809 -45.5045 2.5
    endloop
  endfacet
  facet normal 0.751715 0.659488 0
    outer loop
      vertex -34.809 -45.5045 0
      vertex -34.6667 -45.6667 2.5
      vertex -34.6667 -45.6667 0
    endloop
  endfacet
  facet normal 0.195047 0.980794 9.61799e-06
    outer loop
      vertex -33.7154 -46.1359 2.5
      vertex -33.8958 -46.1 0
      vertex -33.9271 -46.0938 2.5
    endloop
  endfacet
  facet normal 0.195175 0.980768 -0
    outer loop
      vertex -33.7154 -46.1359 -2
      vertex -33.8958 -46.1 0
      vertex -33.7154 -46.1359 2.5
    endloop
  endfacet
  facet normal 0.195175 0.980768 0
    outer loop
      vertex -33.8958 -46.1 0
      vertex -33.7154 -46.1359 -2
      vertex -33.8958 -46.1 -2
    endloop
  endfacet
  facet normal 0.194308 0.980941 0
    outer loop
      vertex -33.9271 -46.0938 2.5
      vertex -33.8958 -46.1 0
      vertex -33.9271 -46.0938 0
    endloop
  endfacet
  facet normal -0.321645 -0.94686 0
    outer loop
      vertex -33.0729 -42.9062 0
      vertex -32.8686 -42.9756 2.5
      vertex -33.0729 -42.9062 2.5
    endloop
  endfacet
  facet normal -0.321645 -0.94686 -0
    outer loop
      vertex -32.8686 -42.9756 2.5
      vertex -33.0729 -42.9062 0
      vertex -32.8686 -42.9756 0
    endloop
  endfacet
  facet normal 0.831551 -0.555448 0
    outer loop
      vertex -34.9289 -43.675 2.5
      vertex -34.809 -43.4955 0
      vertex -34.809 -43.4955 2.5
    endloop
  endfacet
  facet normal 0.831551 -0.555448 0
    outer loop
      vertex -34.809 -43.4955 0
      vertex -34.9289 -43.675 2.5
      vertex -34.9289 -43.675 0
    endloop
  endfacet
  facet normal -0.980794 -0.195047 0
    outer loop
      vertex -31.8641 44.7154 0
      vertex -31.9062 44.9271 2.5
      vertex -31.9062 44.9271 0
    endloop
  endfacet
  facet normal -0.980794 -0.195047 0
    outer loop
      vertex -31.9062 44.9271 2.5
      vertex -31.8641 44.7154 0
      vertex -31.8641 44.7154 2.5
    endloop
  endfacet
  facet normal -0.997864 -0.0653198 0
    outer loop
      vertex -31.85 44.5 0
      vertex -31.8641 44.7154 2.5
      vertex -31.8641 44.7154 0
    endloop
  endfacet
  facet normal -0.997864 -0.0653198 0
    outer loop
      vertex -31.8641 44.7154 2.5
      vertex -31.85 44.5 0
      vertex -31.85 44.5 2.5
    endloop
  endfacet
  facet normal -0.94686 -0.321645 0
    outer loop
      vertex -31.9062 44.9271 0
      vertex -31.9756 45.1314 2.5
      vertex -31.9756 45.1314 0
    endloop
  endfacet
  facet normal -0.94686 -0.321645 0
    outer loop
      vertex -31.9756 45.1314 2.5
      vertex -31.9062 44.9271 0
      vertex -31.9062 44.9271 2.5
    endloop
  endfacet
  facet normal 0.997864 0.0653198 0
    outer loop
      vertex -35.1359 44.2846 2.5
      vertex -35.15 44.5 -2
      vertex -35.15 44.5 2.5
    endloop
  endfacet
  facet normal 0.997864 0.0653198 0
    outer loop
      vertex -35.15 44.5 -2
      vertex -35.1359 44.2846 2.5
      vertex -35.1359 44.2846 -2
    endloop
  endfacet
  facet normal 0.831551 0.555448 0
    outer loop
      vertex -34.809 43.4955 2.5
      vertex -34.9289 43.675 0
      vertex -34.9289 43.675 2.5
    endloop
  endfacet
  facet normal 0.831551 0.555448 0
    outer loop
      vertex -34.9289 43.675 0
      vertex -34.809 43.4955 2.5
      vertex -34.809 43.4955 0
    endloop
  endfacet
  facet normal 0.980768 0.195175 0
    outer loop
      vertex -35.1359 44.2846 2.5
      vertex -35.1 44.1042 0
      vertex -35.1359 44.2846 -2
    endloop
  endfacet
  facet normal 0.980794 0.195047 9.61799e-06
    outer loop
      vertex -35.0938 44.0729 2.5
      vertex -35.1 44.1042 0
      vertex -35.1359 44.2846 2.5
    endloop
  endfacet
  facet normal 0.980941 0.194308 0
    outer loop
      vertex -35.1 44.1042 0
      vertex -35.0938 44.0729 2.5
      vertex -35.0938 44.0729 0
    endloop
  endfacet
  facet normal 0.980768 0.195175 0
    outer loop
      vertex -35.1359 44.2846 -2
      vertex -35.1 44.1042 0
      vertex -35.1 44.1042 -2
    endloop
  endfacet
  facet normal 0.896823 0.442389 0
    outer loop
      vertex -34.9289 43.675 2.5
      vertex -35.0244 43.8686 0
      vertex -35.0244 43.8686 2.5
    endloop
  endfacet
  facet normal 0.896823 0.442389 0
    outer loop
      vertex -35.0244 43.8686 0
      vertex -34.9289 43.675 2.5
      vertex -34.9289 43.675 0
    endloop
  endfacet
  facet normal -0.321645 -0.94686 0
    outer loop
      vertex -33.0729 46.0938 0
      vertex -32.8686 46.0244 2.5
      vertex -33.0729 46.0938 2.5
    endloop
  endfacet
  facet normal -0.321645 -0.94686 -0
    outer loop
      vertex -32.8686 46.0244 2.5
      vertex -33.0729 46.0938 0
      vertex -32.8686 46.0244 0
    endloop
  endfacet
  facet normal -0.442389 0.896823 0
    outer loop
      vertex -32.675 43.0711 0
      vertex -32.8686 42.9756 2.5
      vertex -32.675 43.0711 2.5
    endloop
  endfacet
  facet normal -0.442389 0.896823 0
    outer loop
      vertex -32.8686 42.9756 2.5
      vertex -32.675 43.0711 0
      vertex -32.8686 42.9756 0
    endloop
  endfacet
  facet normal -0.321645 0.94686 0
    outer loop
      vertex -32.8686 42.9756 0
      vertex -33.0729 42.9062 2.5
      vertex -32.8686 42.9756 2.5
    endloop
  endfacet
  facet normal -0.321645 0.94686 0
    outer loop
      vertex -33.0729 42.9062 2.5
      vertex -32.8686 42.9756 0
      vertex -33.0729 42.9062 0
    endloop
  endfacet
  facet normal -0.896823 -0.442389 0
    outer loop
      vertex -31.9756 45.1314 0
      vertex -32.0711 45.325 2.5
      vertex -32.0711 45.325 0
    endloop
  endfacet
  facet normal -0.896823 -0.442389 0
    outer loop
      vertex -32.0711 45.325 2.5
      vertex -31.9756 45.1314 0
      vertex -31.9756 45.1314 2.5
    endloop
  endfacet
  facet normal 0.997864 -0.0653198 0
    outer loop
      vertex -35.15 44.5 2.5
      vertex -35.1359 44.7154 -2
      vertex -35.1359 44.7154 2.5
    endloop
  endfacet
  facet normal 0.997864 -0.0653198 0
    outer loop
      vertex -35.1359 44.7154 -2
      vertex -35.15 44.5 2.5
      vertex -35.15 44.5 -2
    endloop
  endfacet
  facet normal -0.195047 0.980794 0
    outer loop
      vertex -33.0729 42.9062 0
      vertex -33.2846 42.8641 2.5
      vertex -33.0729 42.9062 2.5
    endloop
  endfacet
  facet normal -0.195047 0.980794 0
    outer loop
      vertex -33.2846 42.8641 2.5
      vertex -33.0729 42.9062 0
      vertex -33.2846 42.8641 0
    endloop
  endfacet
  facet normal 0.751715 -0.659488 0
    outer loop
      vertex -34.809 45.5045 2.5
      vertex -34.6667 45.6667 0
      vertex -34.6667 45.6667 2.5
    endloop
  endfacet
  facet normal 0.751715 -0.659488 0
    outer loop
      vertex -34.6667 45.6667 0
      vertex -34.809 45.5045 2.5
      vertex -34.809 45.5045 0
    endloop
  endfacet
  facet normal -0.555448 -0.831551 0
    outer loop
      vertex -32.675 45.9289 0
      vertex -32.4955 45.809 2.5
      vertex -32.675 45.9289 2.5
    endloop
  endfacet
  facet normal -0.555448 -0.831551 -0
    outer loop
      vertex -32.4955 45.809 2.5
      vertex -32.675 45.9289 0
      vertex -32.4955 45.809 0
    endloop
  endfacet
  facet normal -0.195047 -0.980794 9.61799e-06
    outer loop
      vertex -33.2846 46.1359 2.5
      vertex -33.1042 46.1 0
      vertex -33.0729 46.0938 2.5
    endloop
  endfacet
  facet normal -0.195175 -0.980768 0
    outer loop
      vertex -33.2846 46.1359 -2
      vertex -33.1042 46.1 0
      vertex -33.2846 46.1359 2.5
    endloop
  endfacet
  facet normal -0.195175 -0.980768 -0
    outer loop
      vertex -33.1042 46.1 0
      vertex -33.2846 46.1359 -2
      vertex -33.1042 46.1 -2
    endloop
  endfacet
  facet normal -0.194308 -0.980941 -0
    outer loop
      vertex -33.0729 46.0938 2.5
      vertex -33.1042 46.1 0
      vertex -33.0729 46.0938 0
    endloop
  endfacet
  facet normal -0.94686 0.321645 0
    outer loop
      vertex -31.9756 43.8686 0
      vertex -31.9062 44.0729 2.5
      vertex -31.9062 44.0729 0
    endloop
  endfacet
  facet normal -0.94686 0.321645 0
    outer loop
      vertex -31.9062 44.0729 2.5
      vertex -31.9756 43.8686 0
      vertex -31.9756 43.8686 2.5
    endloop
  endfacet
  facet normal -0.896823 0.442389 0
    outer loop
      vertex -32.0711 43.675 0
      vertex -31.9756 43.8686 2.5
      vertex -31.9756 43.8686 0
    endloop
  endfacet
  facet normal -0.896823 0.442389 0
    outer loop
      vertex -31.9756 43.8686 2.5
      vertex -32.0711 43.675 0
      vertex -32.0711 43.675 2.5
    endloop
  endfacet
  facet normal -0.997864 0.0653198 0
    outer loop
      vertex -31.8641 44.2846 0
      vertex -31.85 44.5 2.5
      vertex -31.85 44.5 0
    endloop
  endfacet
  facet normal -0.997864 0.0653198 0
    outer loop
      vertex -31.85 44.5 2.5
      vertex -31.8641 44.2846 0
      vertex -31.8641 44.2846 2.5
    endloop
  endfacet
  facet normal -0.751715 -0.659488 0
    outer loop
      vertex -32.191 45.5045 0
      vertex -32.3333 45.6667 2.5
      vertex -32.3333 45.6667 0
    endloop
  endfacet
  facet normal -0.751715 -0.659488 0
    outer loop
      vertex -32.3333 45.6667 2.5
      vertex -32.191 45.5045 0
      vertex -32.191 45.5045 2.5
    endloop
  endfacet
  facet normal 0.659488 -0.751715 0
    outer loop
      vertex -34.6667 45.6667 0
      vertex -34.5045 45.809 2.5
      vertex -34.6667 45.6667 2.5
    endloop
  endfacet
  facet normal 0.659488 -0.751715 0
    outer loop
      vertex -34.5045 45.809 2.5
      vertex -34.6667 45.6667 0
      vertex -34.5045 45.809 0
    endloop
  endfacet
  facet normal 0.194308 -0.980941 0
    outer loop
      vertex -33.8958 46.1 0
      vertex -33.9271 46.0938 2.5
      vertex -33.9271 46.0938 0
    endloop
  endfacet
  facet normal 0.195047 -0.980794 9.61799e-06
    outer loop
      vertex -33.9271 46.0938 2.5
      vertex -33.8958 46.1 0
      vertex -33.7154 46.1359 2.5
    endloop
  endfacet
  facet normal 0.195175 -0.980768 0
    outer loop
      vertex -33.7154 46.1359 -2
      vertex -33.8958 46.1 0
      vertex -33.8958 46.1 -2
    endloop
  endfacet
  facet normal 0.195175 -0.980768 0
    outer loop
      vertex -33.8958 46.1 0
      vertex -33.7154 46.1359 -2
      vertex -33.7154 46.1359 2.5
    endloop
  endfacet
  facet normal -0.659488 0.751715 0
    outer loop
      vertex -32.3333 43.3333 0
      vertex -32.4955 43.191 2.5
      vertex -32.3333 43.3333 2.5
    endloop
  endfacet
  facet normal -0.659488 0.751715 0
    outer loop
      vertex -32.4955 43.191 2.5
      vertex -32.3333 43.3333 0
      vertex -32.4955 43.191 0
    endloop
  endfacet
  facet normal 0.751715 0.659488 0
    outer loop
      vertex -34.6667 43.3333 2.5
      vertex -34.809 43.4955 0
      vertex -34.809 43.4955 2.5
    endloop
  endfacet
  facet normal 0.751715 0.659488 0
    outer loop
      vertex -34.809 43.4955 0
      vertex -34.6667 43.3333 2.5
      vertex -34.6667 43.3333 0
    endloop
  endfacet
  facet normal 0.442389 -0.896823 0
    outer loop
      vertex -34.325 45.9289 0
      vertex -34.1314 46.0244 2.5
      vertex -34.325 45.9289 2.5
    endloop
  endfacet
  facet normal 0.442389 -0.896823 0
    outer loop
      vertex -34.1314 46.0244 2.5
      vertex -34.325 45.9289 0
      vertex -34.1314 46.0244 0
    endloop
  endfacet
  facet normal -0.555448 0.831551 0
    outer loop
      vertex -32.4955 43.191 0
      vertex -32.675 43.0711 2.5
      vertex -32.4955 43.191 2.5
    endloop
  endfacet
  facet normal -0.555448 0.831551 0
    outer loop
      vertex -32.675 43.0711 2.5
      vertex -32.4955 43.191 0
      vertex -32.675 43.0711 0
    endloop
  endfacet
  facet normal -0.659488 -0.751715 0
    outer loop
      vertex -32.4955 45.809 0
      vertex -32.3333 45.6667 2.5
      vertex -32.4955 45.809 2.5
    endloop
  endfacet
  facet normal -0.659488 -0.751715 -0
    outer loop
      vertex -32.3333 45.6667 2.5
      vertex -32.4955 45.809 0
      vertex -32.3333 45.6667 0
    endloop
  endfacet
  facet normal -0.831551 -0.555448 0
    outer loop
      vertex -32.0711 45.325 0
      vertex -32.191 45.5045 2.5
      vertex -32.191 45.5045 0
    endloop
  endfacet
  facet normal -0.831551 -0.555448 0
    outer loop
      vertex -32.191 45.5045 2.5
      vertex -32.0711 45.325 0
      vertex -32.0711 45.325 2.5
    endloop
  endfacet
  facet normal -0.442389 -0.896823 0
    outer loop
      vertex -32.8686 46.0244 0
      vertex -32.675 45.9289 2.5
      vertex -32.8686 46.0244 2.5
    endloop
  endfacet
  facet normal -0.442389 -0.896823 -0
    outer loop
      vertex -32.675 45.9289 2.5
      vertex -32.8686 46.0244 0
      vertex -32.675 45.9289 0
    endloop
  endfacet
  facet normal -0.980794 0.195047 0
    outer loop
      vertex -31.9062 44.0729 0
      vertex -31.8641 44.2846 2.5
      vertex -31.8641 44.2846 0
    endloop
  endfacet
  facet normal -0.980794 0.195047 0
    outer loop
      vertex -31.8641 44.2846 2.5
      vertex -31.9062 44.0729 0
      vertex -31.9062 44.0729 2.5
    endloop
  endfacet
  facet normal 0.321645 0.94686 -0
    outer loop
      vertex -33.9271 42.9062 0
      vertex -34.1314 42.9756 2.5
      vertex -33.9271 42.9062 2.5
    endloop
  endfacet
  facet normal 0.321645 0.94686 0
    outer loop
      vertex -34.1314 42.9756 2.5
      vertex -33.9271 42.9062 0
      vertex -34.1314 42.9756 0
    endloop
  endfacet
  facet normal -0.751715 0.659488 0
    outer loop
      vertex -32.3333 43.3333 0
      vertex -32.191 43.4955 2.5
      vertex -32.191 43.4955 0
    endloop
  endfacet
  facet normal -0.751715 0.659488 0
    outer loop
      vertex -32.191 43.4955 2.5
      vertex -32.3333 43.3333 0
      vertex -32.3333 43.3333 2.5
    endloop
  endfacet
  facet normal -0.831551 0.555448 0
    outer loop
      vertex -32.191 43.4955 0
      vertex -32.0711 43.675 2.5
      vertex -32.0711 43.675 0
    endloop
  endfacet
  facet normal -0.831551 0.555448 0
    outer loop
      vertex -32.0711 43.675 2.5
      vertex -32.191 43.4955 0
      vertex -32.191 43.4955 2.5
    endloop
  endfacet
  facet normal 0.0653198 0.997864 -0
    outer loop
      vertex -33.5 42.85 0
      vertex -33.7154 42.8641 2.5
      vertex -33.5 42.85 2.5
    endloop
  endfacet
  facet normal 0.0653198 0.997864 0
    outer loop
      vertex -33.7154 42.8641 2.5
      vertex -33.5 42.85 0
      vertex -33.7154 42.8641 0
    endloop
  endfacet
  facet normal 0.0653198 -0.997864 0
    outer loop
      vertex -33.7154 46.1359 -2
      vertex -33.5 46.15 2.5
      vertex -33.7154 46.1359 2.5
    endloop
  endfacet
  facet normal 0.0653198 -0.997864 0
    outer loop
      vertex -33.5 46.15 2.5
      vertex -33.7154 46.1359 -2
      vertex -33.5 46.15 -2
    endloop
  endfacet
  facet normal 0.659488 0.751715 -0
    outer loop
      vertex -34.5045 43.191 0
      vertex -34.6667 43.3333 2.5
      vertex -34.5045 43.191 2.5
    endloop
  endfacet
  facet normal 0.659488 0.751715 0
    outer loop
      vertex -34.6667 43.3333 2.5
      vertex -34.5045 43.191 0
      vertex -34.6667 43.3333 0
    endloop
  endfacet
  facet normal 0.555448 0.831551 -0
    outer loop
      vertex -34.325 43.0711 0
      vertex -34.5045 43.191 2.5
      vertex -34.325 43.0711 2.5
    endloop
  endfacet
  facet normal 0.555448 0.831551 0
    outer loop
      vertex -34.5045 43.191 2.5
      vertex -34.325 43.0711 0
      vertex -34.5045 43.191 0
    endloop
  endfacet
  facet normal -0.0653198 0.997864 0
    outer loop
      vertex -33.2846 42.8641 0
      vertex -33.5 42.85 2.5
      vertex -33.2846 42.8641 2.5
    endloop
  endfacet
  facet normal -0.0653198 0.997864 0
    outer loop
      vertex -33.5 42.85 2.5
      vertex -33.2846 42.8641 0
      vertex -33.5 42.85 0
    endloop
  endfacet
  facet normal -0.0653198 -0.997864 0
    outer loop
      vertex -33.5 46.15 -2
      vertex -33.2846 46.1359 2.5
      vertex -33.5 46.15 2.5
    endloop
  endfacet
  facet normal -0.0653198 -0.997864 -0
    outer loop
      vertex -33.2846 46.1359 2.5
      vertex -33.5 46.15 -2
      vertex -33.2846 46.1359 -2
    endloop
  endfacet
  facet normal 0.980941 -0.194308 0
    outer loop
      vertex -35.0938 44.9271 2.5
      vertex -35.1 44.8958 0
      vertex -35.0938 44.9271 0
    endloop
  endfacet
  facet normal 0.980794 -0.195047 9.61799e-06
    outer loop
      vertex -35.1359 44.7154 2.5
      vertex -35.1 44.8958 0
      vertex -35.0938 44.9271 2.5
    endloop
  endfacet
  facet normal 0.980768 -0.195175 0
    outer loop
      vertex -35.1359 44.7154 -2
      vertex -35.1 44.8958 0
      vertex -35.1359 44.7154 2.5
    endloop
  endfacet
  facet normal 0.980768 -0.195175 0
    outer loop
      vertex -35.1 44.8958 0
      vertex -35.1359 44.7154 -2
      vertex -35.1 44.8958 -2
    endloop
  endfacet
  facet normal 0.442389 0.896823 -0
    outer loop
      vertex -34.1314 42.9756 0
      vertex -34.325 43.0711 2.5
      vertex -34.1314 42.9756 2.5
    endloop
  endfacet
  facet normal 0.442389 0.896823 0
    outer loop
      vertex -34.325 43.0711 2.5
      vertex -34.1314 42.9756 0
      vertex -34.325 43.0711 0
    endloop
  endfacet
  facet normal 0.555448 -0.831551 0
    outer loop
      vertex -34.5045 45.809 0
      vertex -34.325 45.9289 2.5
      vertex -34.5045 45.809 2.5
    endloop
  endfacet
  facet normal 0.555448 -0.831551 0
    outer loop
      vertex -34.325 45.9289 2.5
      vertex -34.5045 45.809 0
      vertex -34.325 45.9289 0
    endloop
  endfacet
  facet normal 0.321645 -0.94686 0
    outer loop
      vertex -34.1314 46.0244 0
      vertex -33.9271 46.0938 2.5
      vertex -34.1314 46.0244 2.5
    endloop
  endfacet
  facet normal 0.321645 -0.94686 0
    outer loop
      vertex -33.9271 46.0938 2.5
      vertex -34.1314 46.0244 0
      vertex -33.9271 46.0938 0
    endloop
  endfacet
  facet normal 0.195047 0.980794 -0
    outer loop
      vertex -33.7154 42.8641 0
      vertex -33.9271 42.9062 2.5
      vertex -33.7154 42.8641 2.5
    endloop
  endfacet
  facet normal 0.195047 0.980794 0
    outer loop
      vertex -33.9271 42.9062 2.5
      vertex -33.7154 42.8641 0
      vertex -33.9271 42.9062 0
    endloop
  endfacet
  facet normal 0.94686 -0.321645 0
    outer loop
      vertex -35.0938 44.9271 2.5
      vertex -35.0244 45.1314 0
      vertex -35.0244 45.1314 2.5
    endloop
  endfacet
  facet normal 0.94686 -0.321645 0
    outer loop
      vertex -35.0244 45.1314 0
      vertex -35.0938 44.9271 2.5
      vertex -35.0938 44.9271 0
    endloop
  endfacet
  facet normal 0.831551 -0.555448 0
    outer loop
      vertex -34.9289 45.325 2.5
      vertex -34.809 45.5045 0
      vertex -34.809 45.5045 2.5
    endloop
  endfacet
  facet normal 0.831551 -0.555448 0
    outer loop
      vertex -34.809 45.5045 0
      vertex -34.9289 45.325 2.5
      vertex -34.9289 45.325 0
    endloop
  endfacet
  facet normal 0.94686 0.321645 0
    outer loop
      vertex -35.0244 43.8686 2.5
      vertex -35.0938 44.0729 0
      vertex -35.0938 44.0729 2.5
    endloop
  endfacet
  facet normal 0.94686 0.321645 0
    outer loop
      vertex -35.0938 44.0729 0
      vertex -35.0244 43.8686 2.5
      vertex -35.0244 43.8686 0
    endloop
  endfacet
  facet normal 0.896823 -0.442389 0
    outer loop
      vertex -35.0244 45.1314 2.5
      vertex -34.9289 45.325 0
      vertex -34.9289 45.325 2.5
    endloop
  endfacet
  facet normal 0.896823 -0.442389 0
    outer loop
      vertex -34.9289 45.325 0
      vertex -35.0244 45.1314 2.5
      vertex -35.0244 45.1314 0
    endloop
  endfacet
  facet normal -0.0653198 0.997864 0
    outer loop
      vertex 33.7154 -46.1359 -2
      vertex 33.5 -46.15 2.5
      vertex 33.7154 -46.1359 2.5
    endloop
  endfacet
  facet normal -0.0653198 0.997864 0
    outer loop
      vertex 33.5 -46.15 2.5
      vertex 33.7154 -46.1359 -2
      vertex 33.5 -46.15 -2
    endloop
  endfacet
  facet normal -0.980941 -0.194308 0
    outer loop
      vertex 35.1 -44.1042 0
      vertex 35.0938 -44.0729 2.5
      vertex 35.0938 -44.0729 0
    endloop
  endfacet
  facet normal -0.980768 -0.195175 -0
    outer loop
      vertex 35.1359 -44.2846 2.5
      vertex 35.1 -44.1042 0
      vertex 35.1359 -44.2846 -2
    endloop
  endfacet
  facet normal -0.980794 -0.195047 9.61799e-06
    outer loop
      vertex 35.1 -44.1042 0
      vertex 35.1359 -44.2846 2.5
      vertex 35.0938 -44.0729 2.5
    endloop
  endfacet
  facet normal -0.980768 -0.195175 0
    outer loop
      vertex 35.1 -44.1042 -2
      vertex 35.1359 -44.2846 -2
      vertex 35.1 -44.1042 0
    endloop
  endfacet
  facet normal -0.997864 -0.0653198 0
    outer loop
      vertex 35.15 -44.5 -2
      vertex 35.1359 -44.2846 2.5
      vertex 35.1359 -44.2846 -2
    endloop
  endfacet
  facet normal -0.997864 -0.0653198 0
    outer loop
      vertex 35.1359 -44.2846 2.5
      vertex 35.15 -44.5 -2
      vertex 35.15 -44.5 2.5
    endloop
  endfacet
  facet normal -0.94686 -0.321645 0
    outer loop
      vertex 35.0938 -44.0729 0
      vertex 35.0244 -43.8686 2.5
      vertex 35.0244 -43.8686 0
    endloop
  endfacet
  facet normal -0.94686 -0.321645 0
    outer loop
      vertex 35.0244 -43.8686 2.5
      vertex 35.0938 -44.0729 0
      vertex 35.0938 -44.0729 2.5
    endloop
  endfacet
  facet normal -0.0653198 -0.997864 0
    outer loop
      vertex 33.5 -42.85 0.589999
      vertex 33.7154 -42.8641 2.5
      vertex 33.5 -42.85 2.5
    endloop
  endfacet
  facet normal -0.0653198 -0.997864 -0
    outer loop
      vertex 33.7154 -42.8641 2.5
      vertex 33.5 -42.85 0.589999
      vertex 33.7154 -42.8641 0.589999
    endloop
  endfacet
  facet normal 0.659488 0.751715 -0
    outer loop
      vertex 32.4955 -45.809 0
      vertex 32.3333 -45.6667 2.5
      vertex 32.4955 -45.809 2.5
    endloop
  endfacet
  facet normal 0.659488 0.751715 0
    outer loop
      vertex 32.3333 -45.6667 2.5
      vertex 32.4955 -45.809 0
      vertex 32.3333 -45.6667 0
    endloop
  endfacet
  facet normal 0.997864 0.0653198 0
    outer loop
      vertex 31.8641 -44.7154 2.5
      vertex 31.85 -44.5 0
      vertex 31.85 -44.5 2.5
    endloop
  endfacet
  facet normal 0.997864 0.0653198 0
    outer loop
      vertex 31.85 -44.5 0
      vertex 31.8641 -44.7154 2.5
      vertex 31.8641 -44.7154 0
    endloop
  endfacet
  facet normal 0.659488 -0.751715 0
    outer loop
      vertex 32.3333 -43.3333 0.589999
      vertex 32.4955 -43.191 2.5
      vertex 32.3333 -43.3333 2.5
    endloop
  endfacet
  facet normal 0.659488 -0.751715 0
    outer loop
      vertex 32.4955 -43.191 2.5
      vertex 32.3333 -43.3333 0.589999
      vertex 32.4955 -43.191 0.589999
    endloop
  endfacet
  facet normal -0.751715 -0.659488 0
    outer loop
      vertex 34.809 -43.4955 0.589999
      vertex 34.6667 -43.3333 2.5
      vertex 34.6667 -43.3333 0.589999
    endloop
  endfacet
  facet normal -0.751715 -0.659488 0
    outer loop
      vertex 34.6667 -43.3333 2.5
      vertex 34.809 -43.4955 0.589999
      vertex 34.809 -43.4955 2.5
    endloop
  endfacet
  facet normal -0.997864 0.0653198 0
    outer loop
      vertex 35.1359 -44.7154 -2
      vertex 35.15 -44.5 2.5
      vertex 35.15 -44.5 -2
    endloop
  endfacet
  facet normal -0.997864 0.0653198 0
    outer loop
      vertex 35.15 -44.5 2.5
      vertex 35.1359 -44.7154 -2
      vertex 35.1359 -44.7154 2.5
    endloop
  endfacet
  facet normal -0.442389 -0.896823 0
    outer loop
      vertex 34.1314 -42.9756 0.589999
      vertex 34.325 -43.0711 2.5
      vertex 34.1314 -42.9756 2.5
    endloop
  endfacet
  facet normal -0.442389 -0.896823 -0
    outer loop
      vertex 34.325 -43.0711 2.5
      vertex 34.1314 -42.9756 0.589999
      vertex 34.325 -43.0711 0.589999
    endloop
  endfacet
  facet normal -0.896823 0.442389 0
    outer loop
      vertex 34.9289 -45.325 0
      vertex 35.0244 -45.1314 2.5
      vertex 35.0244 -45.1314 0
    endloop
  endfacet
  facet normal -0.896823 0.442389 0
    outer loop
      vertex 35.0244 -45.1314 2.5
      vertex 34.9289 -45.325 0
      vertex 34.9289 -45.325 2.5
    endloop
  endfacet
  facet normal 0.321645 0.94686 -0
    outer loop
      vertex 33.0729 -46.0938 0
      vertex 32.8686 -46.0244 2.5
      vertex 33.0729 -46.0938 2.5
    endloop
  endfacet
  facet normal 0.321645 0.94686 0
    outer loop
      vertex 32.8686 -46.0244 2.5
      vertex 33.0729 -46.0938 0
      vertex 32.8686 -46.0244 0
    endloop
  endfacet
  facet normal -0.831551 -0.555448 0
    outer loop
      vertex 34.9289 -43.675 0.589999
      vertex 34.809 -43.4955 2.5
      vertex 34.809 -43.4955 0.589999
    endloop
  endfacet
  facet normal -0.831551 -0.555448 0
    outer loop
      vertex 34.809 -43.4955 2.5
      vertex 34.9289 -43.675 0.589999
      vertex 34.9289 -43.675 2.5
    endloop
  endfacet
  facet normal -0.89678 -0.442478 0
    outer loop
      vertex 35 -43.8191 0.589999
      vertex 34.9289 -43.675 2.5
      vertex 34.9289 -43.675 0.589999
    endloop
  endfacet
  facet normal -0.89695 -0.442133 -0
    outer loop
      vertex 35.0244 -43.8686 2.5
      vertex 35 -43.8191 0.589999
      vertex 35.0244 -43.8686 0
    endloop
  endfacet
  facet normal -0.896823 -0.442389 -8.27032e-06
    outer loop
      vertex 35 -43.8191 0.589999
      vertex 35.0244 -43.8686 2.5
      vertex 34.9289 -43.675 2.5
    endloop
  endfacet
  facet normal -0.89695 -0.442133 0
    outer loop
      vertex 35 -43.8191 0
      vertex 35.0244 -43.8686 0
      vertex 35 -43.8191 0.589999
    endloop
  endfacet
  facet normal 0.831551 0.555448 0
    outer loop
      vertex 32.191 -45.5045 2.5
      vertex 32.0711 -45.325 0
      vertex 32.0711 -45.325 2.5
    endloop
  endfacet
  facet normal 0.831551 0.555448 0
    outer loop
      vertex 32.0711 -45.325 0
      vertex 32.191 -45.5045 2.5
      vertex 32.191 -45.5045 0
    endloop
  endfacet
  facet normal -0.442389 0.896823 0
    outer loop
      vertex 34.325 -45.9289 0
      vertex 34.1314 -46.0244 2.5
      vertex 34.325 -45.9289 2.5
    endloop
  endfacet
  facet normal -0.442389 0.896823 0
    outer loop
      vertex 34.1314 -46.0244 2.5
      vertex 34.325 -45.9289 0
      vertex 34.1314 -46.0244 0
    endloop
  endfacet
  facet normal 0.442389 -0.896823 0
    outer loop
      vertex 32.675 -43.0711 0.589999
      vertex 32.8686 -42.9756 2.5
      vertex 32.675 -43.0711 2.5
    endloop
  endfacet
  facet normal 0.442389 -0.896823 0
    outer loop
      vertex 32.8686 -42.9756 2.5
      vertex 32.675 -43.0711 0.589999
      vertex 32.8686 -42.9756 0.589999
    endloop
  endfacet
  facet normal 0.997864 -0.0653198 0
    outer loop
      vertex 31.85 -44.5 2.5
      vertex 31.8641 -44.2846 0
      vertex 31.8641 -44.2846 2.5
    endloop
  endfacet
  facet normal 0.997864 -0.0653198 0
    outer loop
      vertex 31.8641 -44.2846 0
      vertex 31.85 -44.5 2.5
      vertex 31.85 -44.5 0
    endloop
  endfacet
  facet normal -0.195047 -0.980794 0
    outer loop
      vertex 33.7154 -42.8641 0.589999
      vertex 33.9271 -42.9062 2.5
      vertex 33.7154 -42.8641 2.5
    endloop
  endfacet
  facet normal -0.195047 -0.980794 -0
    outer loop
      vertex 33.9271 -42.9062 2.5
      vertex 33.7154 -42.8641 0.589999
      vertex 33.9271 -42.9062 0.589999
    endloop
  endfacet
  facet normal 0.751715 -0.659488 0
    outer loop
      vertex 32.191 -43.4955 2.5
      vertex 32.3333 -43.3333 0.589999
      vertex 32.3333 -43.3333 2.5
    endloop
  endfacet
  facet normal 0.751715 -0.659488 0
    outer loop
      vertex 32.3333 -43.3333 0.589999
      vertex 32.191 -43.4955 2.5
      vertex 32.191 -43.4955 0.589999
    endloop
  endfacet
  facet normal -0.94686 0.321645 0
    outer loop
      vertex 35.0244 -45.1314 0
      vertex 35.0938 -44.9271 2.5
      vertex 35.0938 -44.9271 0
    endloop
  endfacet
  facet normal -0.94686 0.321645 0
    outer loop
      vertex 35.0938 -44.9271 2.5
      vertex 35.0244 -45.1314 0
      vertex 35.0244 -45.1314 2.5
    endloop
  endfacet
  facet normal 0.980794 -0.195047 0
    outer loop
      vertex 31.8641 -44.2846 2.5
      vertex 31.9062 -44.0729 0
      vertex 31.9062 -44.0729 2.5
    endloop
  endfacet
  facet normal 0.980794 -0.195047 0
    outer loop
      vertex 31.9062 -44.0729 0
      vertex 31.8641 -44.2846 2.5
      vertex 31.8641 -44.2846 0
    endloop
  endfacet
  facet normal 0.442389 0.896823 -0
    outer loop
      vertex 32.8686 -46.0244 0
      vertex 32.675 -45.9289 2.5
      vertex 32.8686 -46.0244 2.5
    endloop
  endfacet
  facet normal 0.442389 0.896823 0
    outer loop
      vertex 32.675 -45.9289 2.5
      vertex 32.8686 -46.0244 0
      vertex 32.675 -45.9289 0
    endloop
  endfacet
  facet normal 0.555448 -0.831551 0
    outer loop
      vertex 32.4955 -43.191 0.589999
      vertex 32.675 -43.0711 2.5
      vertex 32.4955 -43.191 2.5
    endloop
  endfacet
  facet normal 0.555448 -0.831551 0
    outer loop
      vertex 32.675 -43.0711 2.5
      vertex 32.4955 -43.191 0.589999
      vertex 32.675 -43.0711 0.589999
    endloop
  endfacet
  facet normal -0.659488 0.751715 0
    outer loop
      vertex 34.6667 -45.6667 0
      vertex 34.5045 -45.809 2.5
      vertex 34.6667 -45.6667 2.5
    endloop
  endfacet
  facet normal -0.659488 0.751715 0
    outer loop
      vertex 34.5045 -45.809 2.5
      vertex 34.6667 -45.6667 0
      vertex 34.5045 -45.809 0
    endloop
  endfacet
  facet normal 0.321645 -0.94686 0
    outer loop
      vertex 32.8686 -42.9756 0.589999
      vertex 33.0729 -42.9062 2.5
      vertex 32.8686 -42.9756 2.5
    endloop
  endfacet
  facet normal 0.321645 -0.94686 0
    outer loop
      vertex 33.0729 -42.9062 2.5
      vertex 32.8686 -42.9756 0.589999
      vertex 33.0729 -42.9062 0.589999
    endloop
  endfacet
  facet normal -0.831551 0.555448 0
    outer loop
      vertex 34.809 -45.5045 0
      vertex 34.9289 -45.325 2.5
      vertex 34.9289 -45.325 0
    endloop
  endfacet
  facet normal -0.831551 0.555448 0
    outer loop
      vertex 34.9289 -45.325 2.5
      vertex 34.809 -45.5045 0
      vertex 34.809 -45.5045 2.5
    endloop
  endfacet
  facet normal -0.555448 0.831551 0
    outer loop
      vertex 34.5045 -45.809 0
      vertex 34.325 -45.9289 2.5
      vertex 34.5045 -45.809 2.5
    endloop
  endfacet
  facet normal -0.555448 0.831551 0
    outer loop
      vertex 34.325 -45.9289 2.5
      vertex 34.5045 -45.809 0
      vertex 34.325 -45.9289 0
    endloop
  endfacet
  facet normal -0.751715 0.659488 0
    outer loop
      vertex 34.6667 -45.6667 0
      vertex 34.809 -45.5045 2.5
      vertex 34.809 -45.5045 0
    endloop
  endfacet
  facet normal -0.751715 0.659488 0
    outer loop
      vertex 34.809 -45.5045 2.5
      vertex 34.6667 -45.6667 0
      vertex 34.6667 -45.6667 2.5
    endloop
  endfacet
  facet normal -0.980768 0.195175 0
    outer loop
      vertex 35.1 -44.8958 0
      vertex 35.1359 -44.7154 -2
      vertex 35.1 -44.8958 -2
    endloop
  endfacet
  facet normal -0.980768 0.195175 0
    outer loop
      vertex 35.1359 -44.7154 -2
      vertex 35.1 -44.8958 0
      vertex 35.1359 -44.7154 2.5
    endloop
  endfacet
  facet normal -0.980941 0.194308 0
    outer loop
      vertex 35.0938 -44.9271 2.5
      vertex 35.1 -44.8958 0
      vertex 35.0938 -44.9271 0
    endloop
  endfacet
  facet normal -0.980794 0.195047 9.61799e-06
    outer loop
      vertex 35.1 -44.8958 0
      vertex 35.0938 -44.9271 2.5
      vertex 35.1359 -44.7154 2.5
    endloop
  endfacet
  facet normal 0.0653198 -0.997864 0
    outer loop
      vertex 33.2846 -42.8641 0.589999
      vertex 33.5 -42.85 2.5
      vertex 33.2846 -42.8641 2.5
    endloop
  endfacet
  facet normal 0.0653198 -0.997864 0
    outer loop
      vertex 33.5 -42.85 2.5
      vertex 33.2846 -42.8641 0.589999
      vertex 33.5 -42.85 0.589999
    endloop
  endfacet
  facet normal 0.896823 0.442389 0
    outer loop
      vertex 32.0711 -45.325 2.5
      vertex 31.9756 -45.1314 0
      vertex 31.9756 -45.1314 2.5
    endloop
  endfacet
  facet normal 0.896823 0.442389 0
    outer loop
      vertex 31.9756 -45.1314 0
      vertex 32.0711 -45.325 2.5
      vertex 32.0711 -45.325 0
    endloop
  endfacet
  facet normal 0.896823 -0.442389 0
    outer loop
      vertex 31.9756 -43.8686 2.5
      vertex 32.0711 -43.675 0.589999
      vertex 32.0711 -43.675 2.5
    endloop
  endfacet
  facet normal 0.896823 -0.442389 0
    outer loop
      vertex 32.0711 -43.675 0.589999
      vertex 31.9756 -43.8686 2.5
      vertex 31.9756 -43.8686 0.589999
    endloop
  endfacet
  facet normal -0.555448 -0.831551 0
    outer loop
      vertex 34.325 -43.0711 0.589999
      vertex 34.5045 -43.191 2.5
      vertex 34.325 -43.0711 2.5
    endloop
  endfacet
  facet normal -0.555448 -0.831551 -0
    outer loop
      vertex 34.5045 -43.191 2.5
      vertex 34.325 -43.0711 0.589999
      vertex 34.5045 -43.191 0.589999
    endloop
  endfacet
  facet normal 0.980794 0.195047 0
    outer loop
      vertex 31.9062 -44.9271 2.5
      vertex 31.8641 -44.7154 0
      vertex 31.8641 -44.7154 2.5
    endloop
  endfacet
  facet normal 0.980794 0.195047 0
    outer loop
      vertex 31.8641 -44.7154 0
      vertex 31.9062 -44.9271 2.5
      vertex 31.9062 -44.9271 0
    endloop
  endfacet
  facet normal -0.321645 0.94686 0
    outer loop
      vertex 34.1314 -46.0244 0
      vertex 33.9271 -46.0938 2.5
      vertex 34.1314 -46.0244 2.5
    endloop
  endfacet
  facet normal -0.321645 0.94686 0
    outer loop
      vertex 33.9271 -46.0938 2.5
      vertex 34.1314 -46.0244 0
      vertex 33.9271 -46.0938 0
    endloop
  endfacet
  facet normal -0.659488 -0.751715 0
    outer loop
      vertex 34.5045 -43.191 0.589999
      vertex 34.6667 -43.3333 2.5
      vertex 34.5045 -43.191 2.5
    endloop
  endfacet
  facet normal -0.659488 -0.751715 -0
    outer loop
      vertex 34.6667 -43.3333 2.5
      vertex 34.5045 -43.191 0.589999
      vertex 34.6667 -43.3333 0.589999
    endloop
  endfacet
  facet normal -0.194308 0.980941 0
    outer loop
      vertex 33.8958 -46.1 0
      vertex 33.9271 -46.0938 2.5
      vertex 33.9271 -46.0938 0
    endloop
  endfacet
  facet normal -0.195047 0.980794 9.61799e-06
    outer loop
      vertex 33.9271 -46.0938 2.5
      vertex 33.8958 -46.1 0
      vertex 33.7154 -46.1359 2.5
    endloop
  endfacet
  facet normal -0.195175 0.980768 0
    outer loop
      vertex 33.7154 -46.1359 -2
      vertex 33.8958 -46.1 0
      vertex 33.8958 -46.1 -2
    endloop
  endfacet
  facet normal -0.195175 0.980768 0
    outer loop
      vertex 33.8958 -46.1 0
      vertex 33.7154 -46.1359 -2
      vertex 33.7154 -46.1359 2.5
    endloop
  endfacet
  facet normal 0.94694 -0.321412 0
    outer loop
      vertex 31.9756 -43.8686 2.5
      vertex 31.931 -44 0.589999
      vertex 31.9756 -43.8686 0.589999
    endloop
  endfacet
  facet normal 0.94686 -0.321645 1.79077e-05
    outer loop
      vertex 31.9062 -44.0729 2.5
      vertex 31.931 -44 0.589999
      vertex 31.9756 -43.8686 2.5
    endloop
  endfacet
  facet normal 0.946717 -0.322066 0
    outer loop
      vertex 31.9062 -44.0729 0
      vertex 31.931 -44 0.589999
      vertex 31.9062 -44.0729 2.5
    endloop
  endfacet
  facet normal 0.946717 -0.322066 0
    outer loop
      vertex 31.931 -44 0.589999
      vertex 31.9062 -44.0729 0
      vertex 31.931 -44 0
    endloop
  endfacet
  facet normal 0.195047 -0.980794 0
    outer loop
      vertex 33.0729 -42.9062 0.589999
      vertex 33.2846 -42.8641 2.5
      vertex 33.0729 -42.9062 2.5
    endloop
  endfacet
  facet normal 0.195047 -0.980794 0
    outer loop
      vertex 33.2846 -42.8641 2.5
      vertex 33.0729 -42.9062 0.589999
      vertex 33.2846 -42.8641 0.589999
    endloop
  endfacet
  facet normal 0.0653198 0.997864 -0
    outer loop
      vertex 33.5 -46.15 -2
      vertex 33.2846 -46.1359 2.5
      vertex 33.5 -46.15 2.5
    endloop
  endfacet
  facet normal 0.0653198 0.997864 0
    outer loop
      vertex 33.2846 -46.1359 2.5
      vertex 33.5 -46.15 -2
      vertex 33.2846 -46.1359 -2
    endloop
  endfacet
  facet normal 0.94686 0.321645 0
    outer loop
      vertex 31.9756 -45.1314 2.5
      vertex 31.9062 -44.9271 0
      vertex 31.9062 -44.9271 2.5
    endloop
  endfacet
  facet normal 0.94686 0.321645 0
    outer loop
      vertex 31.9062 -44.9271 0
      vertex 31.9756 -45.1314 2.5
      vertex 31.9756 -45.1314 0
    endloop
  endfacet
  facet normal 0.751715 0.659488 0
    outer loop
      vertex 32.3333 -45.6667 2.5
      vertex 32.191 -45.5045 0
      vertex 32.191 -45.5045 2.5
    endloop
  endfacet
  facet normal 0.751715 0.659488 0
    outer loop
      vertex 32.191 -45.5045 0
      vertex 32.3333 -45.6667 2.5
      vertex 32.3333 -45.6667 0
    endloop
  endfacet
  facet normal 0.195047 0.980794 9.61799e-06
    outer loop
      vertex 33.2846 -46.1359 2.5
      vertex 33.1042 -46.1 0
      vertex 33.0729 -46.0938 2.5
    endloop
  endfacet
  facet normal 0.195175 0.980768 -0
    outer loop
      vertex 33.2846 -46.1359 -2
      vertex 33.1042 -46.1 0
      vertex 33.2846 -46.1359 2.5
    endloop
  endfacet
  facet normal 0.195175 0.980768 0
    outer loop
      vertex 33.1042 -46.1 0
      vertex 33.2846 -46.1359 -2
      vertex 33.1042 -46.1 -2
    endloop
  endfacet
  facet normal 0.194308 0.980941 0
    outer loop
      vertex 33.0729 -46.0938 2.5
      vertex 33.1042 -46.1 0
      vertex 33.0729 -46.0938 0
    endloop
  endfacet
  facet normal 0.555448 0.831551 -0
    outer loop
      vertex 32.675 -45.9289 0
      vertex 32.4955 -45.809 2.5
      vertex 32.675 -45.9289 2.5
    endloop
  endfacet
  facet normal 0.555448 0.831551 0
    outer loop
      vertex 32.4955 -45.809 2.5
      vertex 32.675 -45.9289 0
      vertex 32.4955 -45.809 0
    endloop
  endfacet
  facet normal -0.321645 -0.94686 0
    outer loop
      vertex 33.9271 -42.9062 0.589999
      vertex 34.1314 -42.9756 2.5
      vertex 33.9271 -42.9062 2.5
    endloop
  endfacet
  facet normal -0.321645 -0.94686 -0
    outer loop
      vertex 34.1314 -42.9756 2.5
      vertex 33.9271 -42.9062 0.589999
      vertex 34.1314 -42.9756 0.589999
    endloop
  endfacet
  facet normal 0.831551 -0.555448 0
    outer loop
      vertex 32.0711 -43.675 2.5
      vertex 32.191 -43.4955 0.589999
      vertex 32.191 -43.4955 2.5
    endloop
  endfacet
  facet normal 0.831551 -0.555448 0
    outer loop
      vertex 32.191 -43.4955 0.589999
      vertex 32.0711 -43.675 2.5
      vertex 32.0711 -43.675 0.589999
    endloop
  endfacet
  facet normal -0.980941 -0.194308 0
    outer loop
      vertex 35.1 44.8958 0
      vertex 35.0938 44.9271 2.5
      vertex 35.0938 44.9271 0
    endloop
  endfacet
  facet normal -0.980768 -0.195175 -0
    outer loop
      vertex 35.1359 44.7154 2.5
      vertex 35.1 44.8958 0
      vertex 35.1359 44.7154 -2
    endloop
  endfacet
  facet normal -0.980794 -0.195047 9.61799e-06
    outer loop
      vertex 35.1 44.8958 0
      vertex 35.1359 44.7154 2.5
      vertex 35.0938 44.9271 2.5
    endloop
  endfacet
  facet normal -0.980768 -0.195175 0
    outer loop
      vertex 35.1 44.8958 -2
      vertex 35.1359 44.7154 -2
      vertex 35.1 44.8958 0
    endloop
  endfacet
  facet normal -0.997864 -0.0653198 0
    outer loop
      vertex 35.15 44.5 -2
      vertex 35.1359 44.7154 2.5
      vertex 35.1359 44.7154 -2
    endloop
  endfacet
  facet normal -0.997864 -0.0653198 0
    outer loop
      vertex 35.1359 44.7154 2.5
      vertex 35.15 44.5 -2
      vertex 35.15 44.5 2.5
    endloop
  endfacet
  facet normal -0.94686 -0.321645 0
    outer loop
      vertex 35.0938 44.9271 0
      vertex 35.0244 45.1314 2.5
      vertex 35.0244 45.1314 0
    endloop
  endfacet
  facet normal -0.94686 -0.321645 0
    outer loop
      vertex 35.0244 45.1314 2.5
      vertex 35.0938 44.9271 0
      vertex 35.0938 44.9271 2.5
    endloop
  endfacet
  facet normal 0.997864 0.0653198 0
    outer loop
      vertex 31.8641 44.2846 2.5
      vertex 31.85 44.5 0
      vertex 31.85 44.5 2.5
    endloop
  endfacet
  facet normal 0.997864 0.0653198 0
    outer loop
      vertex 31.85 44.5 0
      vertex 31.8641 44.2846 2.5
      vertex 31.8641 44.2846 0
    endloop
  endfacet
  facet normal 0.831551 0.555448 0
    outer loop
      vertex 32.191 43.4955 2.5
      vertex 32.0711 43.675 0
      vertex 32.0711 43.675 2.5
    endloop
  endfacet
  facet normal 0.831551 0.555448 0
    outer loop
      vertex 32.0711 43.675 0
      vertex 32.191 43.4955 2.5
      vertex 32.191 43.4955 0
    endloop
  endfacet
  facet normal 0.980794 0.195047 0
    outer loop
      vertex 31.9062 44.0729 2.5
      vertex 31.8641 44.2846 0
      vertex 31.8641 44.2846 2.5
    endloop
  endfacet
  facet normal 0.980794 0.195047 0
    outer loop
      vertex 31.8641 44.2846 0
      vertex 31.9062 44.0729 2.5
      vertex 31.9062 44.0729 0
    endloop
  endfacet
  facet normal -0.321645 -0.94686 0
    outer loop
      vertex 33.9271 46.0938 0
      vertex 34.1314 46.0244 2.5
      vertex 33.9271 46.0938 2.5
    endloop
  endfacet
  facet normal -0.321645 -0.94686 -0
    outer loop
      vertex 34.1314 46.0244 2.5
      vertex 33.9271 46.0938 0
      vertex 34.1314 46.0244 0
    endloop
  endfacet
  facet normal -0.442389 0.896823 0
    outer loop
      vertex 34.325 43.0711 0
      vertex 34.1314 42.9756 2.5
      vertex 34.325 43.0711 2.5
    endloop
  endfacet
  facet normal -0.442389 0.896823 0
    outer loop
      vertex 34.1314 42.9756 2.5
      vertex 34.325 43.0711 0
      vertex 34.1314 42.9756 0
    endloop
  endfacet
  facet normal -0.321645 0.94686 0
    outer loop
      vertex 34.1314 42.9756 0
      vertex 33.9271 42.9062 2.5
      vertex 34.1314 42.9756 2.5
    endloop
  endfacet
  facet normal -0.321645 0.94686 0
    outer loop
      vertex 33.9271 42.9062 2.5
      vertex 34.1314 42.9756 0
      vertex 33.9271 42.9062 0
    endloop
  endfacet
  facet normal -0.896823 -0.442389 0
    outer loop
      vertex 35.0244 45.1314 0
      vertex 34.9289 45.325 2.5
      vertex 34.9289 45.325 0
    endloop
  endfacet
  facet normal -0.896823 -0.442389 0
    outer loop
      vertex 34.9289 45.325 2.5
      vertex 35.0244 45.1314 0
      vertex 35.0244 45.1314 2.5
    endloop
  endfacet
  facet normal 0.997864 -0.0653198 0
    outer loop
      vertex 31.85 44.5 2.5
      vertex 31.8641 44.7154 0
      vertex 31.8641 44.7154 2.5
    endloop
  endfacet
  facet normal 0.997864 -0.0653198 0
    outer loop
      vertex 31.8641 44.7154 0
      vertex 31.85 44.5 2.5
      vertex 31.85 44.5 0
    endloop
  endfacet
  facet normal -0.195047 0.980794 0
    outer loop
      vertex 33.9271 42.9062 0
      vertex 33.7154 42.8641 2.5
      vertex 33.9271 42.9062 2.5
    endloop
  endfacet
  facet normal -0.195047 0.980794 0
    outer loop
      vertex 33.7154 42.8641 2.5
      vertex 33.9271 42.9062 0
      vertex 33.7154 42.8641 0
    endloop
  endfacet
  facet normal 0.751715 -0.659488 0
    outer loop
      vertex 32.191 45.5045 2.5
      vertex 32.3333 45.6667 0
      vertex 32.3333 45.6667 2.5
    endloop
  endfacet
  facet normal 0.751715 -0.659488 0
    outer loop
      vertex 32.3333 45.6667 0
      vertex 32.191 45.5045 2.5
      vertex 32.191 45.5045 0
    endloop
  endfacet
  facet normal -0.555448 -0.831551 0
    outer loop
      vertex 34.325 45.9289 0
      vertex 34.5045 45.809 2.5
      vertex 34.325 45.9289 2.5
    endloop
  endfacet
  facet normal -0.555448 -0.831551 -0
    outer loop
      vertex 34.5045 45.809 2.5
      vertex 34.325 45.9289 0
      vertex 34.5045 45.809 0
    endloop
  endfacet
  facet normal -0.195047 -0.980794 9.61799e-06
    outer loop
      vertex 33.7154 46.1359 2.5
      vertex 33.8958 46.1 0
      vertex 33.9271 46.0938 2.5
    endloop
  endfacet
  facet normal -0.195175 -0.980768 0
    outer loop
      vertex 33.7154 46.1359 -2
      vertex 33.8958 46.1 0
      vertex 33.7154 46.1359 2.5
    endloop
  endfacet
  facet normal -0.195175 -0.980768 -0
    outer loop
      vertex 33.8958 46.1 0
      vertex 33.7154 46.1359 -2
      vertex 33.8958 46.1 -2
    endloop
  endfacet
  facet normal -0.194308 -0.980941 -0
    outer loop
      vertex 33.9271 46.0938 2.5
      vertex 33.8958 46.1 0
      vertex 33.9271 46.0938 0
    endloop
  endfacet
  facet normal -0.94686 0.321645 0
    outer loop
      vertex 35.0244 43.8686 0
      vertex 35.0938 44.0729 2.5
      vertex 35.0938 44.0729 0
    endloop
  endfacet
  facet normal -0.94686 0.321645 0
    outer loop
      vertex 35.0938 44.0729 2.5
      vertex 35.0244 43.8686 0
      vertex 35.0244 43.8686 2.5
    endloop
  endfacet
  facet normal -0.896823 0.442389 0
    outer loop
      vertex 34.9289 43.675 0
      vertex 35.0244 43.8686 2.5
      vertex 35.0244 43.8686 0
    endloop
  endfacet
  facet normal -0.896823 0.442389 0
    outer loop
      vertex 35.0244 43.8686 2.5
      vertex 34.9289 43.675 0
      vertex 34.9289 43.675 2.5
    endloop
  endfacet
  facet normal -0.997864 0.0653198 0
    outer loop
      vertex 35.1359 44.2846 -2
      vertex 35.15 44.5 2.5
      vertex 35.15 44.5 -2
    endloop
  endfacet
  facet normal -0.997864 0.0653198 0
    outer loop
      vertex 35.15 44.5 2.5
      vertex 35.1359 44.2846 -2
      vertex 35.1359 44.2846 2.5
    endloop
  endfacet
  facet normal -0.751715 -0.659488 0
    outer loop
      vertex 34.809 45.5045 0
      vertex 34.6667 45.6667 2.5
      vertex 34.6667 45.6667 0
    endloop
  endfacet
  facet normal -0.751715 -0.659488 0
    outer loop
      vertex 34.6667 45.6667 2.5
      vertex 34.809 45.5045 0
      vertex 34.809 45.5045 2.5
    endloop
  endfacet
  facet normal 0.659488 -0.751715 0
    outer loop
      vertex 32.3333 45.6667 0
      vertex 32.4955 45.809 2.5
      vertex 32.3333 45.6667 2.5
    endloop
  endfacet
  facet normal 0.659488 -0.751715 0
    outer loop
      vertex 32.4955 45.809 2.5
      vertex 32.3333 45.6667 0
      vertex 32.4955 45.809 0
    endloop
  endfacet
  facet normal 0.194308 -0.980941 0
    outer loop
      vertex 33.1042 46.1 0
      vertex 33.0729 46.0938 2.5
      vertex 33.0729 46.0938 0
    endloop
  endfacet
  facet normal 0.195047 -0.980794 9.61799e-06
    outer loop
      vertex 33.0729 46.0938 2.5
      vertex 33.1042 46.1 0
      vertex 33.2846 46.1359 2.5
    endloop
  endfacet
  facet normal 0.195175 -0.980768 0
    outer loop
      vertex 33.2846 46.1359 -2
      vertex 33.1042 46.1 0
      vertex 33.1042 46.1 -2
    endloop
  endfacet
  facet normal 0.195175 -0.980768 0
    outer loop
      vertex 33.1042 46.1 0
      vertex 33.2846 46.1359 -2
      vertex 33.2846 46.1359 2.5
    endloop
  endfacet
  facet normal -0.659488 0.751715 0
    outer loop
      vertex 34.6667 43.3333 0
      vertex 34.5045 43.191 2.5
      vertex 34.6667 43.3333 2.5
    endloop
  endfacet
  facet normal -0.659488 0.751715 0
    outer loop
      vertex 34.5045 43.191 2.5
      vertex 34.6667 43.3333 0
      vertex 34.5045 43.191 0
    endloop
  endfacet
  facet normal 0.751715 0.659488 0
    outer loop
      vertex 32.3333 43.3333 2.5
      vertex 32.191 43.4955 0
      vertex 32.191 43.4955 2.5
    endloop
  endfacet
  facet normal 0.751715 0.659488 0
    outer loop
      vertex 32.191 43.4955 0
      vertex 32.3333 43.3333 2.5
      vertex 32.3333 43.3333 0
    endloop
  endfacet
  facet normal 0.442389 -0.896823 0
    outer loop
      vertex 32.675 45.9289 0
      vertex 32.8686 46.0244 2.5
      vertex 32.675 45.9289 2.5
    endloop
  endfacet
  facet normal 0.442389 -0.896823 0
    outer loop
      vertex 32.8686 46.0244 2.5
      vertex 32.675 45.9289 0
      vertex 32.8686 46.0244 0
    endloop
  endfacet
  facet normal -0.555448 0.831551 0
    outer loop
      vertex 34.5045 43.191 0
      vertex 34.325 43.0711 2.5
      vertex 34.5045 43.191 2.5
    endloop
  endfacet
  facet normal -0.555448 0.831551 0
    outer loop
      vertex 34.325 43.0711 2.5
      vertex 34.5045 43.191 0
      vertex 34.325 43.0711 0
    endloop
  endfacet
  facet normal -0.659488 -0.751715 0
    outer loop
      vertex 34.5045 45.809 0
      vertex 34.6667 45.6667 2.5
      vertex 34.5045 45.809 2.5
    endloop
  endfacet
  facet normal -0.659488 -0.751715 -0
    outer loop
      vertex 34.6667 45.6667 2.5
      vertex 34.5045 45.809 0
      vertex 34.6667 45.6667 0
    endloop
  endfacet
  facet normal -0.831551 -0.555448 0
    outer loop
      vertex 34.9289 45.325 0
      vertex 34.809 45.5045 2.5
      vertex 34.809 45.5045 0
    endloop
  endfacet
  facet normal -0.831551 -0.555448 0
    outer loop
      vertex 34.809 45.5045 2.5
      vertex 34.9289 45.325 0
      vertex 34.9289 45.325 2.5
    endloop
  endfacet
  facet normal -0.442389 -0.896823 0
    outer loop
      vertex 34.1314 46.0244 0
      vertex 34.325 45.9289 2.5
      vertex 34.1314 46.0244 2.5
    endloop
  endfacet
  facet normal -0.442389 -0.896823 -0
    outer loop
      vertex 34.325 45.9289 2.5
      vertex 34.1314 46.0244 0
      vertex 34.325 45.9289 0
    endloop
  endfacet
  facet normal -0.980768 0.195175 0
    outer loop
      vertex 35.1 44.1042 0
      vertex 35.1359 44.2846 -2
      vertex 35.1 44.1042 -2
    endloop
  endfacet
  facet normal -0.980768 0.195175 0
    outer loop
      vertex 35.1359 44.2846 -2
      vertex 35.1 44.1042 0
      vertex 35.1359 44.2846 2.5
    endloop
  endfacet
  facet normal -0.980941 0.194308 0
    outer loop
      vertex 35.0938 44.0729 2.5
      vertex 35.1 44.1042 0
      vertex 35.0938 44.0729 0
    endloop
  endfacet
  facet normal -0.980794 0.195047 9.61799e-06
    outer loop
      vertex 35.1 44.1042 0
      vertex 35.0938 44.0729 2.5
      vertex 35.1359 44.2846 2.5
    endloop
  endfacet
  facet normal 0.321645 0.94686 -0
    outer loop
      vertex 33.0729 42.9062 0
      vertex 32.8686 42.9756 2.5
      vertex 33.0729 42.9062 2.5
    endloop
  endfacet
  facet normal 0.321645 0.94686 0
    outer loop
      vertex 32.8686 42.9756 2.5
      vertex 33.0729 42.9062 0
      vertex 32.8686 42.9756 0
    endloop
  endfacet
  facet normal -0.751715 0.659488 0
    outer loop
      vertex 34.6667 43.3333 0
      vertex 34.809 43.4955 2.5
      vertex 34.809 43.4955 0
    endloop
  endfacet
  facet normal -0.751715 0.659488 0
    outer loop
      vertex 34.809 43.4955 2.5
      vertex 34.6667 43.3333 0
      vertex 34.6667 43.3333 2.5
    endloop
  endfacet
  facet normal -0.831551 0.555448 0
    outer loop
      vertex 34.809 43.4955 0
      vertex 34.9289 43.675 2.5
      vertex 34.9289 43.675 0
    endloop
  endfacet
  facet normal -0.831551 0.555448 0
    outer loop
      vertex 34.9289 43.675 2.5
      vertex 34.809 43.4955 0
      vertex 34.809 43.4955 2.5
    endloop
  endfacet
  facet normal 0.0653198 0.997864 -0
    outer loop
      vertex 33.5 42.85 0
      vertex 33.2846 42.8641 2.5
      vertex 33.5 42.85 2.5
    endloop
  endfacet
  facet normal 0.0653198 0.997864 0
    outer loop
      vertex 33.2846 42.8641 2.5
      vertex 33.5 42.85 0
      vertex 33.2846 42.8641 0
    endloop
  endfacet
  facet normal 0.0653198 -0.997864 0
    outer loop
      vertex 33.2846 46.1359 -2
      vertex 33.5 46.15 2.5
      vertex 33.2846 46.1359 2.5
    endloop
  endfacet
  facet normal 0.0653198 -0.997864 0
    outer loop
      vertex 33.5 46.15 2.5
      vertex 33.2846 46.1359 -2
      vertex 33.5 46.15 -2
    endloop
  endfacet
  facet normal 0.659488 0.751715 -0
    outer loop
      vertex 32.4955 43.191 0
      vertex 32.3333 43.3333 2.5
      vertex 32.4955 43.191 2.5
    endloop
  endfacet
  facet normal 0.659488 0.751715 0
    outer loop
      vertex 32.3333 43.3333 2.5
      vertex 32.4955 43.191 0
      vertex 32.3333 43.3333 0
    endloop
  endfacet
  facet normal 0.555448 0.831551 -0
    outer loop
      vertex 32.675 43.0711 0
      vertex 32.4955 43.191 2.5
      vertex 32.675 43.0711 2.5
    endloop
  endfacet
  facet normal 0.555448 0.831551 0
    outer loop
      vertex 32.4955 43.191 2.5
      vertex 32.675 43.0711 0
      vertex 32.4955 43.191 0
    endloop
  endfacet
  facet normal -0.0653198 0.997864 0
    outer loop
      vertex 33.7154 42.8641 0
      vertex 33.5 42.85 2.5
      vertex 33.7154 42.8641 2.5
    endloop
  endfacet
  facet normal -0.0653198 0.997864 0
    outer loop
      vertex 33.5 42.85 2.5
      vertex 33.7154 42.8641 0
      vertex 33.5 42.85 0
    endloop
  endfacet
  facet normal -0.0653198 -0.997864 0
    outer loop
      vertex 33.5 46.15 -2
      vertex 33.7154 46.1359 2.5
      vertex 33.5 46.15 2.5
    endloop
  endfacet
  facet normal -0.0653198 -0.997864 -0
    outer loop
      vertex 33.7154 46.1359 2.5
      vertex 33.5 46.15 -2
      vertex 33.7154 46.1359 -2
    endloop
  endfacet
  facet normal 0.980794 -0.195047 0
    outer loop
      vertex 31.8641 44.7154 2.5
      vertex 31.9062 44.9271 0
      vertex 31.9062 44.9271 2.5
    endloop
  endfacet
  facet normal 0.980794 -0.195047 0
    outer loop
      vertex 31.9062 44.9271 0
      vertex 31.8641 44.7154 2.5
      vertex 31.8641 44.7154 0
    endloop
  endfacet
  facet normal 0.442389 0.896823 -0
    outer loop
      vertex 32.8686 42.9756 0
      vertex 32.675 43.0711 2.5
      vertex 32.8686 42.9756 2.5
    endloop
  endfacet
  facet normal 0.442389 0.896823 0
    outer loop
      vertex 32.675 43.0711 2.5
      vertex 32.8686 42.9756 0
      vertex 32.675 43.0711 0
    endloop
  endfacet
  facet normal 0.555448 -0.831551 0
    outer loop
      vertex 32.4955 45.809 0
      vertex 32.675 45.9289 2.5
      vertex 32.4955 45.809 2.5
    endloop
  endfacet
  facet normal 0.555448 -0.831551 0
    outer loop
      vertex 32.675 45.9289 2.5
      vertex 32.4955 45.809 0
      vertex 32.675 45.9289 0
    endloop
  endfacet
  facet normal 0.896823 0.442389 0
    outer loop
      vertex 32.0711 43.675 2.5
      vertex 31.9756 43.8686 0
      vertex 31.9756 43.8686 2.5
    endloop
  endfacet
  facet normal 0.896823 0.442389 0
    outer loop
      vertex 31.9756 43.8686 0
      vertex 32.0711 43.675 2.5
      vertex 32.0711 43.675 0
    endloop
  endfacet
  facet normal 0.321645 -0.94686 0
    outer loop
      vertex 32.8686 46.0244 0
      vertex 33.0729 46.0938 2.5
      vertex 32.8686 46.0244 2.5
    endloop
  endfacet
  facet normal 0.321645 -0.94686 0
    outer loop
      vertex 33.0729 46.0938 2.5
      vertex 32.8686 46.0244 0
      vertex 33.0729 46.0938 0
    endloop
  endfacet
  facet normal 0.195047 0.980794 -0
    outer loop
      vertex 33.2846 42.8641 0
      vertex 33.0729 42.9062 2.5
      vertex 33.2846 42.8641 2.5
    endloop
  endfacet
  facet normal 0.195047 0.980794 0
    outer loop
      vertex 33.0729 42.9062 2.5
      vertex 33.2846 42.8641 0
      vertex 33.0729 42.9062 0
    endloop
  endfacet
  facet normal 0.94686 -0.321645 0
    outer loop
      vertex 31.9062 44.9271 2.5
      vertex 31.9756 45.1314 0
      vertex 31.9756 45.1314 2.5
    endloop
  endfacet
  facet normal 0.94686 -0.321645 0
    outer loop
      vertex 31.9756 45.1314 0
      vertex 31.9062 44.9271 2.5
      vertex 31.9062 44.9271 0
    endloop
  endfacet
  facet normal 0.831551 -0.555448 0
    outer loop
      vertex 32.0711 45.325 2.5
      vertex 32.191 45.5045 0
      vertex 32.191 45.5045 2.5
    endloop
  endfacet
  facet normal 0.831551 -0.555448 0
    outer loop
      vertex 32.191 45.5045 0
      vertex 32.0711 45.325 2.5
      vertex 32.0711 45.325 0
    endloop
  endfacet
  facet normal 0.94686 0.321645 0
    outer loop
      vertex 31.9756 43.8686 2.5
      vertex 31.9062 44.0729 0
      vertex 31.9062 44.0729 2.5
    endloop
  endfacet
  facet normal 0.94686 0.321645 0
    outer loop
      vertex 31.9062 44.0729 0
      vertex 31.9756 43.8686 2.5
      vertex 31.9756 43.8686 0
    endloop
  endfacet
  facet normal 0.896823 -0.442389 0
    outer loop
      vertex 31.9756 45.1314 2.5
      vertex 32.0711 45.325 0
      vertex 32.0711 45.325 2.5
    endloop
  endfacet
  facet normal 0.896823 -0.442389 0
    outer loop
      vertex 32.0711 45.325 0
      vertex 31.9756 45.1314 2.5
      vertex 31.9756 45.1314 0
    endloop
  endfacet
  facet normal -0.195087 -0.980786 0
    outer loop
      vertex -10.8238 0.33845 0
      vertex -10.6506 0.303999 2.5
      vertex -10.8238 0.33845 2.5
    endloop
  endfacet
  facet normal -0.195087 -0.980786 -0
    outer loop
      vertex -10.6506 0.303999 2.5
      vertex -10.8238 0.33845 0
      vertex -10.6506 0.303999 0
    endloop
  endfacet
  facet normal -0.980786 -0.195086 0
    outer loop
      vertex -9.66155 -0.82379 0
      vertex -9.696 -0.650594 2.5
      vertex -9.696 -0.650594 0
    endloop
  endfacet
  facet normal -0.980786 -0.195086 0
    outer loop
      vertex -9.696 -0.650594 2.5
      vertex -9.66155 -0.82379 0
      vertex -9.66155 -0.82379 2.5
    endloop
  endfacet
  facet normal -0.997859 -0.0654064 0
    outer loop
      vertex -9.65 -1 0
      vertex -9.66155 -0.82379 2.5
      vertex -9.66155 -0.82379 0
    endloop
  endfacet
  facet normal -0.997859 -0.0654064 0
    outer loop
      vertex -9.66155 -0.82379 2.5
      vertex -9.65 -1 0
      vertex -9.65 -1 2.5
    endloop
  endfacet
  facet normal -0.946934 -0.321427 0
    outer loop
      vertex -9.696 -0.650594 0
      vertex -9.75276 -0.483377 2.5
      vertex -9.75276 -0.483377 0
    endloop
  endfacet
  facet normal -0.946934 -0.321427 0
    outer loop
      vertex -9.75276 -0.483377 2.5
      vertex -9.696 -0.650594 0
      vertex -9.696 -0.650594 2.5
    endloop
  endfacet
  facet normal -0.831464 -0.555578 0
    outer loop
      vertex -9.83086 -0.325 0
      vertex -9.92897 -0.178171 2.5
      vertex -9.92897 -0.178171 0
    endloop
  endfacet
  facet normal -0.831464 -0.555578 0
    outer loop
      vertex -9.92897 -0.178171 2.5
      vertex -9.83086 -0.325 0
      vertex -9.83086 -0.325 2.5
    endloop
  endfacet
  facet normal -0.321466 -0.946921 0
    outer loop
      vertex -10.6506 0.303999 0
      vertex -10.4834 0.247237 2.5
      vertex -10.6506 0.303999 2.5
    endloop
  endfacet
  facet normal -0.321466 -0.946921 -0
    outer loop
      vertex -10.4834 0.247237 2.5
      vertex -10.6506 0.303999 0
      vertex -10.4834 0.247237 0
    endloop
  endfacet
  facet normal 0.980733 0.195354 0
    outer loop
      vertex -12.304 -1.34941 2.5
      vertex -12.3385 -1.17621 0
      vertex -12.3385 -1.17621 2.5
    endloop
  endfacet
  facet normal 0.980733 0.195354 0
    outer loop
      vertex -12.3385 -1.17621 0
      vertex -12.304 -1.34941 2.5
      vertex -12.304 -1.34941 0
    endloop
  endfacet
  facet normal -0.997859 0.0654064 0
    outer loop
      vertex -9.66155 -1.17621 0
      vertex -9.65 -1 2.5
      vertex -9.65 -1 0
    endloop
  endfacet
  facet normal -0.997859 0.0654064 0
    outer loop
      vertex -9.65 -1 2.5
      vertex -9.66155 -1.17621 0
      vertex -9.66155 -1.17621 2.5
    endloop
  endfacet
  facet normal 0.997877 0.0651245 0
    outer loop
      vertex -12.3385 -1.17621 2.5
      vertex -12.35 -1 0
      vertex -12.35 -1 2.5
    endloop
  endfacet
  facet normal 0.997877 0.0651245 0
    outer loop
      vertex -12.35 -1 0
      vertex -12.3385 -1.17621 2.5
      vertex -12.3385 -1.17621 0
    endloop
  endfacet
  facet normal 0.321456 0.946925 -0
    outer loop
      vertex -11.3494 -2.304 0
      vertex -11.5166 -2.24724 2.5
      vertex -11.3494 -2.304 2.5
    endloop
  endfacet
  facet normal 0.321456 0.946925 0
    outer loop
      vertex -11.5166 -2.24724 2.5
      vertex -11.3494 -2.304 0
      vertex -11.5166 -2.24724 0
    endloop
  endfacet
  facet normal -0.896879 -0.442276 0
    outer loop
      vertex -9.75276 -0.483377 0
      vertex -9.83086 -0.325 2.5
      vertex -9.83086 -0.325 0
    endloop
  endfacet
  facet normal -0.896879 -0.442276 0
    outer loop
      vertex -9.83086 -0.325 2.5
      vertex -9.75276 -0.483377 0
      vertex -9.75276 -0.483377 2.5
    endloop
  endfacet
  facet normal -0.751846 -0.659338 0
    outer loop
      vertex -9.92897 -0.178171 0
      vertex -10.0454 -0.0454054 2.5
      vertex -10.0454 -0.0454054 0
    endloop
  endfacet
  facet normal -0.751846 -0.659338 0
    outer loop
      vertex -10.0454 -0.0454054 2.5
      vertex -9.92897 -0.178171 0
      vertex -9.92897 -0.178171 2.5
    endloop
  endfacet
  facet normal -0.94693 0.321439 0
    outer loop
      vertex -9.75276 -1.51662 0
      vertex -9.696 -1.34941 2.5
      vertex -9.696 -1.34941 0
    endloop
  endfacet
  facet normal -0.94693 0.321439 0
    outer loop
      vertex -9.696 -1.34941 2.5
      vertex -9.75276 -1.51662 0
      vertex -9.75276 -1.51662 2.5
    endloop
  endfacet
  facet normal 0.751917 0.659258 0
    outer loop
      vertex -11.9546 -1.95459 2.5
      vertex -12.071 -1.82183 0
      vertex -12.071 -1.82183 2.5
    endloop
  endfacet
  facet normal 0.751917 0.659258 0
    outer loop
      vertex -12.071 -1.82183 0
      vertex -11.9546 -1.95459 2.5
      vertex -11.9546 -1.95459 0
    endloop
  endfacet
  facet normal -0.980787 0.195081 0
    outer loop
      vertex -9.696 -1.34941 0
      vertex -9.66155 -1.17621 2.5
      vertex -9.66155 -1.17621 0
    endloop
  endfacet
  facet normal -0.980787 0.195081 0
    outer loop
      vertex -9.66155 -1.17621 2.5
      vertex -9.696 -1.34941 0
      vertex -9.696 -1.34941 2.5
    endloop
  endfacet
  facet normal -0.0654101 0.997858 0
    outer loop
      vertex -10.8238 -2.33845 0
      vertex -11 -2.35 2.5
      vertex -10.8238 -2.33845 2.5
    endloop
  endfacet
  facet normal -0.0654101 0.997858 0
    outer loop
      vertex -11 -2.35 2.5
      vertex -10.8238 -2.33845 0
      vertex -11 -2.35 0
    endloop
  endfacet
  facet normal 0.946861 0.321642 0
    outer loop
      vertex -12.2472 -1.51662 2.5
      vertex -12.304 -1.34941 0
      vertex -12.304 -1.34941 2.5
    endloop
  endfacet
  facet normal 0.946861 0.321642 0
    outer loop
      vertex -12.304 -1.34941 0
      vertex -12.2472 -1.51662 2.5
      vertex -12.2472 -1.51662 0
    endloop
  endfacet
  facet normal -0.831466 0.555575 0
    outer loop
      vertex -9.92897 -1.82183 0
      vertex -9.83086 -1.675 2.5
      vertex -9.83086 -1.675 0
    endloop
  endfacet
  facet normal -0.831466 0.555575 0
    outer loop
      vertex -9.83086 -1.675 2.5
      vertex -9.92897 -1.82183 0
      vertex -9.92897 -1.82183 2.5
    endloop
  endfacet
  facet normal -0.442238 -0.896898 0
    outer loop
      vertex -10.4834 0.247237 0
      vertex -10.325 0.169134 2.5
      vertex -10.4834 0.247237 2.5
    endloop
  endfacet
  facet normal -0.442238 -0.896898 -0
    outer loop
      vertex -10.325 0.169134 2.5
      vertex -10.4834 0.247237 0
      vertex -10.325 0.169134 0
    endloop
  endfacet
  facet normal 0.442238 -0.896898 0
    outer loop
      vertex -11.675 0.169134 0
      vertex -11.5166 0.247237 2.5
      vertex -11.675 0.169134 2.5
    endloop
  endfacet
  facet normal 0.442238 -0.896898 0
    outer loop
      vertex -11.5166 0.247237 2.5
      vertex -11.675 0.169134 0
      vertex -11.5166 0.247237 0
    endloop
  endfacet
  facet normal -0.442269 0.896882 0
    outer loop
      vertex -10.325 -2.16913 0
      vertex -10.4834 -2.24724 2.5
      vertex -10.325 -2.16913 2.5
    endloop
  endfacet
  facet normal -0.442269 0.896882 0
    outer loop
      vertex -10.4834 -2.24724 2.5
      vertex -10.325 -2.16913 0
      vertex -10.4834 -2.24724 0
    endloop
  endfacet
  facet normal -0.321456 0.946925 0
    outer loop
      vertex -10.4834 -2.24724 0
      vertex -10.6506 -2.304 2.5
      vertex -10.4834 -2.24724 2.5
    endloop
  endfacet
  facet normal -0.321456 0.946925 0
    outer loop
      vertex -10.6506 -2.304 2.5
      vertex -10.4834 -2.24724 0
      vertex -10.6506 -2.304 0
    endloop
  endfacet
  facet normal 0.195081 0.980787 -0
    outer loop
      vertex -11.1762 -2.33845 0
      vertex -11.3494 -2.304 2.5
      vertex -11.1762 -2.33845 2.5
    endloop
  endfacet
  facet normal 0.195081 0.980787 0
    outer loop
      vertex -11.3494 -2.304 2.5
      vertex -11.1762 -2.33845 0
      vertex -11.3494 -2.304 0
    endloop
  endfacet
  facet normal 0.946866 -0.32163 0
    outer loop
      vertex -12.304 -0.650594 2.5
      vertex -12.2472 -0.483377 0
      vertex -12.2472 -0.483377 2.5
    endloop
  endfacet
  facet normal 0.946866 -0.32163 0
    outer loop
      vertex -12.2472 -0.483377 0
      vertex -12.304 -0.650594 2.5
      vertex -12.304 -0.650594 0
    endloop
  endfacet
  facet normal 0.195087 -0.980786 0
    outer loop
      vertex -11.3494 0.303999 0
      vertex -11.1762 0.33845 2.5
      vertex -11.3494 0.303999 2.5
    endloop
  endfacet
  facet normal 0.195087 -0.980786 0
    outer loop
      vertex -11.1762 0.33845 2.5
      vertex -11.3494 0.303999 0
      vertex -11.1762 0.33845 0
    endloop
  endfacet
  facet normal 0.555643 -0.831421 0
    outer loop
      vertex -11.8218 0.0710268 0
      vertex -11.675 0.169134 2.5
      vertex -11.8218 0.0710268 2.5
    endloop
  endfacet
  facet normal 0.555643 -0.831421 0
    outer loop
      vertex -11.675 0.169134 2.5
      vertex -11.8218 0.0710268 0
      vertex -11.675 0.169134 0
    endloop
  endfacet
  facet normal -0.555615 0.83144 0
    outer loop
      vertex -10.1782 -2.07103 0
      vertex -10.325 -2.16913 2.5
      vertex -10.1782 -2.07103 2.5
    endloop
  endfacet
  facet normal -0.555615 0.83144 0
    outer loop
      vertex -10.325 -2.16913 2.5
      vertex -10.1782 -2.07103 0
      vertex -10.325 -2.16913 0
    endloop
  endfacet
  facet normal -0.195081 0.980787 0
    outer loop
      vertex -10.6506 -2.304 0
      vertex -10.8238 -2.33845 2.5
      vertex -10.6506 -2.304 2.5
    endloop
  endfacet
  facet normal -0.195081 0.980787 0
    outer loop
      vertex -10.8238 -2.33845 2.5
      vertex -10.6506 -2.304 0
      vertex -10.8238 -2.33845 0
    endloop
  endfacet
  facet normal 0.896879 -0.442276 0
    outer loop
      vertex -12.2472 -0.483377 2.5
      vertex -12.1691 -0.325 0
      vertex -12.1691 -0.325 2.5
    endloop
  endfacet
  facet normal 0.896879 -0.442276 0
    outer loop
      vertex -12.1691 -0.325 0
      vertex -12.2472 -0.483377 2.5
      vertex -12.2472 -0.483377 0
    endloop
  endfacet
  facet normal 0.831491 -0.555539 0
    outer loop
      vertex -12.1691 -0.325 2.5
      vertex -12.071 -0.178171 0
      vertex -12.071 -0.178171 2.5
    endloop
  endfacet
  facet normal 0.831491 -0.555539 0
    outer loop
      vertex -12.071 -0.178171 0
      vertex -12.1691 -0.325 2.5
      vertex -12.1691 -0.325 0
    endloop
  endfacet
  facet normal 0.0654101 0.997858 -0
    outer loop
      vertex -11 -2.35 0
      vertex -11.1762 -2.33845 2.5
      vertex -11 -2.35 2.5
    endloop
  endfacet
  facet normal 0.0654101 0.997858 0
    outer loop
      vertex -11.1762 -2.33845 2.5
      vertex -11 -2.35 0
      vertex -11.1762 -2.33845 0
    endloop
  endfacet
  facet normal 0.659249 -0.751925 0
    outer loop
      vertex -11.9546 -0.0454054 0
      vertex -11.8218 0.0710268 2.5
      vertex -11.9546 -0.0454054 2.5
    endloop
  endfacet
  facet normal 0.659249 -0.751925 0
    outer loop
      vertex -11.8218 0.0710268 2.5
      vertex -11.9546 -0.0454054 0
      vertex -11.8218 0.0710268 0
    endloop
  endfacet
  facet normal 0.659274 0.751903 -0
    outer loop
      vertex -11.8218 -2.07103 0
      vertex -11.9546 -1.95459 2.5
      vertex -11.8218 -2.07103 2.5
    endloop
  endfacet
  facet normal 0.659274 0.751903 0
    outer loop
      vertex -11.9546 -1.95459 2.5
      vertex -11.8218 -2.07103 0
      vertex -11.9546 -1.95459 0
    endloop
  endfacet
  facet normal 0.751931 -0.659242 0
    outer loop
      vertex -12.071 -0.178171 2.5
      vertex -11.9546 -0.0454054 0
      vertex -11.9546 -0.0454054 2.5
    endloop
  endfacet
  facet normal 0.751931 -0.659242 0
    outer loop
      vertex -11.9546 -0.0454054 0
      vertex -12.071 -0.178171 2.5
      vertex -12.071 -0.178171 0
    endloop
  endfacet
  facet normal -0.751832 0.659354 0
    outer loop
      vertex -10.0454 -1.95459 0
      vertex -9.92897 -1.82183 2.5
      vertex -9.92897 -1.82183 0
    endloop
  endfacet
  facet normal -0.751832 0.659354 0
    outer loop
      vertex -9.92897 -1.82183 2.5
      vertex -10.0454 -1.95459 0
      vertex -10.0454 -1.95459 2.5
    endloop
  endfacet
  facet normal -0.896883 0.442269 0
    outer loop
      vertex -9.83086 -1.675 0
      vertex -9.75276 -1.51662 2.5
      vertex -9.75276 -1.51662 0
    endloop
  endfacet
  facet normal -0.896883 0.442269 0
    outer loop
      vertex -9.75276 -1.51662 2.5
      vertex -9.83086 -1.675 0
      vertex -9.83086 -1.675 2.5
    endloop
  endfacet
  facet normal 0.555615 0.83144 -0
    outer loop
      vertex -11.675 -2.16913 0
      vertex -11.8218 -2.07103 2.5
      vertex -11.675 -2.16913 2.5
    endloop
  endfacet
  facet normal 0.555615 0.83144 0
    outer loop
      vertex -11.8218 -2.07103 2.5
      vertex -11.675 -2.16913 0
      vertex -11.8218 -2.07103 0
    endloop
  endfacet
  facet normal 0.980732 -0.195358 0
    outer loop
      vertex -12.3385 -0.82379 2.5
      vertex -12.304 -0.650594 0
      vertex -12.304 -0.650594 2.5
    endloop
  endfacet
  facet normal 0.980732 -0.195358 0
    outer loop
      vertex -12.304 -0.650594 0
      vertex -12.3385 -0.82379 2.5
      vertex -12.3385 -0.82379 0
    endloop
  endfacet
  facet normal -0.0654045 -0.997859 0
    outer loop
      vertex -11 0.349999 0
      vertex -10.8238 0.33845 2.5
      vertex -11 0.349999 2.5
    endloop
  endfacet
  facet normal -0.0654045 -0.997859 -0
    outer loop
      vertex -10.8238 0.33845 2.5
      vertex -11 0.349999 0
      vertex -10.8238 0.33845 0
    endloop
  endfacet
  facet normal -0.555643 -0.831421 0
    outer loop
      vertex -10.325 0.169134 0
      vertex -10.1782 0.0710268 2.5
      vertex -10.325 0.169134 2.5
    endloop
  endfacet
  facet normal -0.555643 -0.831421 -0
    outer loop
      vertex -10.1782 0.0710268 2.5
      vertex -10.325 0.169134 0
      vertex -10.1782 0.0710268 0
    endloop
  endfacet
  facet normal 0.321466 -0.946921 0
    outer loop
      vertex -11.5166 0.247237 0
      vertex -11.3494 0.303999 2.5
      vertex -11.5166 0.247237 2.5
    endloop
  endfacet
  facet normal 0.321466 -0.946921 0
    outer loop
      vertex -11.3494 0.303999 2.5
      vertex -11.5166 0.247237 0
      vertex -11.3494 0.303999 0
    endloop
  endfacet
  facet normal 0.0654045 -0.997859 0
    outer loop
      vertex -11.1762 0.33845 0
      vertex -11 0.349999 2.5
      vertex -11.1762 0.33845 2.5
    endloop
  endfacet
  facet normal 0.0654045 -0.997859 0
    outer loop
      vertex -11 0.349999 2.5
      vertex -11.1762 0.33845 0
      vertex -11 0.349999 0
    endloop
  endfacet
  facet normal 0.997877 -0.0651245 0
    outer loop
      vertex -12.35 -1 2.5
      vertex -12.3385 -0.82379 0
      vertex -12.3385 -0.82379 2.5
    endloop
  endfacet
  facet normal 0.997877 -0.0651245 0
    outer loop
      vertex -12.3385 -0.82379 0
      vertex -12.35 -1 2.5
      vertex -12.35 -1 0
    endloop
  endfacet
  facet normal -0.659249 -0.751925 0
    outer loop
      vertex -10.1782 0.0710268 0
      vertex -10.0454 -0.0454054 2.5
      vertex -10.1782 0.0710268 2.5
    endloop
  endfacet
  facet normal -0.659249 -0.751925 -0
    outer loop
      vertex -10.0454 -0.0454054 2.5
      vertex -10.1782 0.0710268 0
      vertex -10.0454 -0.0454054 0
    endloop
  endfacet
  facet normal 0.896883 0.442269 0
    outer loop
      vertex -12.1691 -1.675 2.5
      vertex -12.2472 -1.51662 0
      vertex -12.2472 -1.51662 2.5
    endloop
  endfacet
  facet normal 0.896883 0.442269 0
    outer loop
      vertex -12.2472 -1.51662 0
      vertex -12.1691 -1.675 2.5
      vertex -12.1691 -1.675 0
    endloop
  endfacet
  facet normal 0.442269 0.896882 -0
    outer loop
      vertex -11.5166 -2.24724 0
      vertex -11.675 -2.16913 2.5
      vertex -11.5166 -2.24724 2.5
    endloop
  endfacet
  facet normal 0.442269 0.896882 0
    outer loop
      vertex -11.675 -2.16913 2.5
      vertex -11.5166 -2.24724 0
      vertex -11.675 -2.16913 0
    endloop
  endfacet
  facet normal -0.659274 0.751903 0
    outer loop
      vertex -10.0454 -1.95459 0
      vertex -10.1782 -2.07103 2.5
      vertex -10.0454 -1.95459 2.5
    endloop
  endfacet
  facet normal -0.659274 0.751903 0
    outer loop
      vertex -10.1782 -2.07103 2.5
      vertex -10.0454 -1.95459 0
      vertex -10.1782 -2.07103 0
    endloop
  endfacet
  facet normal 0.831492 0.555536 0
    outer loop
      vertex -12.071 -1.82183 2.5
      vertex -12.1691 -1.675 0
      vertex -12.1691 -1.675 2.5
    endloop
  endfacet
  facet normal 0.831492 0.555536 0
    outer loop
      vertex -12.1691 -1.675 0
      vertex -12.071 -1.82183 2.5
      vertex -12.071 -1.82183 0
    endloop
  endfacet
  facet normal -0.195087 -0.980786 0
    outer loop
      vertex 11.1762 0.33845 0
      vertex 11.3494 0.303999 2.5
      vertex 11.1762 0.33845 2.5
    endloop
  endfacet
  facet normal -0.195087 -0.980786 -0
    outer loop
      vertex 11.3494 0.303999 2.5
      vertex 11.1762 0.33845 0
      vertex 11.3494 0.303999 0
    endloop
  endfacet
  facet normal -0.980732 -0.195358 0
    outer loop
      vertex 12.3385 -0.82379 0
      vertex 12.304 -0.650594 2.5
      vertex 12.304 -0.650594 0
    endloop
  endfacet
  facet normal -0.980732 -0.195358 0
    outer loop
      vertex 12.304 -0.650594 2.5
      vertex 12.3385 -0.82379 0
      vertex 12.3385 -0.82379 2.5
    endloop
  endfacet
  facet normal -0.997877 -0.0651245 0
    outer loop
      vertex 12.35 -1 0
      vertex 12.3385 -0.82379 2.5
      vertex 12.3385 -0.82379 0
    endloop
  endfacet
  facet normal -0.997877 -0.0651245 0
    outer loop
      vertex 12.3385 -0.82379 2.5
      vertex 12.35 -1 0
      vertex 12.35 -1 2.5
    endloop
  endfacet
  facet normal -0.946866 -0.32163 0
    outer loop
      vertex 12.304 -0.650594 0
      vertex 12.2472 -0.483377 2.5
      vertex 12.2472 -0.483377 0
    endloop
  endfacet
  facet normal -0.946866 -0.32163 0
    outer loop
      vertex 12.2472 -0.483377 2.5
      vertex 12.304 -0.650594 0
      vertex 12.304 -0.650594 2.5
    endloop
  endfacet
  facet normal -0.831491 -0.555539 0
    outer loop
      vertex 12.1691 -0.325 0
      vertex 12.071 -0.178171 2.5
      vertex 12.071 -0.178171 0
    endloop
  endfacet
  facet normal -0.831491 -0.555539 0
    outer loop
      vertex 12.071 -0.178171 2.5
      vertex 12.1691 -0.325 0
      vertex 12.1691 -0.325 2.5
    endloop
  endfacet
  facet normal -0.321466 -0.946921 0
    outer loop
      vertex 11.3494 0.303999 0
      vertex 11.5166 0.247237 2.5
      vertex 11.3494 0.303999 2.5
    endloop
  endfacet
  facet normal -0.321466 -0.946921 -0
    outer loop
      vertex 11.5166 0.247237 2.5
      vertex 11.3494 0.303999 0
      vertex 11.5166 0.247237 0
    endloop
  endfacet
  facet normal 0.980787 0.195081 0
    outer loop
      vertex 9.696 -1.34941 2.5
      vertex 9.66155 -1.17621 0
      vertex 9.66155 -1.17621 2.5
    endloop
  endfacet
  facet normal 0.980787 0.195081 0
    outer loop
      vertex 9.66155 -1.17621 0
      vertex 9.696 -1.34941 2.5
      vertex 9.696 -1.34941 0
    endloop
  endfacet
  facet normal -0.997877 0.0651245 0
    outer loop
      vertex 12.3385 -1.17621 0
      vertex 12.35 -1 2.5
      vertex 12.35 -1 0
    endloop
  endfacet
  facet normal -0.997877 0.0651245 0
    outer loop
      vertex 12.35 -1 2.5
      vertex 12.3385 -1.17621 0
      vertex 12.3385 -1.17621 2.5
    endloop
  endfacet
  facet normal 0.997859 0.0654064 0
    outer loop
      vertex 9.66155 -1.17621 2.5
      vertex 9.65 -1 0
      vertex 9.65 -1 2.5
    endloop
  endfacet
  facet normal 0.997859 0.0654064 0
    outer loop
      vertex 9.65 -1 0
      vertex 9.66155 -1.17621 2.5
      vertex 9.66155 -1.17621 0
    endloop
  endfacet
  facet normal 0.321456 0.946925 -0
    outer loop
      vertex 10.6506 -2.304 0
      vertex 10.4834 -2.24724 2.5
      vertex 10.6506 -2.304 2.5
    endloop
  endfacet
  facet normal 0.321456 0.946925 0
    outer loop
      vertex 10.4834 -2.24724 2.5
      vertex 10.6506 -2.304 0
      vertex 10.4834 -2.24724 0
    endloop
  endfacet
  facet normal -0.896879 -0.442276 0
    outer loop
      vertex 12.2472 -0.483377 0
      vertex 12.1691 -0.325 2.5
      vertex 12.1691 -0.325 0
    endloop
  endfacet
  facet normal -0.896879 -0.442276 0
    outer loop
      vertex 12.1691 -0.325 2.5
      vertex 12.2472 -0.483377 0
      vertex 12.2472 -0.483377 2.5
    endloop
  endfacet
  facet normal -0.751931 -0.659242 0
    outer loop
      vertex 12.071 -0.178171 0
      vertex 11.9546 -0.0454054 2.5
      vertex 11.9546 -0.0454054 0
    endloop
  endfacet
  facet normal -0.751931 -0.659242 0
    outer loop
      vertex 11.9546 -0.0454054 2.5
      vertex 12.071 -0.178171 0
      vertex 12.071 -0.178171 2.5
    endloop
  endfacet
  facet normal -0.946861 0.321642 0
    outer loop
      vertex 12.2472 -1.51662 0
      vertex 12.304 -1.34941 2.5
      vertex 12.304 -1.34941 0
    endloop
  endfacet
  facet normal -0.946861 0.321642 0
    outer loop
      vertex 12.304 -1.34941 2.5
      vertex 12.2472 -1.51662 0
      vertex 12.2472 -1.51662 2.5
    endloop
  endfacet
  facet normal 0.751832 0.659354 0
    outer loop
      vertex 10.0454 -1.95459 2.5
      vertex 9.92897 -1.82183 0
      vertex 9.92897 -1.82183 2.5
    endloop
  endfacet
  facet normal 0.751832 0.659354 0
    outer loop
      vertex 9.92897 -1.82183 0
      vertex 10.0454 -1.95459 2.5
      vertex 10.0454 -1.95459 0
    endloop
  endfacet
  facet normal -0.980733 0.195354 0
    outer loop
      vertex 12.304 -1.34941 0
      vertex 12.3385 -1.17621 2.5
      vertex 12.3385 -1.17621 0
    endloop
  endfacet
  facet normal -0.980733 0.195354 0
    outer loop
      vertex 12.3385 -1.17621 2.5
      vertex 12.304 -1.34941 0
      vertex 12.304 -1.34941 2.5
    endloop
  endfacet
  facet normal -0.0654101 0.997858 0
    outer loop
      vertex 11.1762 -2.33845 0
      vertex 11 -2.35 2.5
      vertex 11.1762 -2.33845 2.5
    endloop
  endfacet
  facet normal -0.0654101 0.997858 0
    outer loop
      vertex 11 -2.35 2.5
      vertex 11.1762 -2.33845 0
      vertex 11 -2.35 0
    endloop
  endfacet
  facet normal 0.94693 0.321439 0
    outer loop
      vertex 9.75276 -1.51662 2.5
      vertex 9.696 -1.34941 0
      vertex 9.696 -1.34941 2.5
    endloop
  endfacet
  facet normal 0.94693 0.321439 0
    outer loop
      vertex 9.696 -1.34941 0
      vertex 9.75276 -1.51662 2.5
      vertex 9.75276 -1.51662 0
    endloop
  endfacet
  facet normal -0.831492 0.555536 0
    outer loop
      vertex 12.071 -1.82183 0
      vertex 12.1691 -1.675 2.5
      vertex 12.1691 -1.675 0
    endloop
  endfacet
  facet normal -0.831492 0.555536 0
    outer loop
      vertex 12.1691 -1.675 2.5
      vertex 12.071 -1.82183 0
      vertex 12.071 -1.82183 2.5
    endloop
  endfacet
  facet normal -0.442238 -0.896898 0
    outer loop
      vertex 11.5166 0.247237 0
      vertex 11.675 0.169134 2.5
      vertex 11.5166 0.247237 2.5
    endloop
  endfacet
  facet normal -0.442238 -0.896898 -0
    outer loop
      vertex 11.675 0.169134 2.5
      vertex 11.5166 0.247237 0
      vertex 11.675 0.169134 0
    endloop
  endfacet
  facet normal 0.442238 -0.896898 0
    outer loop
      vertex 10.325 0.169134 0
      vertex 10.4834 0.247237 2.5
      vertex 10.325 0.169134 2.5
    endloop
  endfacet
  facet normal 0.442238 -0.896898 0
    outer loop
      vertex 10.4834 0.247237 2.5
      vertex 10.325 0.169134 0
      vertex 10.4834 0.247237 0
    endloop
  endfacet
  facet normal -0.442269 0.896882 0
    outer loop
      vertex 11.675 -2.16913 0
      vertex 11.5166 -2.24724 2.5
      vertex 11.675 -2.16913 2.5
    endloop
  endfacet
  facet normal -0.442269 0.896882 0
    outer loop
      vertex 11.5166 -2.24724 2.5
      vertex 11.675 -2.16913 0
      vertex 11.5166 -2.24724 0
    endloop
  endfacet
  facet normal -0.321456 0.946925 0
    outer loop
      vertex 11.5166 -2.24724 0
      vertex 11.3494 -2.304 2.5
      vertex 11.5166 -2.24724 2.5
    endloop
  endfacet
  facet normal -0.321456 0.946925 0
    outer loop
      vertex 11.3494 -2.304 2.5
      vertex 11.5166 -2.24724 0
      vertex 11.3494 -2.304 0
    endloop
  endfacet
  facet normal 0.195081 0.980787 -0
    outer loop
      vertex 10.8238 -2.33845 0
      vertex 10.6506 -2.304 2.5
      vertex 10.8238 -2.33845 2.5
    endloop
  endfacet
  facet normal 0.195081 0.980787 0
    outer loop
      vertex 10.6506 -2.304 2.5
      vertex 10.8238 -2.33845 0
      vertex 10.6506 -2.304 0
    endloop
  endfacet
  facet normal 0.946934 -0.321427 0
    outer loop
      vertex 9.696 -0.650594 2.5
      vertex 9.75276 -0.483377 0
      vertex 9.75276 -0.483377 2.5
    endloop
  endfacet
  facet normal 0.946934 -0.321427 0
    outer loop
      vertex 9.75276 -0.483377 0
      vertex 9.696 -0.650594 2.5
      vertex 9.696 -0.650594 0
    endloop
  endfacet
  facet normal 0.195087 -0.980786 0
    outer loop
      vertex 10.6506 0.303999 0
      vertex 10.8238 0.33845 2.5
      vertex 10.6506 0.303999 2.5
    endloop
  endfacet
  facet normal 0.195087 -0.980786 0
    outer loop
      vertex 10.8238 0.33845 2.5
      vertex 10.6506 0.303999 0
      vertex 10.8238 0.33845 0
    endloop
  endfacet
  facet normal 0.555643 -0.831421 0
    outer loop
      vertex 10.1782 0.0710268 0
      vertex 10.325 0.169134 2.5
      vertex 10.1782 0.0710268 2.5
    endloop
  endfacet
  facet normal 0.555643 -0.831421 0
    outer loop
      vertex 10.325 0.169134 2.5
      vertex 10.1782 0.0710268 0
      vertex 10.325 0.169134 0
    endloop
  endfacet
  facet normal -0.555615 0.83144 0
    outer loop
      vertex 11.8218 -2.07103 0
      vertex 11.675 -2.16913 2.5
      vertex 11.8218 -2.07103 2.5
    endloop
  endfacet
  facet normal -0.555615 0.83144 0
    outer loop
      vertex 11.675 -2.16913 2.5
      vertex 11.8218 -2.07103 0
      vertex 11.675 -2.16913 0
    endloop
  endfacet
  facet normal -0.195081 0.980787 0
    outer loop
      vertex 11.3494 -2.304 0
      vertex 11.1762 -2.33845 2.5
      vertex 11.3494 -2.304 2.5
    endloop
  endfacet
  facet normal -0.195081 0.980787 0
    outer loop
      vertex 11.1762 -2.33845 2.5
      vertex 11.3494 -2.304 0
      vertex 11.1762 -2.33845 0
    endloop
  endfacet
  facet normal 0.896879 -0.442276 0
    outer loop
      vertex 9.75276 -0.483377 2.5
      vertex 9.83086 -0.325 0
      vertex 9.83086 -0.325 2.5
    endloop
  endfacet
  facet normal 0.896879 -0.442276 0
    outer loop
      vertex 9.83086 -0.325 0
      vertex 9.75276 -0.483377 2.5
      vertex 9.75276 -0.483377 0
    endloop
  endfacet
  facet normal 0.831464 -0.555578 0
    outer loop
      vertex 9.83086 -0.325 2.5
      vertex 9.92897 -0.178171 0
      vertex 9.92897 -0.178171 2.5
    endloop
  endfacet
  facet normal 0.831464 -0.555578 0
    outer loop
      vertex 9.92897 -0.178171 0
      vertex 9.83086 -0.325 2.5
      vertex 9.83086 -0.325 0
    endloop
  endfacet
  facet normal 0.0654101 0.997858 -0
    outer loop
      vertex 11 -2.35 0
      vertex 10.8238 -2.33845 2.5
      vertex 11 -2.35 2.5
    endloop
  endfacet
  facet normal 0.0654101 0.997858 0
    outer loop
      vertex 10.8238 -2.33845 2.5
      vertex 11 -2.35 0
      vertex 10.8238 -2.33845 0
    endloop
  endfacet
  facet normal 0.0654045 -0.997859 0
    outer loop
      vertex 10.8238 0.33845 0
      vertex 11 0.349999 2.5
      vertex 10.8238 0.33845 2.5
    endloop
  endfacet
  facet normal 0.0654045 -0.997859 0
    outer loop
      vertex 11 0.349999 2.5
      vertex 10.8238 0.33845 0
      vertex 11 0.349999 0
    endloop
  endfacet
  facet normal 0.659249 -0.751925 0
    outer loop
      vertex 10.0454 -0.0454054 0
      vertex 10.1782 0.0710268 2.5
      vertex 10.0454 -0.0454054 2.5
    endloop
  endfacet
  facet normal 0.659249 -0.751925 0
    outer loop
      vertex 10.1782 0.0710268 2.5
      vertex 10.0454 -0.0454054 0
      vertex 10.1782 0.0710268 0
    endloop
  endfacet
  facet normal 0.659274 0.751903 -0
    outer loop
      vertex 10.1782 -2.07103 0
      vertex 10.0454 -1.95459 2.5
      vertex 10.1782 -2.07103 2.5
    endloop
  endfacet
  facet normal 0.659274 0.751903 0
    outer loop
      vertex 10.0454 -1.95459 2.5
      vertex 10.1782 -2.07103 0
      vertex 10.0454 -1.95459 0
    endloop
  endfacet
  facet normal 0.751846 -0.659338 0
    outer loop
      vertex 9.92897 -0.178171 2.5
      vertex 10.0454 -0.0454054 0
      vertex 10.0454 -0.0454054 2.5
    endloop
  endfacet
  facet normal 0.751846 -0.659338 0
    outer loop
      vertex 10.0454 -0.0454054 0
      vertex 9.92897 -0.178171 2.5
      vertex 9.92897 -0.178171 0
    endloop
  endfacet
  facet normal -0.751917 0.659258 0
    outer loop
      vertex 11.9546 -1.95459 0
      vertex 12.071 -1.82183 2.5
      vertex 12.071 -1.82183 0
    endloop
  endfacet
  facet normal -0.751917 0.659258 0
    outer loop
      vertex 12.071 -1.82183 2.5
      vertex 11.9546 -1.95459 0
      vertex 11.9546 -1.95459 2.5
    endloop
  endfacet
  facet normal -0.896883 0.442269 0
    outer loop
      vertex 12.1691 -1.675 0
      vertex 12.2472 -1.51662 2.5
      vertex 12.2472 -1.51662 0
    endloop
  endfacet
  facet normal -0.896883 0.442269 0
    outer loop
      vertex 12.2472 -1.51662 2.5
      vertex 12.1691 -1.675 0
      vertex 12.1691 -1.675 2.5
    endloop
  endfacet
  facet normal 0.555615 0.83144 -0
    outer loop
      vertex 10.325 -2.16913 0
      vertex 10.1782 -2.07103 2.5
      vertex 10.325 -2.16913 2.5
    endloop
  endfacet
  facet normal 0.555615 0.83144 0
    outer loop
      vertex 10.1782 -2.07103 2.5
      vertex 10.325 -2.16913 0
      vertex 10.1782 -2.07103 0
    endloop
  endfacet
  facet normal 0.980786 -0.195086 0
    outer loop
      vertex 9.66155 -0.82379 2.5
      vertex 9.696 -0.650594 0
      vertex 9.696 -0.650594 2.5
    endloop
  endfacet
  facet normal 0.980786 -0.195086 0
    outer loop
      vertex 9.696 -0.650594 0
      vertex 9.66155 -0.82379 2.5
      vertex 9.66155 -0.82379 0
    endloop
  endfacet
  facet normal -0.0654045 -0.997859 0
    outer loop
      vertex 11 0.349999 0
      vertex 11.1762 0.33845 2.5
      vertex 11 0.349999 2.5
    endloop
  endfacet
  facet normal -0.0654045 -0.997859 -0
    outer loop
      vertex 11.1762 0.33845 2.5
      vertex 11 0.349999 0
      vertex 11.1762 0.33845 0
    endloop
  endfacet
  facet normal -0.555643 -0.831421 0
    outer loop
      vertex 11.675 0.169134 0
      vertex 11.8218 0.0710268 2.5
      vertex 11.675 0.169134 2.5
    endloop
  endfacet
  facet normal -0.555643 -0.831421 -0
    outer loop
      vertex 11.8218 0.0710268 2.5
      vertex 11.675 0.169134 0
      vertex 11.8218 0.0710268 0
    endloop
  endfacet
  facet normal 0.321466 -0.946921 0
    outer loop
      vertex 10.4834 0.247237 0
      vertex 10.6506 0.303999 2.5
      vertex 10.4834 0.247237 2.5
    endloop
  endfacet
  facet normal 0.321466 -0.946921 0
    outer loop
      vertex 10.6506 0.303999 2.5
      vertex 10.4834 0.247237 0
      vertex 10.6506 0.303999 0
    endloop
  endfacet
  facet normal 0.997859 -0.0654064 0
    outer loop
      vertex 9.65 -1 2.5
      vertex 9.66155 -0.82379 0
      vertex 9.66155 -0.82379 2.5
    endloop
  endfacet
  facet normal 0.997859 -0.0654064 0
    outer loop
      vertex 9.66155 -0.82379 0
      vertex 9.65 -1 2.5
      vertex 9.65 -1 0
    endloop
  endfacet
  facet normal -0.659249 -0.751925 0
    outer loop
      vertex 11.8218 0.0710268 0
      vertex 11.9546 -0.0454054 2.5
      vertex 11.8218 0.0710268 2.5
    endloop
  endfacet
  facet normal -0.659249 -0.751925 -0
    outer loop
      vertex 11.9546 -0.0454054 2.5
      vertex 11.8218 0.0710268 0
      vertex 11.9546 -0.0454054 0
    endloop
  endfacet
  facet normal 0.896883 0.442269 0
    outer loop
      vertex 9.83086 -1.675 2.5
      vertex 9.75276 -1.51662 0
      vertex 9.75276 -1.51662 2.5
    endloop
  endfacet
  facet normal 0.896883 0.442269 0
    outer loop
      vertex 9.75276 -1.51662 0
      vertex 9.83086 -1.675 2.5
      vertex 9.83086 -1.675 0
    endloop
  endfacet
  facet normal 0.442269 0.896882 -0
    outer loop
      vertex 10.4834 -2.24724 0
      vertex 10.325 -2.16913 2.5
      vertex 10.4834 -2.24724 2.5
    endloop
  endfacet
  facet normal 0.442269 0.896882 0
    outer loop
      vertex 10.325 -2.16913 2.5
      vertex 10.4834 -2.24724 0
      vertex 10.325 -2.16913 0
    endloop
  endfacet
  facet normal -0.659274 0.751903 0
    outer loop
      vertex 11.9546 -1.95459 0
      vertex 11.8218 -2.07103 2.5
      vertex 11.9546 -1.95459 2.5
    endloop
  endfacet
  facet normal -0.659274 0.751903 0
    outer loop
      vertex 11.8218 -2.07103 2.5
      vertex 11.9546 -1.95459 0
      vertex 11.8218 -2.07103 0
    endloop
  endfacet
  facet normal 0.831466 0.555575 0
    outer loop
      vertex 9.92897 -1.82183 2.5
      vertex 9.83086 -1.675 0
      vertex 9.83086 -1.675 2.5
    endloop
  endfacet
  facet normal 0.831466 0.555575 0
    outer loop
      vertex 9.83086 -1.675 0
      vertex 9.92897 -1.82183 2.5
      vertex 9.92897 -1.82183 0
    endloop
  endfacet
  facet normal -0.980787 -0.195081 0
    outer loop
      vertex -9.66155 21.1762 0
      vertex -9.696 21.3494 2.5
      vertex -9.696 21.3494 0
    endloop
  endfacet
  facet normal -0.980787 -0.195081 0
    outer loop
      vertex -9.696 21.3494 2.5
      vertex -9.66155 21.1762 0
      vertex -9.66155 21.1762 2.5
    endloop
  endfacet
  facet normal -0.997858 -0.0654101 0
    outer loop
      vertex -9.65 21 0
      vertex -9.66155 21.1762 2.5
      vertex -9.66155 21.1762 0
    endloop
  endfacet
  facet normal -0.997858 -0.0654101 0
    outer loop
      vertex -9.66155 21.1762 2.5
      vertex -9.65 21 0
      vertex -9.65 21 2.5
    endloop
  endfacet
  facet normal -0.946925 -0.321456 0
    outer loop
      vertex -9.696 21.3494 0
      vertex -9.75276 21.5166 2.5
      vertex -9.75276 21.5166 0
    endloop
  endfacet
  facet normal -0.946925 -0.321456 0
    outer loop
      vertex -9.75276 21.5166 2.5
      vertex -9.696 21.3494 0
      vertex -9.696 21.3494 2.5
    endloop
  endfacet
  facet normal -0.831414 -0.555654 0
    outer loop
      vertex -9.83086 21.675 0
      vertex -9.92897 21.8218 2.5
      vertex -9.92897 21.8218 0
    endloop
  endfacet
  facet normal -0.831414 -0.555654 0
    outer loop
      vertex -9.92897 21.8218 2.5
      vertex -9.83086 21.675 0
      vertex -9.83086 21.675 2.5
    endloop
  endfacet
  facet normal 0.946856 0.321659 0
    outer loop
      vertex -12.2472 20.4834 2.5
      vertex -12.304 20.6506 0
      vertex -12.304 20.6506 2.5
    endloop
  endfacet
  facet normal 0.946856 0.321659 0
    outer loop
      vertex -12.304 20.6506 0
      vertex -12.2472 20.4834 2.5
      vertex -12.2472 20.4834 0
    endloop
  endfacet
  facet normal -0.321659 0.946856 0
    outer loop
      vertex -10.4834 19.7528 0
      vertex -10.6506 19.696 2.5
      vertex -10.4834 19.7528 2.5
    endloop
  endfacet
  facet normal -0.321659 0.946856 0
    outer loop
      vertex -10.6506 19.696 2.5
      vertex -10.4834 19.7528 0
      vertex -10.6506 19.696 0
    endloop
  endfacet
  facet normal -0.896905 -0.442224 0
    outer loop
      vertex -9.75276 21.5166 0
      vertex -9.83086 21.675 2.5
      vertex -9.83086 21.675 0
    endloop
  endfacet
  facet normal -0.896905 -0.442224 0
    outer loop
      vertex -9.83086 21.675 2.5
      vertex -9.75276 21.5166 0
      vertex -9.75276 21.5166 2.5
    endloop
  endfacet
  facet normal 0.555615 -0.83144 0
    outer loop
      vertex -11.8218 22.071 0
      vertex -11.675 22.1691 2.5
      vertex -11.8218 22.071 2.5
    endloop
  endfacet
  facet normal 0.555615 -0.83144 0
    outer loop
      vertex -11.675 22.1691 2.5
      vertex -11.8218 22.071 0
      vertex -11.675 22.1691 0
    endloop
  endfacet
  facet normal -0.980787 0.195081 0
    outer loop
      vertex -9.696 20.6506 0
      vertex -9.66155 20.8238 2.5
      vertex -9.66155 20.8238 0
    endloop
  endfacet
  facet normal -0.980787 0.195081 0
    outer loop
      vertex -9.66155 20.8238 2.5
      vertex -9.696 20.6506 0
      vertex -9.696 20.6506 2.5
    endloop
  endfacet
  facet normal -0.321659 -0.946856 0
    outer loop
      vertex -10.6506 22.304 0
      vertex -10.4834 22.2472 2.5
      vertex -10.6506 22.304 2.5
    endloop
  endfacet
  facet normal -0.321659 -0.946856 -0
    outer loop
      vertex -10.4834 22.2472 2.5
      vertex -10.6506 22.304 0
      vertex -10.4834 22.2472 0
    endloop
  endfacet
  facet normal 0.659146 -0.752015 0
    outer loop
      vertex -11.9546 21.9546 0
      vertex -11.8218 22.071 2.5
      vertex -11.9546 21.9546 2.5
    endloop
  endfacet
  facet normal 0.659146 -0.752015 0
    outer loop
      vertex -11.8218 22.071 2.5
      vertex -11.9546 21.9546 0
      vertex -11.8218 22.071 0
    endloop
  endfacet
  facet normal -0.555615 0.83144 0
    outer loop
      vertex -10.1782 19.929 0
      vertex -10.325 19.8309 2.5
      vertex -10.1782 19.929 2.5
    endloop
  endfacet
  facet normal -0.555615 0.83144 0
    outer loop
      vertex -10.325 19.8309 2.5
      vertex -10.1782 19.929 0
      vertex -10.325 19.8309 0
    endloop
  endfacet
  facet normal 0.195354 -0.980733 0
    outer loop
      vertex -11.3494 22.304 0
      vertex -11.1762 22.3385 2.5
      vertex -11.3494 22.304 2.5
    endloop
  endfacet
  facet normal 0.195354 -0.980733 0
    outer loop
      vertex -11.1762 22.3385 2.5
      vertex -11.3494 22.304 0
      vertex -11.1762 22.3385 0
    endloop
  endfacet
  facet normal 0.997877 0.0651282 0
    outer loop
      vertex -12.3385 20.8238 2.5
      vertex -12.35 21 0
      vertex -12.35 21 2.5
    endloop
  endfacet
  facet normal 0.997877 0.0651282 0
    outer loop
      vertex -12.35 21 0
      vertex -12.3385 20.8238 2.5
      vertex -12.3385 20.8238 0
    endloop
  endfacet
  facet normal 0.896905 0.442224 0
    outer loop
      vertex -12.1691 20.325 2.5
      vertex -12.2472 20.4834 0
      vertex -12.2472 20.4834 2.5
    endloop
  endfacet
  facet normal 0.896905 0.442224 0
    outer loop
      vertex -12.2472 20.4834 0
      vertex -12.1691 20.325 2.5
      vertex -12.1691 20.325 0
    endloop
  endfacet
  facet normal -0.0651282 -0.997877 0
    outer loop
      vertex -11 22.35 0
      vertex -10.8238 22.3385 2.5
      vertex -11 22.35 2.5
    endloop
  endfacet
  facet normal -0.0651282 -0.997877 -0
    outer loop
      vertex -10.8238 22.3385 2.5
      vertex -11 22.35 0
      vertex -10.8238 22.3385 0
    endloop
  endfacet
  facet normal 0.321659 0.946856 -0
    outer loop
      vertex -11.3494 19.696 0
      vertex -11.5166 19.7528 2.5
      vertex -11.3494 19.696 2.5
    endloop
  endfacet
  facet normal 0.321659 0.946856 0
    outer loop
      vertex -11.5166 19.7528 2.5
      vertex -11.3494 19.696 0
      vertex -11.5166 19.7528 0
    endloop
  endfacet
  facet normal -0.195354 0.980733 0
    outer loop
      vertex -10.6506 19.696 0
      vertex -10.8238 19.6615 2.5
      vertex -10.6506 19.696 2.5
    endloop
  endfacet
  facet normal -0.195354 0.980733 0
    outer loop
      vertex -10.8238 19.6615 2.5
      vertex -10.6506 19.696 0
      vertex -10.8238 19.6615 0
    endloop
  endfacet
  facet normal 0.442224 -0.896905 0
    outer loop
      vertex -11.675 22.1691 0
      vertex -11.5166 22.2472 2.5
      vertex -11.675 22.1691 2.5
    endloop
  endfacet
  facet normal 0.442224 -0.896905 0
    outer loop
      vertex -11.5166 22.2472 2.5
      vertex -11.675 22.1691 0
      vertex -11.5166 22.2472 0
    endloop
  endfacet
  facet normal -0.442224 -0.896905 0
    outer loop
      vertex -10.4834 22.2472 0
      vertex -10.325 22.1691 2.5
      vertex -10.4834 22.2472 2.5
    endloop
  endfacet
  facet normal -0.442224 -0.896905 -0
    outer loop
      vertex -10.325 22.1691 2.5
      vertex -10.4834 22.2472 0
      vertex -10.325 22.1691 0
    endloop
  endfacet
  facet normal -0.442224 0.896905 0
    outer loop
      vertex -10.325 19.8309 0
      vertex -10.4834 19.7528 2.5
      vertex -10.325 19.8309 2.5
    endloop
  endfacet
  facet normal -0.442224 0.896905 0
    outer loop
      vertex -10.4834 19.7528 2.5
      vertex -10.325 19.8309 0
      vertex -10.4834 19.7528 0
    endloop
  endfacet
  facet normal 0.980733 0.195354 0
    outer loop
      vertex -12.304 20.6506 2.5
      vertex -12.3385 20.8238 0
      vertex -12.3385 20.8238 2.5
    endloop
  endfacet
  facet normal 0.980733 0.195354 0
    outer loop
      vertex -12.3385 20.8238 0
      vertex -12.304 20.6506 2.5
      vertex -12.304 20.6506 0
    endloop
  endfacet
  facet normal -0.997858 0.0654101 0
    outer loop
      vertex -9.66155 20.8238 0
      vertex -9.65 21 2.5
      vertex -9.65 21 0
    endloop
  endfacet
  facet normal -0.997858 0.0654101 0
    outer loop
      vertex -9.65 21 2.5
      vertex -9.66155 20.8238 0
      vertex -9.66155 20.8238 2.5
    endloop
  endfacet
  facet normal 0.555615 0.83144 -0
    outer loop
      vertex -11.675 19.8309 0
      vertex -11.8218 19.929 2.5
      vertex -11.675 19.8309 2.5
    endloop
  endfacet
  facet normal 0.555615 0.83144 0
    outer loop
      vertex -11.8218 19.929 2.5
      vertex -11.675 19.8309 0
      vertex -11.8218 19.929 0
    endloop
  endfacet
  facet normal -0.751931 0.659242 0
    outer loop
      vertex -10.0454 20.0454 0
      vertex -9.92897 20.1782 2.5
      vertex -9.92897 20.1782 0
    endloop
  endfacet
  facet normal -0.751931 0.659242 0
    outer loop
      vertex -9.92897 20.1782 2.5
      vertex -10.0454 20.0454 0
      vertex -10.0454 20.0454 2.5
    endloop
  endfacet
  facet normal -0.831414 0.555654 0
    outer loop
      vertex -9.92897 20.1782 0
      vertex -9.83086 20.325 2.5
      vertex -9.83086 20.325 0
    endloop
  endfacet
  facet normal -0.831414 0.555654 0
    outer loop
      vertex -9.83086 20.325 2.5
      vertex -9.92897 20.1782 0
      vertex -9.92897 20.1782 2.5
    endloop
  endfacet
  facet normal 0.752015 0.659146 0
    outer loop
      vertex -11.9546 20.0454 2.5
      vertex -12.071 20.1782 0
      vertex -12.071 20.1782 2.5
    endloop
  endfacet
  facet normal 0.752015 0.659146 0
    outer loop
      vertex -12.071 20.1782 0
      vertex -11.9546 20.0454 2.5
      vertex -11.9546 20.0454 0
    endloop
  endfacet
  facet normal 0.752015 -0.659146 0
    outer loop
      vertex -12.071 21.8218 2.5
      vertex -11.9546 21.9546 0
      vertex -11.9546 21.9546 2.5
    endloop
  endfacet
  facet normal 0.752015 -0.659146 0
    outer loop
      vertex -11.9546 21.9546 0
      vertex -12.071 21.8218 2.5
      vertex -12.071 21.8218 0
    endloop
  endfacet
  facet normal 0.83144 -0.555615 0
    outer loop
      vertex -12.1691 21.675 2.5
      vertex -12.071 21.8218 0
      vertex -12.071 21.8218 2.5
    endloop
  endfacet
  facet normal 0.83144 -0.555615 0
    outer loop
      vertex -12.071 21.8218 0
      vertex -12.1691 21.675 2.5
      vertex -12.1691 21.675 0
    endloop
  endfacet
  facet normal -0.946925 0.321456 0
    outer loop
      vertex -9.75276 20.4834 0
      vertex -9.696 20.6506 2.5
      vertex -9.696 20.6506 0
    endloop
  endfacet
  facet normal -0.946925 0.321456 0
    outer loop
      vertex -9.696 20.6506 2.5
      vertex -9.75276 20.4834 0
      vertex -9.75276 20.4834 2.5
    endloop
  endfacet
  facet normal 0.83144 0.555615 0
    outer loop
      vertex -12.071 20.1782 2.5
      vertex -12.1691 20.325 0
      vertex -12.1691 20.325 2.5
    endloop
  endfacet
  facet normal 0.83144 0.555615 0
    outer loop
      vertex -12.1691 20.325 0
      vertex -12.071 20.1782 2.5
      vertex -12.071 20.1782 0
    endloop
  endfacet
  facet normal -0.896905 0.442224 0
    outer loop
      vertex -9.83086 20.325 0
      vertex -9.75276 20.4834 2.5
      vertex -9.75276 20.4834 0
    endloop
  endfacet
  facet normal -0.896905 0.442224 0
    outer loop
      vertex -9.75276 20.4834 2.5
      vertex -9.83086 20.325 0
      vertex -9.83086 20.325 2.5
    endloop
  endfacet
  facet normal 0.195354 0.980733 -0
    outer loop
      vertex -11.1762 19.6615 0
      vertex -11.3494 19.696 2.5
      vertex -11.1762 19.6615 2.5
    endloop
  endfacet
  facet normal 0.195354 0.980733 0
    outer loop
      vertex -11.3494 19.696 2.5
      vertex -11.1762 19.6615 0
      vertex -11.3494 19.696 0
    endloop
  endfacet
  facet normal -0.0651282 0.997877 0
    outer loop
      vertex -10.8238 19.6615 0
      vertex -11 19.65 2.5
      vertex -10.8238 19.6615 2.5
    endloop
  endfacet
  facet normal -0.0651282 0.997877 0
    outer loop
      vertex -11 19.65 2.5
      vertex -10.8238 19.6615 0
      vertex -11 19.65 0
    endloop
  endfacet
  facet normal 0.442224 0.896905 -0
    outer loop
      vertex -11.5166 19.7528 0
      vertex -11.675 19.8309 2.5
      vertex -11.5166 19.7528 2.5
    endloop
  endfacet
  facet normal 0.442224 0.896905 0
    outer loop
      vertex -11.675 19.8309 2.5
      vertex -11.5166 19.7528 0
      vertex -11.675 19.8309 0
    endloop
  endfacet
  facet normal -0.195354 -0.980733 0
    outer loop
      vertex -10.8238 22.3385 0
      vertex -10.6506 22.304 2.5
      vertex -10.8238 22.3385 2.5
    endloop
  endfacet
  facet normal -0.195354 -0.980733 -0
    outer loop
      vertex -10.6506 22.304 2.5
      vertex -10.8238 22.3385 0
      vertex -10.6506 22.304 0
    endloop
  endfacet
  facet normal -0.659146 0.752015 0
    outer loop
      vertex -10.0454 20.0454 0
      vertex -10.1782 19.929 2.5
      vertex -10.0454 20.0454 2.5
    endloop
  endfacet
  facet normal -0.659146 0.752015 0
    outer loop
      vertex -10.1782 19.929 2.5
      vertex -10.0454 20.0454 0
      vertex -10.1782 19.929 0
    endloop
  endfacet
  facet normal -0.555615 -0.83144 0
    outer loop
      vertex -10.325 22.1691 0
      vertex -10.1782 22.071 2.5
      vertex -10.325 22.1691 2.5
    endloop
  endfacet
  facet normal -0.555615 -0.83144 -0
    outer loop
      vertex -10.1782 22.071 2.5
      vertex -10.325 22.1691 0
      vertex -10.1782 22.071 0
    endloop
  endfacet
  facet normal 0.321659 -0.946856 0
    outer loop
      vertex -11.5166 22.2472 0
      vertex -11.3494 22.304 2.5
      vertex -11.5166 22.2472 2.5
    endloop
  endfacet
  facet normal 0.321659 -0.946856 0
    outer loop
      vertex -11.3494 22.304 2.5
      vertex -11.5166 22.2472 0
      vertex -11.3494 22.304 0
    endloop
  endfacet
  facet normal 0.0651282 0.997877 -0
    outer loop
      vertex -11 19.65 0
      vertex -11.1762 19.6615 2.5
      vertex -11 19.65 2.5
    endloop
  endfacet
  facet normal 0.0651282 0.997877 0
    outer loop
      vertex -11.1762 19.6615 2.5
      vertex -11 19.65 0
      vertex -11.1762 19.6615 0
    endloop
  endfacet
  facet normal 0.896905 -0.442224 0
    outer loop
      vertex -12.2472 21.5166 2.5
      vertex -12.1691 21.675 0
      vertex -12.1691 21.675 2.5
    endloop
  endfacet
  facet normal 0.896905 -0.442224 0
    outer loop
      vertex -12.1691 21.675 0
      vertex -12.2472 21.5166 2.5
      vertex -12.2472 21.5166 0
    endloop
  endfacet
  facet normal 0.980733 -0.195354 0
    outer loop
      vertex -12.3385 21.1762 2.5
      vertex -12.304 21.3494 0
      vertex -12.304 21.3494 2.5
    endloop
  endfacet
  facet normal 0.980733 -0.195354 0
    outer loop
      vertex -12.304 21.3494 0
      vertex -12.3385 21.1762 2.5
      vertex -12.3385 21.1762 0
    endloop
  endfacet
  facet normal -0.751931 -0.659242 0
    outer loop
      vertex -9.92897 21.8218 0
      vertex -10.0454 21.9546 2.5
      vertex -10.0454 21.9546 0
    endloop
  endfacet
  facet normal -0.751931 -0.659242 0
    outer loop
      vertex -10.0454 21.9546 2.5
      vertex -9.92897 21.8218 0
      vertex -9.92897 21.8218 2.5
    endloop
  endfacet
  facet normal 0.659146 0.752015 -0
    outer loop
      vertex -11.8218 19.929 0
      vertex -11.9546 20.0454 2.5
      vertex -11.8218 19.929 2.5
    endloop
  endfacet
  facet normal 0.659146 0.752015 0
    outer loop
      vertex -11.9546 20.0454 2.5
      vertex -11.8218 19.929 0
      vertex -11.9546 20.0454 0
    endloop
  endfacet
  facet normal -0.659146 -0.752015 0
    outer loop
      vertex -10.1782 22.071 0
      vertex -10.0454 21.9546 2.5
      vertex -10.1782 22.071 2.5
    endloop
  endfacet
  facet normal -0.659146 -0.752015 -0
    outer loop
      vertex -10.0454 21.9546 2.5
      vertex -10.1782 22.071 0
      vertex -10.0454 21.9546 0
    endloop
  endfacet
  facet normal 0.0651282 -0.997877 0
    outer loop
      vertex -11.1762 22.3385 0
      vertex -11 22.35 2.5
      vertex -11.1762 22.3385 2.5
    endloop
  endfacet
  facet normal 0.0651282 -0.997877 0
    outer loop
      vertex -11 22.35 2.5
      vertex -11.1762 22.3385 0
      vertex -11 22.35 0
    endloop
  endfacet
  facet normal 0.946856 -0.321659 0
    outer loop
      vertex -12.304 21.3494 2.5
      vertex -12.2472 21.5166 0
      vertex -12.2472 21.5166 2.5
    endloop
  endfacet
  facet normal 0.946856 -0.321659 0
    outer loop
      vertex -12.2472 21.5166 0
      vertex -12.304 21.3494 2.5
      vertex -12.304 21.3494 0
    endloop
  endfacet
  facet normal 0.997877 -0.0651282 0
    outer loop
      vertex -12.35 21 2.5
      vertex -12.3385 21.1762 0
      vertex -12.3385 21.1762 2.5
    endloop
  endfacet
  facet normal 0.997877 -0.0651282 0
    outer loop
      vertex -12.3385 21.1762 0
      vertex -12.35 21 2.5
      vertex -12.35 21 0
    endloop
  endfacet
  facet normal -0.980733 -0.195354 0
    outer loop
      vertex 12.3385 21.1762 0
      vertex 12.304 21.3494 2.5
      vertex 12.304 21.3494 0
    endloop
  endfacet
  facet normal -0.980733 -0.195354 0
    outer loop
      vertex 12.304 21.3494 2.5
      vertex 12.3385 21.1762 0
      vertex 12.3385 21.1762 2.5
    endloop
  endfacet
  facet normal -0.997877 -0.0651282 0
    outer loop
      vertex 12.35 21 0
      vertex 12.3385 21.1762 2.5
      vertex 12.3385 21.1762 0
    endloop
  endfacet
  facet normal -0.997877 -0.0651282 0
    outer loop
      vertex 12.3385 21.1762 2.5
      vertex 12.35 21 0
      vertex 12.35 21 2.5
    endloop
  endfacet
  facet normal -0.946856 -0.321659 0
    outer loop
      vertex 12.304 21.3494 0
      vertex 12.2472 21.5166 2.5
      vertex 12.2472 21.5166 0
    endloop
  endfacet
  facet normal -0.946856 -0.321659 0
    outer loop
      vertex 12.2472 21.5166 2.5
      vertex 12.304 21.3494 0
      vertex 12.304 21.3494 2.5
    endloop
  endfacet
  facet normal -0.83144 -0.555615 0
    outer loop
      vertex 12.1691 21.675 0
      vertex 12.071 21.8218 2.5
      vertex 12.071 21.8218 0
    endloop
  endfacet
  facet normal -0.83144 -0.555615 0
    outer loop
      vertex 12.071 21.8218 2.5
      vertex 12.1691 21.675 0
      vertex 12.1691 21.675 2.5
    endloop
  endfacet
  facet normal 0.946925 0.321456 0
    outer loop
      vertex 9.75276 20.4834 2.5
      vertex 9.696 20.6506 0
      vertex 9.696 20.6506 2.5
    endloop
  endfacet
  facet normal 0.946925 0.321456 0
    outer loop
      vertex 9.696 20.6506 0
      vertex 9.75276 20.4834 2.5
      vertex 9.75276 20.4834 0
    endloop
  endfacet
  facet normal -0.321659 0.946856 0
    outer loop
      vertex 11.5166 19.7528 0
      vertex 11.3494 19.696 2.5
      vertex 11.5166 19.7528 2.5
    endloop
  endfacet
  facet normal -0.321659 0.946856 0
    outer loop
      vertex 11.3494 19.696 2.5
      vertex 11.5166 19.7528 0
      vertex 11.3494 19.696 0
    endloop
  endfacet
  facet normal -0.896905 -0.442224 0
    outer loop
      vertex 12.2472 21.5166 0
      vertex 12.1691 21.675 2.5
      vertex 12.1691 21.675 0
    endloop
  endfacet
  facet normal -0.896905 -0.442224 0
    outer loop
      vertex 12.1691 21.675 2.5
      vertex 12.2472 21.5166 0
      vertex 12.2472 21.5166 2.5
    endloop
  endfacet
  facet normal 0.555615 -0.83144 0
    outer loop
      vertex 10.1782 22.071 0
      vertex 10.325 22.1691 2.5
      vertex 10.1782 22.071 2.5
    endloop
  endfacet
  facet normal 0.555615 -0.83144 0
    outer loop
      vertex 10.325 22.1691 2.5
      vertex 10.1782 22.071 0
      vertex 10.325 22.1691 0
    endloop
  endfacet
  facet normal -0.980733 0.195354 0
    outer loop
      vertex 12.304 20.6506 0
      vertex 12.3385 20.8238 2.5
      vertex 12.3385 20.8238 0
    endloop
  endfacet
  facet normal -0.980733 0.195354 0
    outer loop
      vertex 12.3385 20.8238 2.5
      vertex 12.304 20.6506 0
      vertex 12.304 20.6506 2.5
    endloop
  endfacet
  facet normal -0.321659 -0.946856 0
    outer loop
      vertex 11.3494 22.304 0
      vertex 11.5166 22.2472 2.5
      vertex 11.3494 22.304 2.5
    endloop
  endfacet
  facet normal -0.321659 -0.946856 -0
    outer loop
      vertex 11.5166 22.2472 2.5
      vertex 11.3494 22.304 0
      vertex 11.5166 22.2472 0
    endloop
  endfacet
  facet normal 0.659146 -0.752015 0
    outer loop
      vertex 10.0454 21.9546 0
      vertex 10.1782 22.071 2.5
      vertex 10.0454 21.9546 2.5
    endloop
  endfacet
  facet normal 0.659146 -0.752015 0
    outer loop
      vertex 10.1782 22.071 2.5
      vertex 10.0454 21.9546 0
      vertex 10.1782 22.071 0
    endloop
  endfacet
  facet normal -0.555615 0.83144 0
    outer loop
      vertex 11.8218 19.929 0
      vertex 11.675 19.8309 2.5
      vertex 11.8218 19.929 2.5
    endloop
  endfacet
  facet normal -0.555615 0.83144 0
    outer loop
      vertex 11.675 19.8309 2.5
      vertex 11.8218 19.929 0
      vertex 11.675 19.8309 0
    endloop
  endfacet
  facet normal 0.195354 -0.980733 0
    outer loop
      vertex 10.6506 22.304 0
      vertex 10.8238 22.3385 2.5
      vertex 10.6506 22.304 2.5
    endloop
  endfacet
  facet normal 0.195354 -0.980733 0
    outer loop
      vertex 10.8238 22.3385 2.5
      vertex 10.6506 22.304 0
      vertex 10.8238 22.3385 0
    endloop
  endfacet
  facet normal 0.997858 0.0654101 0
    outer loop
      vertex 9.66155 20.8238 2.5
      vertex 9.65 21 0
      vertex 9.65 21 2.5
    endloop
  endfacet
  facet normal 0.997858 0.0654101 0
    outer loop
      vertex 9.65 21 0
      vertex 9.66155 20.8238 2.5
      vertex 9.66155 20.8238 0
    endloop
  endfacet
  facet normal 0.896905 0.442224 0
    outer loop
      vertex 9.83086 20.325 2.5
      vertex 9.75276 20.4834 0
      vertex 9.75276 20.4834 2.5
    endloop
  endfacet
  facet normal 0.896905 0.442224 0
    outer loop
      vertex 9.75276 20.4834 0
      vertex 9.83086 20.325 2.5
      vertex 9.83086 20.325 0
    endloop
  endfacet
  facet normal -0.0651282 -0.997877 0
    outer loop
      vertex 11 22.35 0
      vertex 11.1762 22.3385 2.5
      vertex 11 22.35 2.5
    endloop
  endfacet
  facet normal -0.0651282 -0.997877 -0
    outer loop
      vertex 11.1762 22.3385 2.5
      vertex 11 22.35 0
      vertex 11.1762 22.3385 0
    endloop
  endfacet
  facet normal 0.321659 0.946856 -0
    outer loop
      vertex 10.6506 19.696 0
      vertex 10.4834 19.7528 2.5
      vertex 10.6506 19.696 2.5
    endloop
  endfacet
  facet normal 0.321659 0.946856 0
    outer loop
      vertex 10.4834 19.7528 2.5
      vertex 10.6506 19.696 0
      vertex 10.4834 19.7528 0
    endloop
  endfacet
  facet normal -0.195354 0.980733 0
    outer loop
      vertex 11.3494 19.696 0
      vertex 11.1762 19.6615 2.5
      vertex 11.3494 19.696 2.5
    endloop
  endfacet
  facet normal -0.195354 0.980733 0
    outer loop
      vertex 11.1762 19.6615 2.5
      vertex 11.3494 19.696 0
      vertex 11.1762 19.6615 0
    endloop
  endfacet
  facet normal 0.442224 -0.896905 0
    outer loop
      vertex 10.325 22.1691 0
      vertex 10.4834 22.2472 2.5
      vertex 10.325 22.1691 2.5
    endloop
  endfacet
  facet normal 0.442224 -0.896905 0
    outer loop
      vertex 10.4834 22.2472 2.5
      vertex 10.325 22.1691 0
      vertex 10.4834 22.2472 0
    endloop
  endfacet
  facet normal 0.0651282 -0.997877 0
    outer loop
      vertex 10.8238 22.3385 0
      vertex 11 22.35 2.5
      vertex 10.8238 22.3385 2.5
    endloop
  endfacet
  facet normal 0.0651282 -0.997877 0
    outer loop
      vertex 11 22.35 2.5
      vertex 10.8238 22.3385 0
      vertex 11 22.35 0
    endloop
  endfacet
  facet normal -0.442224 -0.896905 0
    outer loop
      vertex 11.5166 22.2472 0
      vertex 11.675 22.1691 2.5
      vertex 11.5166 22.2472 2.5
    endloop
  endfacet
  facet normal -0.442224 -0.896905 -0
    outer loop
      vertex 11.675 22.1691 2.5
      vertex 11.5166 22.2472 0
      vertex 11.675 22.1691 0
    endloop
  endfacet
  facet normal -0.442224 0.896905 0
    outer loop
      vertex 11.675 19.8309 0
      vertex 11.5166 19.7528 2.5
      vertex 11.675 19.8309 2.5
    endloop
  endfacet
  facet normal -0.442224 0.896905 0
    outer loop
      vertex 11.5166 19.7528 2.5
      vertex 11.675 19.8309 0
      vertex 11.5166 19.7528 0
    endloop
  endfacet
  facet normal 0.980787 0.195081 0
    outer loop
      vertex 9.696 20.6506 2.5
      vertex 9.66155 20.8238 0
      vertex 9.66155 20.8238 2.5
    endloop
  endfacet
  facet normal 0.980787 0.195081 0
    outer loop
      vertex 9.66155 20.8238 0
      vertex 9.696 20.6506 2.5
      vertex 9.696 20.6506 0
    endloop
  endfacet
  facet normal -0.997877 0.0651282 0
    outer loop
      vertex 12.3385 20.8238 0
      vertex 12.35 21 2.5
      vertex 12.35 21 0
    endloop
  endfacet
  facet normal -0.997877 0.0651282 0
    outer loop
      vertex 12.35 21 2.5
      vertex 12.3385 20.8238 0
      vertex 12.3385 20.8238 2.5
    endloop
  endfacet
  facet normal 0.555615 0.83144 -0
    outer loop
      vertex 10.325 19.8309 0
      vertex 10.1782 19.929 2.5
      vertex 10.325 19.8309 2.5
    endloop
  endfacet
  facet normal 0.555615 0.83144 0
    outer loop
      vertex 10.1782 19.929 2.5
      vertex 10.325 19.8309 0
      vertex 10.1782 19.929 0
    endloop
  endfacet
  facet normal -0.752015 0.659146 0
    outer loop
      vertex 11.9546 20.0454 0
      vertex 12.071 20.1782 2.5
      vertex 12.071 20.1782 0
    endloop
  endfacet
  facet normal -0.752015 0.659146 0
    outer loop
      vertex 12.071 20.1782 2.5
      vertex 11.9546 20.0454 0
      vertex 11.9546 20.0454 2.5
    endloop
  endfacet
  facet normal -0.83144 0.555615 0
    outer loop
      vertex 12.071 20.1782 0
      vertex 12.1691 20.325 2.5
      vertex 12.1691 20.325 0
    endloop
  endfacet
  facet normal -0.83144 0.555615 0
    outer loop
      vertex 12.1691 20.325 2.5
      vertex 12.071 20.1782 0
      vertex 12.071 20.1782 2.5
    endloop
  endfacet
  facet normal 0.751931 0.659242 0
    outer loop
      vertex 10.0454 20.0454 2.5
      vertex 9.92897 20.1782 0
      vertex 9.92897 20.1782 2.5
    endloop
  endfacet
  facet normal 0.751931 0.659242 0
    outer loop
      vertex 9.92897 20.1782 0
      vertex 10.0454 20.0454 2.5
      vertex 10.0454 20.0454 0
    endloop
  endfacet
  facet normal 0.751931 -0.659242 0
    outer loop
      vertex 9.92897 21.8218 2.5
      vertex 10.0454 21.9546 0
      vertex 10.0454 21.9546 2.5
    endloop
  endfacet
  facet normal 0.751931 -0.659242 0
    outer loop
      vertex 10.0454 21.9546 0
      vertex 9.92897 21.8218 2.5
      vertex 9.92897 21.8218 0
    endloop
  endfacet
  facet normal 0.659146 0.752015 -0
    outer loop
      vertex 10.1782 19.929 0
      vertex 10.0454 20.0454 2.5
      vertex 10.1782 19.929 2.5
    endloop
  endfacet
  facet normal 0.659146 0.752015 0
    outer loop
      vertex 10.0454 20.0454 2.5
      vertex 10.1782 19.929 0
      vertex 10.0454 20.0454 0
    endloop
  endfacet
  facet normal -0.946856 0.321659 0
    outer loop
      vertex 12.2472 20.4834 0
      vertex 12.304 20.6506 2.5
      vertex 12.304 20.6506 0
    endloop
  endfacet
  facet normal -0.946856 0.321659 0
    outer loop
      vertex 12.304 20.6506 2.5
      vertex 12.2472 20.4834 0
      vertex 12.2472 20.4834 2.5
    endloop
  endfacet
  facet normal 0.831414 0.555654 0
    outer loop
      vertex 9.92897 20.1782 2.5
      vertex 9.83086 20.325 0
      vertex 9.83086 20.325 2.5
    endloop
  endfacet
  facet normal 0.831414 0.555654 0
    outer loop
      vertex 9.83086 20.325 0
      vertex 9.92897 20.1782 2.5
      vertex 9.92897 20.1782 0
    endloop
  endfacet
  facet normal -0.896905 0.442224 0
    outer loop
      vertex 12.1691 20.325 0
      vertex 12.2472 20.4834 2.5
      vertex 12.2472 20.4834 0
    endloop
  endfacet
  facet normal -0.896905 0.442224 0
    outer loop
      vertex 12.2472 20.4834 2.5
      vertex 12.1691 20.325 0
      vertex 12.1691 20.325 2.5
    endloop
  endfacet
  facet normal 0.195354 0.980733 -0
    outer loop
      vertex 10.8238 19.6615 0
      vertex 10.6506 19.696 2.5
      vertex 10.8238 19.6615 2.5
    endloop
  endfacet
  facet normal 0.195354 0.980733 0
    outer loop
      vertex 10.6506 19.696 2.5
      vertex 10.8238 19.6615 0
      vertex 10.6506 19.696 0
    endloop
  endfacet
  facet normal -0.0651282 0.997877 0
    outer loop
      vertex 11.1762 19.6615 0
      vertex 11 19.65 2.5
      vertex 11.1762 19.6615 2.5
    endloop
  endfacet
  facet normal -0.0651282 0.997877 0
    outer loop
      vertex 11 19.65 2.5
      vertex 11.1762 19.6615 0
      vertex 11 19.65 0
    endloop
  endfacet
  facet normal 0.442224 0.896905 -0
    outer loop
      vertex 10.4834 19.7528 0
      vertex 10.325 19.8309 2.5
      vertex 10.4834 19.7528 2.5
    endloop
  endfacet
  facet normal 0.442224 0.896905 0
    outer loop
      vertex 10.325 19.8309 2.5
      vertex 10.4834 19.7528 0
      vertex 10.325 19.8309 0
    endloop
  endfacet
  facet normal -0.195354 -0.980733 0
    outer loop
      vertex 11.1762 22.3385 0
      vertex 11.3494 22.304 2.5
      vertex 11.1762 22.3385 2.5
    endloop
  endfacet
  facet normal -0.195354 -0.980733 -0
    outer loop
      vertex 11.3494 22.304 2.5
      vertex 11.1762 22.3385 0
      vertex 11.3494 22.304 0
    endloop
  endfacet
  facet normal -0.659146 0.752015 0
    outer loop
      vertex 11.9546 20.0454 0
      vertex 11.8218 19.929 2.5
      vertex 11.9546 20.0454 2.5
    endloop
  endfacet
  facet normal -0.659146 0.752015 0
    outer loop
      vertex 11.8218 19.929 2.5
      vertex 11.9546 20.0454 0
      vertex 11.8218 19.929 0
    endloop
  endfacet
  facet normal -0.555615 -0.83144 0
    outer loop
      vertex 11.675 22.1691 0
      vertex 11.8218 22.071 2.5
      vertex 11.675 22.1691 2.5
    endloop
  endfacet
  facet normal -0.555615 -0.83144 -0
    outer loop
      vertex 11.8218 22.071 2.5
      vertex 11.675 22.1691 0
      vertex 11.8218 22.071 0
    endloop
  endfacet
  facet normal 0.321659 -0.946856 0
    outer loop
      vertex 10.4834 22.2472 0
      vertex 10.6506 22.304 2.5
      vertex 10.4834 22.2472 2.5
    endloop
  endfacet
  facet normal 0.321659 -0.946856 0
    outer loop
      vertex 10.6506 22.304 2.5
      vertex 10.4834 22.2472 0
      vertex 10.6506 22.304 0
    endloop
  endfacet
  facet normal 0.0651282 0.997877 -0
    outer loop
      vertex 11 19.65 0
      vertex 10.8238 19.6615 2.5
      vertex 11 19.65 2.5
    endloop
  endfacet
  facet normal 0.0651282 0.997877 0
    outer loop
      vertex 10.8238 19.6615 2.5
      vertex 11 19.65 0
      vertex 10.8238 19.6615 0
    endloop
  endfacet
  facet normal 0.896905 -0.442224 0
    outer loop
      vertex 9.75276 21.5166 2.5
      vertex 9.83086 21.675 0
      vertex 9.83086 21.675 2.5
    endloop
  endfacet
  facet normal 0.896905 -0.442224 0
    outer loop
      vertex 9.83086 21.675 0
      vertex 9.75276 21.5166 2.5
      vertex 9.75276 21.5166 0
    endloop
  endfacet
  facet normal 0.980787 -0.195081 0
    outer loop
      vertex 9.66155 21.1762 2.5
      vertex 9.696 21.3494 0
      vertex 9.696 21.3494 2.5
    endloop
  endfacet
  facet normal 0.980787 -0.195081 0
    outer loop
      vertex 9.696 21.3494 0
      vertex 9.66155 21.1762 2.5
      vertex 9.66155 21.1762 0
    endloop
  endfacet
  facet normal -0.752015 -0.659146 0
    outer loop
      vertex 12.071 21.8218 0
      vertex 11.9546 21.9546 2.5
      vertex 11.9546 21.9546 0
    endloop
  endfacet
  facet normal -0.752015 -0.659146 0
    outer loop
      vertex 11.9546 21.9546 2.5
      vertex 12.071 21.8218 0
      vertex 12.071 21.8218 2.5
    endloop
  endfacet
  facet normal -0.659146 -0.752015 0
    outer loop
      vertex 11.8218 22.071 0
      vertex 11.9546 21.9546 2.5
      vertex 11.8218 22.071 2.5
    endloop
  endfacet
  facet normal -0.659146 -0.752015 -0
    outer loop
      vertex 11.9546 21.9546 2.5
      vertex 11.8218 22.071 0
      vertex 11.9546 21.9546 0
    endloop
  endfacet
  facet normal 0.946925 -0.321456 0
    outer loop
      vertex 9.696 21.3494 2.5
      vertex 9.75276 21.5166 0
      vertex 9.75276 21.5166 2.5
    endloop
  endfacet
  facet normal 0.946925 -0.321456 0
    outer loop
      vertex 9.75276 21.5166 0
      vertex 9.696 21.3494 2.5
      vertex 9.696 21.3494 0
    endloop
  endfacet
  facet normal 0.997858 -0.0654101 0
    outer loop
      vertex 9.65 21 2.5
      vertex 9.66155 21.1762 0
      vertex 9.66155 21.1762 2.5
    endloop
  endfacet
  facet normal 0.997858 -0.0654101 0
    outer loop
      vertex 9.66155 21.1762 0
      vertex 9.65 21 2.5
      vertex 9.65 21 0
    endloop
  endfacet
  facet normal 0.831414 -0.555654 0
    outer loop
      vertex 9.83086 21.675 2.5
      vertex 9.92897 21.8218 0
      vertex 9.92897 21.8218 2.5
    endloop
  endfacet
  facet normal 0.831414 -0.555654 0
    outer loop
      vertex 9.92897 21.8218 0
      vertex 9.83086 21.675 2.5
      vertex 9.83086 21.675 0
    endloop
  endfacet
  facet normal -0.980786 -0.195087 0
    outer loop
      vertex 3.96578 18.5221 0
      vertex 3.8637 19.0353 2.5
      vertex 3.8637 19.0353 0
    endloop
  endfacet
  facet normal -0.980786 -0.195087 0
    outer loop
      vertex 3.8637 19.0353 2.5
      vertex 3.96578 18.5221 0
      vertex 3.96578 18.5221 2.5
    endloop
  endfacet
  facet normal -0.997859 -0.0654027 0
    outer loop
      vertex 4 18 0
      vertex 3.96578 18.5221 2.5
      vertex 3.96578 18.5221 0
    endloop
  endfacet
  facet normal -0.997859 -0.0654027 0
    outer loop
      vertex 3.96578 18.5221 2.5
      vertex 4 18 0
      vertex 4 18 2.5
    endloop
  endfacet
  facet normal -0.946922 -0.321464 0
    outer loop
      vertex 3.8637 19.0353 0
      vertex 3.69552 19.5307 2.5
      vertex 3.69552 19.5307 0
    endloop
  endfacet
  facet normal -0.946922 -0.321464 0
    outer loop
      vertex 3.69552 19.5307 2.5
      vertex 3.8637 19.0353 0
      vertex 3.8637 19.0353 2.5
    endloop
  endfacet
  facet normal -0.831441 -0.555613 0
    outer loop
      vertex 3.4641 20 0
      vertex 3.17341 20.435 2.5
      vertex 3.17341 20.435 0
    endloop
  endfacet
  facet normal -0.831441 -0.555613 0
    outer loop
      vertex 3.17341 20.435 2.5
      vertex 3.4641 20 0
      vertex 3.4641 20 2.5
    endloop
  endfacet
  facet normal 0.555582 0.831462 -0
    outer loop
      vertex -2 14.5359 0
      vertex -2.43505 14.8266 2.5
      vertex -2 14.5359 2.5
    endloop
  endfacet
  facet normal 0.555582 0.831462 0
    outer loop
      vertex -2.43505 14.8266 2.5
      vertex -2 14.5359 0
      vertex -2.43505 14.8266 0
    endloop
  endfacet
  facet normal 0.997859 0.0654027 0
    outer loop
      vertex -3.96578 17.4779 2.5
      vertex -4 18 0
      vertex -4 18 2.5
    endloop
  endfacet
  facet normal 0.997859 0.0654027 0
    outer loop
      vertex -4 18 0
      vertex -3.96578 17.4779 2.5
      vertex -3.96578 17.4779 0
    endloop
  endfacet
  facet normal 0.555582 -0.831462 0
    outer loop
      vertex -2.43505 21.1734 0
      vertex -2 21.4641 2.5
      vertex -2.43505 21.1734 2.5
    endloop
  endfacet
  facet normal 0.555582 -0.831462 0
    outer loop
      vertex -2 21.4641 2.5
      vertex -2.43505 21.1734 0
      vertex -2 21.4641 0
    endloop
  endfacet
  facet normal -0.321469 -0.94692 0
    outer loop
      vertex 1.03528 21.8637 0
      vertex 1.53073 21.6955 2.5
      vertex 1.03528 21.8637 2.5
    endloop
  endfacet
  facet normal -0.321469 -0.94692 -0
    outer loop
      vertex 1.53073 21.6955 2.5
      vertex 1.03528 21.8637 0
      vertex 1.53073 21.6955 0
    endloop
  endfacet
  facet normal -0.946922 0.321464 0
    outer loop
      vertex 3.69552 16.4693 0
      vertex 3.8637 16.9647 2.5
      vertex 3.8637 16.9647 0
    endloop
  endfacet
  facet normal -0.946922 0.321464 0
    outer loop
      vertex 3.8637 16.9647 2.5
      vertex 3.69552 16.4693 0
      vertex 3.69552 16.4693 2.5
    endloop
  endfacet
  facet normal -0.44226 0.896887 0
    outer loop
      vertex 2 14.5359 0
      vertex 1.53073 14.3045 2.5
      vertex 2 14.5359 2.5
    endloop
  endfacet
  facet normal -0.44226 0.896887 0
    outer loop
      vertex 1.53073 14.3045 2.5
      vertex 2 14.5359 0
      vertex 1.53073 14.3045 0
    endloop
  endfacet
  facet normal 0.946922 0.321464 0
    outer loop
      vertex -3.69552 16.4693 2.5
      vertex -3.8637 16.9647 0
      vertex -3.8637 16.9647 2.5
    endloop
  endfacet
  facet normal 0.946922 0.321464 0
    outer loop
      vertex -3.8637 16.9647 0
      vertex -3.69552 16.4693 2.5
      vertex -3.69552 16.4693 0
    endloop
  endfacet
  facet normal -0.896883 -0.442268 0
    outer loop
      vertex 3.69552 19.5307 0
      vertex 3.4641 20 2.5
      vertex 3.4641 20 0
    endloop
  endfacet
  facet normal -0.896883 -0.442268 0
    outer loop
      vertex 3.4641 20 2.5
      vertex 3.69552 19.5307 0
      vertex 3.69552 19.5307 2.5
    endloop
  endfacet
  facet normal -0.195133 -0.980777 0
    outer loop
      vertex 0.522104 21.9658 0
      vertex 1.03528 21.8637 2.5
      vertex 0.522104 21.9658 2.5
    endloop
  endfacet
  facet normal -0.195133 -0.980777 -0
    outer loop
      vertex 1.03528 21.8637 2.5
      vertex 0.522104 21.9658 0
      vertex 1.03528 21.8637 0
    endloop
  endfacet
  facet normal -0.555582 -0.831462 0
    outer loop
      vertex 2 21.4641 0
      vertex 2.43505 21.1734 2.5
      vertex 2 21.4641 2.5
    endloop
  endfacet
  facet normal -0.555582 -0.831462 -0
    outer loop
      vertex 2.43505 21.1734 2.5
      vertex 2 21.4641 0
      vertex 2.43505 21.1734 0
    endloop
  endfacet
  facet normal -0.659362 -0.751826 0
    outer loop
      vertex 2.43505 21.1734 0
      vertex 2.82843 20.8284 2.5
      vertex 2.43505 21.1734 2.5
    endloop
  endfacet
  facet normal -0.659362 -0.751826 -0
    outer loop
      vertex 2.82843 20.8284 2.5
      vertex 2.43505 21.1734 0
      vertex 2.82843 20.8284 0
    endloop
  endfacet
  facet normal -0.831441 0.555613 0
    outer loop
      vertex 3.17341 15.565 0
      vertex 3.4641 16 2.5
      vertex 3.4641 16 0
    endloop
  endfacet
  facet normal -0.831441 0.555613 0
    outer loop
      vertex 3.4641 16 2.5
      vertex 3.17341 15.565 0
      vertex 3.17341 15.565 2.5
    endloop
  endfacet
  facet normal 0.896883 0.442268 0
    outer loop
      vertex -3.4641 16 2.5
      vertex -3.69552 16.4693 0
      vertex -3.69552 16.4693 2.5
    endloop
  endfacet
  facet normal 0.896883 0.442268 0
    outer loop
      vertex -3.69552 16.4693 0
      vertex -3.4641 16 2.5
      vertex -3.4641 16 0
    endloop
  endfacet
  facet normal 0.0653641 -0.997861 0
    outer loop
      vertex -0.522104 21.9658 0
      vertex 0 22 2.5
      vertex -0.522104 21.9658 2.5
    endloop
  endfacet
  facet normal 0.0653641 -0.997861 0
    outer loop
      vertex 0 22 2.5
      vertex -0.522104 21.9658 0
      vertex 0 22 0
    endloop
  endfacet
  facet normal 0.321469 0.94692 -0
    outer loop
      vertex -1.03528 14.1363 0
      vertex -1.53073 14.3045 2.5
      vertex -1.03528 14.1363 2.5
    endloop
  endfacet
  facet normal 0.321469 0.94692 0
    outer loop
      vertex -1.53073 14.3045 2.5
      vertex -1.03528 14.1363 0
      vertex -1.53073 14.3045 0
    endloop
  endfacet
  facet normal -0.751861 -0.659321 0
    outer loop
      vertex 3.17341 20.435 0
      vertex 2.82843 20.8284 2.5
      vertex 2.82843 20.8284 0
    endloop
  endfacet
  facet normal -0.751861 -0.659321 0
    outer loop
      vertex 2.82843 20.8284 2.5
      vertex 3.17341 20.435 0
      vertex 3.17341 20.435 2.5
    endloop
  endfacet
  facet normal 0.896883 -0.442268 0
    outer loop
      vertex -3.69552 19.5307 2.5
      vertex -3.4641 20 0
      vertex -3.4641 20 2.5
    endloop
  endfacet
  facet normal 0.896883 -0.442268 0
    outer loop
      vertex -3.4641 20 0
      vertex -3.69552 19.5307 2.5
      vertex -3.69552 19.5307 0
    endloop
  endfacet
  facet normal 0.44226 -0.896887 0
    outer loop
      vertex -2 21.4641 0
      vertex -1.53073 21.6955 2.5
      vertex -2 21.4641 2.5
    endloop
  endfacet
  facet normal 0.44226 -0.896887 0
    outer loop
      vertex -1.53073 21.6955 2.5
      vertex -2 21.4641 0
      vertex -1.53073 21.6955 0
    endloop
  endfacet
  facet normal 0.0653641 0.997861 -0
    outer loop
      vertex 0 14 0
      vertex -0.522104 14.0342 2.5
      vertex 0 14 2.5
    endloop
  endfacet
  facet normal 0.0653641 0.997861 0
    outer loop
      vertex -0.522104 14.0342 2.5
      vertex 0 14 0
      vertex -0.522104 14.0342 0
    endloop
  endfacet
  facet normal -0.195133 0.980777 0
    outer loop
      vertex 1.03528 14.1363 0
      vertex 0.522104 14.0342 2.5
      vertex 1.03528 14.1363 2.5
    endloop
  endfacet
  facet normal -0.195133 0.980777 0
    outer loop
      vertex 0.522104 14.0342 2.5
      vertex 1.03528 14.1363 0
      vertex 0.522104 14.0342 0
    endloop
  endfacet
  facet normal 0.831441 -0.555613 0
    outer loop
      vertex -3.4641 20 2.5
      vertex -3.17341 20.435 0
      vertex -3.17341 20.435 2.5
    endloop
  endfacet
  facet normal 0.831441 -0.555613 0
    outer loop
      vertex -3.17341 20.435 0
      vertex -3.4641 20 2.5
      vertex -3.4641 20 0
    endloop
  endfacet
  facet normal -0.44226 -0.896887 0
    outer loop
      vertex 1.53073 21.6955 0
      vertex 2 21.4641 2.5
      vertex 1.53073 21.6955 2.5
    endloop
  endfacet
  facet normal -0.44226 -0.896887 -0
    outer loop
      vertex 2 21.4641 2.5
      vertex 1.53073 21.6955 0
      vertex 2 21.4641 0
    endloop
  endfacet
  facet normal 0.751861 -0.659321 0
    outer loop
      vertex -3.17341 20.435 2.5
      vertex -2.82843 20.8284 0
      vertex -2.82843 20.8284 2.5
    endloop
  endfacet
  facet normal 0.751861 -0.659321 0
    outer loop
      vertex -2.82843 20.8284 0
      vertex -3.17341 20.435 2.5
      vertex -3.17341 20.435 0
    endloop
  endfacet
  facet normal 0.321469 -0.94692 0
    outer loop
      vertex -1.53073 21.6955 0
      vertex -1.03528 21.8637 2.5
      vertex -1.53073 21.6955 2.5
    endloop
  endfacet
  facet normal 0.321469 -0.94692 0
    outer loop
      vertex -1.03528 21.8637 2.5
      vertex -1.53073 21.6955 0
      vertex -1.03528 21.8637 0
    endloop
  endfacet
  facet normal -0.980786 0.195087 0
    outer loop
      vertex 3.8637 16.9647 0
      vertex 3.96578 17.4779 2.5
      vertex 3.96578 17.4779 0
    endloop
  endfacet
  facet normal -0.980786 0.195087 0
    outer loop
      vertex 3.96578 17.4779 2.5
      vertex 3.8637 16.9647 0
      vertex 3.8637 16.9647 2.5
    endloop
  endfacet
  facet normal -0.997859 0.0654027 0
    outer loop
      vertex 3.96578 17.4779 0
      vertex 4 18 2.5
      vertex 4 18 0
    endloop
  endfacet
  facet normal -0.997859 0.0654027 0
    outer loop
      vertex 4 18 2.5
      vertex 3.96578 17.4779 0
      vertex 3.96578 17.4779 2.5
    endloop
  endfacet
  facet normal 0.980786 -0.195087 0
    outer loop
      vertex -3.96578 18.5221 2.5
      vertex -3.8637 19.0353 0
      vertex -3.8637 19.0353 2.5
    endloop
  endfacet
  facet normal 0.980786 -0.195087 0
    outer loop
      vertex -3.8637 19.0353 0
      vertex -3.96578 18.5221 2.5
      vertex -3.96578 18.5221 0
    endloop
  endfacet
  facet normal 0.751861 0.659321 0
    outer loop
      vertex -2.82843 15.1716 2.5
      vertex -3.17341 15.565 0
      vertex -3.17341 15.565 2.5
    endloop
  endfacet
  facet normal 0.751861 0.659321 0
    outer loop
      vertex -3.17341 15.565 0
      vertex -2.82843 15.1716 2.5
      vertex -2.82843 15.1716 0
    endloop
  endfacet
  facet normal -0.659362 0.751826 0
    outer loop
      vertex 2.82843 15.1716 0
      vertex 2.43505 14.8266 2.5
      vertex 2.82843 15.1716 2.5
    endloop
  endfacet
  facet normal -0.659362 0.751826 0
    outer loop
      vertex 2.43505 14.8266 2.5
      vertex 2.82843 15.1716 0
      vertex 2.43505 14.8266 0
    endloop
  endfacet
  facet normal -0.321469 0.94692 0
    outer loop
      vertex 1.53073 14.3045 0
      vertex 1.03528 14.1363 2.5
      vertex 1.53073 14.3045 2.5
    endloop
  endfacet
  facet normal -0.321469 0.94692 0
    outer loop
      vertex 1.03528 14.1363 2.5
      vertex 1.53073 14.3045 0
      vertex 1.03528 14.1363 0
    endloop
  endfacet
  facet normal -0.555582 0.831462 0
    outer loop
      vertex 2.43505 14.8266 0
      vertex 2 14.5359 2.5
      vertex 2.43505 14.8266 2.5
    endloop
  endfacet
  facet normal -0.555582 0.831462 0
    outer loop
      vertex 2 14.5359 2.5
      vertex 2.43505 14.8266 0
      vertex 2 14.5359 0
    endloop
  endfacet
  facet normal -0.0653641 -0.997861 0
    outer loop
      vertex 0 22 0
      vertex 0.522104 21.9658 2.5
      vertex 0 22 2.5
    endloop
  endfacet
  facet normal -0.0653641 -0.997861 -0
    outer loop
      vertex 0.522104 21.9658 2.5
      vertex 0 22 0
      vertex 0.522104 21.9658 0
    endloop
  endfacet
  facet normal -0.751861 0.659321 0
    outer loop
      vertex 2.82843 15.1716 0
      vertex 3.17341 15.565 2.5
      vertex 3.17341 15.565 0
    endloop
  endfacet
  facet normal -0.751861 0.659321 0
    outer loop
      vertex 3.17341 15.565 2.5
      vertex 2.82843 15.1716 0
      vertex 2.82843 15.1716 2.5
    endloop
  endfacet
  facet normal 0.831441 0.555613 0
    outer loop
      vertex -3.17341 15.565 2.5
      vertex -3.4641 16 0
      vertex -3.4641 16 2.5
    endloop
  endfacet
  facet normal 0.831441 0.555613 0
    outer loop
      vertex -3.4641 16 0
      vertex -3.17341 15.565 2.5
      vertex -3.17341 15.565 0
    endloop
  endfacet
  facet normal 0.44226 0.896887 -0
    outer loop
      vertex -1.53073 14.3045 0
      vertex -2 14.5359 2.5
      vertex -1.53073 14.3045 2.5
    endloop
  endfacet
  facet normal 0.44226 0.896887 0
    outer loop
      vertex -2 14.5359 2.5
      vertex -1.53073 14.3045 0
      vertex -2 14.5359 0
    endloop
  endfacet
  facet normal -0.0653641 0.997861 0
    outer loop
      vertex 0.522104 14.0342 0
      vertex 0 14 2.5
      vertex 0.522104 14.0342 2.5
    endloop
  endfacet
  facet normal -0.0653641 0.997861 0
    outer loop
      vertex 0 14 2.5
      vertex 0.522104 14.0342 0
      vertex 0 14 0
    endloop
  endfacet
  facet normal -0.896883 0.442268 0
    outer loop
      vertex 3.4641 16 0
      vertex 3.69552 16.4693 2.5
      vertex 3.69552 16.4693 0
    endloop
  endfacet
  facet normal -0.896883 0.442268 0
    outer loop
      vertex 3.69552 16.4693 2.5
      vertex 3.4641 16 0
      vertex 3.4641 16 2.5
    endloop
  endfacet
  facet normal 0.659362 -0.751826 0
    outer loop
      vertex -2.82843 20.8284 0
      vertex -2.43505 21.1734 2.5
      vertex -2.82843 20.8284 2.5
    endloop
  endfacet
  facet normal 0.659362 -0.751826 0
    outer loop
      vertex -2.43505 21.1734 2.5
      vertex -2.82843 20.8284 0
      vertex -2.43505 21.1734 0
    endloop
  endfacet
  facet normal 0.997859 -0.0654027 0
    outer loop
      vertex -4 18 2.5
      vertex -3.96578 18.5221 0
      vertex -3.96578 18.5221 2.5
    endloop
  endfacet
  facet normal 0.997859 -0.0654027 0
    outer loop
      vertex -3.96578 18.5221 0
      vertex -4 18 2.5
      vertex -4 18 0
    endloop
  endfacet
  facet normal 0.195133 -0.980777 0
    outer loop
      vertex -1.03528 21.8637 0
      vertex -0.522104 21.9658 2.5
      vertex -1.03528 21.8637 2.5
    endloop
  endfacet
  facet normal 0.195133 -0.980777 0
    outer loop
      vertex -0.522104 21.9658 2.5
      vertex -1.03528 21.8637 0
      vertex -0.522104 21.9658 0
    endloop
  endfacet
  facet normal 0.195133 0.980777 -0
    outer loop
      vertex -0.522104 14.0342 0
      vertex -1.03528 14.1363 2.5
      vertex -0.522104 14.0342 2.5
    endloop
  endfacet
  facet normal 0.195133 0.980777 0
    outer loop
      vertex -1.03528 14.1363 2.5
      vertex -0.522104 14.0342 0
      vertex -1.03528 14.1363 0
    endloop
  endfacet
  facet normal 0.980786 0.195087 0
    outer loop
      vertex -3.8637 16.9647 2.5
      vertex -3.96578 17.4779 0
      vertex -3.96578 17.4779 2.5
    endloop
  endfacet
  facet normal 0.980786 0.195087 0
    outer loop
      vertex -3.96578 17.4779 0
      vertex -3.8637 16.9647 2.5
      vertex -3.8637 16.9647 0
    endloop
  endfacet
  facet normal 0.659362 0.751826 -0
    outer loop
      vertex -2.43505 14.8266 0
      vertex -2.82843 15.1716 2.5
      vertex -2.43505 14.8266 2.5
    endloop
  endfacet
  facet normal 0.659362 0.751826 0
    outer loop
      vertex -2.82843 15.1716 2.5
      vertex -2.43505 14.8266 0
      vertex -2.82843 15.1716 0
    endloop
  endfacet
  facet normal 0.946922 -0.321464 0
    outer loop
      vertex -3.8637 19.0353 2.5
      vertex -3.69552 19.5307 0
      vertex -3.69552 19.5307 2.5
    endloop
  endfacet
  facet normal 0.946922 -0.321464 0
    outer loop
      vertex -3.69552 19.5307 0
      vertex -3.8637 19.0353 2.5
      vertex -3.8637 19.0353 0
    endloop
  endfacet
  facet normal -1 0 0
    outer loop
      vertex 35 -43.8191 0
      vertex 35 -14 0.589999
      vertex 35 -14 0
    endloop
  endfacet
  facet normal -1 -0 0
    outer loop
      vertex 35 -14 0.589999
      vertex 35 -43.8191 0
      vertex 35 -43.8191 0.589999
    endloop
  endfacet
  facet normal 0 0 -1
    outer loop
      vertex 34.9289 -43.675 0.589999
      vertex 35 -14 0.589999
      vertex 35 -43.8191 0.589999
    endloop
  endfacet
  facet normal 0 0 -1
    outer loop
      vertex 34.809 -43.4955 0.589999
      vertex 35 -14 0.589999
      vertex 34.9289 -43.675 0.589999
    endloop
  endfacet
  facet normal 0 0 -1
    outer loop
      vertex 34.6667 -43.3333 0.589999
      vertex 35 -14 0.589999
      vertex 34.809 -43.4955 0.589999
    endloop
  endfacet
  facet normal 0 0 -1
    outer loop
      vertex 34.5045 -43.191 0.589999
      vertex 35 -14 0.589999
      vertex 34.6667 -43.3333 0.589999
    endloop
  endfacet
  facet normal 0 0 -1
    outer loop
      vertex 34.325 -43.0711 0.589999
      vertex 35 -14 0.589999
      vertex 34.5045 -43.191 0.589999
    endloop
  endfacet
  facet normal 0 0 -1
    outer loop
      vertex 34.1314 -42.9756 0.589999
      vertex 35 -14 0.589999
      vertex 34.325 -43.0711 0.589999
    endloop
  endfacet
  facet normal 0 0 -1
    outer loop
      vertex 33.9271 -42.9062 0.589999
      vertex 35 -14 0.589999
      vertex 34.1314 -42.9756 0.589999
    endloop
  endfacet
  facet normal 0 0 -1
    outer loop
      vertex 33.7154 -42.8641 0.589999
      vertex 35 -14 0.589999
      vertex 33.9271 -42.9062 0.589999
    endloop
  endfacet
  facet normal 0 0 -1
    outer loop
      vertex 33.5 -42.85 0.589999
      vertex 35 -14 0.589999
      vertex 33.7154 -42.8641 0.589999
    endloop
  endfacet
  facet normal 0 0 -1
    outer loop
      vertex 33.2846 -42.8641 0.589999
      vertex 35 -14 0.589999
      vertex 33.5 -42.85 0.589999
    endloop
  endfacet
  facet normal 0 0 -1
    outer loop
      vertex 33.0729 -42.9062 0.589999
      vertex 35 -14 0.589999
      vertex 33.2846 -42.8641 0.589999
    endloop
  endfacet
  facet normal 0 0 -1
    outer loop
      vertex 23 -14 0.589999
      vertex 33.0729 -42.9062 0.589999
      vertex 32.8686 -42.9756 0.589999
    endloop
  endfacet
  facet normal 0 0 -1
    outer loop
      vertex 23 -44 0.589999
      vertex 32.8686 -42.9756 0.589999
      vertex 32.675 -43.0711 0.589999
    endloop
  endfacet
  facet normal 0 0 -1
    outer loop
      vertex 23 -44 0.589999
      vertex 32.675 -43.0711 0.589999
      vertex 32.4955 -43.191 0.589999
    endloop
  endfacet
  facet normal 0 0 -1
    outer loop
      vertex 23 -44 0.589999
      vertex 32.4955 -43.191 0.589999
      vertex 32.3333 -43.3333 0.589999
    endloop
  endfacet
  facet normal 0 0 -1
    outer loop
      vertex 23 -44 0.589999
      vertex 32.3333 -43.3333 0.589999
      vertex 32.191 -43.4955 0.589999
    endloop
  endfacet
  facet normal 0 0 -1
    outer loop
      vertex 23 -44 0.589999
      vertex 32.191 -43.4955 0.589999
      vertex 32.0711 -43.675 0.589999
    endloop
  endfacet
  facet normal 0 0 -1
    outer loop
      vertex 23 -44 0.589999
      vertex 32.0711 -43.675 0.589999
      vertex 31.9756 -43.8686 0.589999
    endloop
  endfacet
  facet normal 0 0 -1
    outer loop
      vertex 23 -44 0.589999
      vertex 31.9756 -43.8686 0.589999
      vertex 31.931 -44 0.589999
    endloop
  endfacet
  facet normal -0 0 -1
    outer loop
      vertex 32.8686 -42.9756 0.589999
      vertex 23 -44 0.589999
      vertex 23 -14 0.589999
    endloop
  endfacet
  facet normal 0 0 -1
    outer loop
      vertex 33.0729 -42.9062 0.589999
      vertex 23 -14 0.589999
      vertex 35 -14 0.589999
    endloop
  endfacet
  facet normal 1 -0 0
    outer loop
      vertex 23 -44 0.589999
      vertex 23 -14 0
      vertex 23 -14 0.589999
    endloop
  endfacet
  facet normal 1 0 0
    outer loop
      vertex 23 -14 0
      vertex 23 -44 0.589999
      vertex 23 -44 0
    endloop
  endfacet
  facet normal 0 -1 0
    outer loop
      vertex 23 -14 0
      vertex 35 -14 0.589999
      vertex 23 -14 0.589999
    endloop
  endfacet
  facet normal 0 -1 -0
    outer loop
      vertex 35 -14 0.589999
      vertex 23 -14 0
      vertex 35 -14 0
    endloop
  endfacet
  facet normal 0 1 -0
    outer loop
      vertex 31.931 -44 0
      vertex 23 -44 0.589999
      vertex 31.931 -44 0.589999
    endloop
  endfacet
  facet normal 0 1 0
    outer loop
      vertex 23 -44 0.589999
      vertex 31.931 -44 0
      vertex 23 -44 0
    endloop
  endfacet
endsolid OpenSCAD_Model
