solid OpenSCAD_Model
  facet normal -1 0 0
    outer loop
      vertex -15 48 8
      vertex -15 50 26
      vertex -15 50 8
    endloop
  endfacet
  facet normal -1 -0 0
    outer loop
      vertex -15 50 26
      vertex -15 48 8
      vertex -15 48 26
    endloop
  endfacet
  facet normal 0 0 -1
    outer loop
      vertex -17 48 26
      vertex -15 50 26
      vertex -15 48 26
    endloop
  endfacet
  facet normal -0 0 -1
    outer loop
      vertex -15 50 26
      vertex -17 48 26
      vertex -17 50 26
    endloop
  endfacet
  facet normal -0 0 1
    outer loop
      vertex -17 50 8
      vertex -15 48 8
      vertex -15 50 8
    endloop
  endfacet
  facet normal 0 0 1
    outer loop
      vertex -15 48 8
      vertex -17 50 8
      vertex -17 48 8
    endloop
  endfacet
  facet normal 1 -0 0
    outer loop
      vertex -17 48 26
      vertex -17 50 8
      vertex -17 50 26
    endloop
  endfacet
  facet normal 1 0 0
    outer loop
      vertex -17 50 8
      vertex -17 48 26
      vertex -17 48 8
    endloop
  endfacet
  facet normal -1 0 0
    outer loop
      vertex -7 48 8
      vertex -7 50 26
      vertex -7 50 8
    endloop
  endfacet
  facet normal -1 -0 0
    outer loop
      vertex -7 50 26
      vertex -7 48 8
      vertex -7 48 26
    endloop
  endfacet
  facet normal 0 0 -1
    outer loop
      vertex -9 48 26
      vertex -7 50 26
      vertex -7 48 26
    endloop
  endfacet
  facet normal -0 0 -1
    outer loop
      vertex -7 50 26
      vertex -9 48 26
      vertex -9 50 26
    endloop
  endfacet
  facet normal -0 0 1
    outer loop
      vertex -9 50 8
      vertex -7 48 8
      vertex -7 50 8
    endloop
  endfacet
  facet normal 0 0 1
    outer loop
      vertex -7 48 8
      vertex -9 50 8
      vertex -9 48 8
    endloop
  endfacet
  facet normal 1 -0 0
    outer loop
      vertex -9 48 26
      vertex -9 50 8
      vertex -9 50 26
    endloop
  endfacet
  facet normal 1 0 0
    outer loop
      vertex -9 50 8
      vertex -9 48 26
      vertex -9 48 8
    endloop
  endfacet
  facet normal -1 0 0
    outer loop
      vertex 1 48 8
      vertex 1 50 26
      vertex 1 50 8
    endloop
  endfacet
  facet normal -1 -0 0
    outer loop
      vertex 1 50 26
      vertex 1 48 8
      vertex 1 48 26
    endloop
  endfacet
  facet normal 0 0 -1
    outer loop
      vertex -1 48 26
      vertex 1 50 26
      vertex 1 48 26
    endloop
  endfacet
  facet normal -0 0 -1
    outer loop
      vertex 1 50 26
      vertex -1 48 26
      vertex -1 50 26
    endloop
  endfacet
  facet normal -0 0 1
    outer loop
      vertex -1 50 8
      vertex 1 48 8
      vertex 1 50 8
    endloop
  endfacet
  facet normal 0 0 1
    outer loop
      vertex 1 48 8
      vertex -1 50 8
      vertex -1 48 8
    endloop
  endfacet
  facet normal 1 -0 0
    outer loop
      vertex -1 48 26
      vertex -1 50 8
      vertex -1 50 26
    endloop
  endfacet
  facet normal 1 0 0
    outer loop
      vertex -1 50 8
      vertex -1 48 26
      vertex -1 48 8
    endloop
  endfacet
  facet normal -1 0 0
    outer loop
      vertex 9 48 8
      vertex 9 50 26
      vertex 9 50 8
    endloop
  endfacet
  facet normal -1 -0 0
    outer loop
      vertex 9 50 26
      vertex 9 48 8
      vertex 9 48 26
    endloop
  endfacet
  facet normal 0 0 -1
    outer loop
      vertex 7 48 26
      vertex 9 50 26
      vertex 9 48 26
    endloop
  endfacet
  facet normal -0 0 -1
    outer loop
      vertex 9 50 26
      vertex 7 48 26
      vertex 7 50 26
    endloop
  endfacet
  facet normal -0 0 1
    outer loop
      vertex 7 50 8
      vertex 9 48 8
      vertex 9 50 8
    endloop
  endfacet
  facet normal 0 0 1
    outer loop
      vertex 9 48 8
      vertex 7 50 8
      vertex 7 48 8
    endloop
  endfacet
  facet normal 1 -0 0
    outer loop
      vertex 7 48 26
      vertex 7 50 8
      vertex 7 50 26
    endloop
  endfacet
  facet normal 1 0 0
    outer loop
      vertex 7 50 8
      vertex 7 48 26
      vertex 7 48 8
    endloop
  endfacet
  facet normal -1 0 0
    outer loop
      vertex 17 48 8
      vertex 17 50 26
      vertex 17 50 8
    endloop
  endfacet
  facet normal -1 -0 0
    outer loop
      vertex 17 50 26
      vertex 17 48 8
      vertex 17 48 26
    endloop
  endfacet
  facet normal 0 0 -1
    outer loop
      vertex 15 48 26
      vertex 17 50 26
      vertex 17 48 26
    endloop
  endfacet
  facet normal -0 0 -1
    outer loop
      vertex 17 50 26
      vertex 15 48 26
      vertex 15 50 26
    endloop
  endfacet
  facet normal -0 0 1
    outer loop
      vertex 15 50 8
      vertex 17 48 8
      vertex 17 50 8
    endloop
  endfacet
  facet normal 0 0 1
    outer loop
      vertex 17 48 8
      vertex 15 50 8
      vertex 15 48 8
    endloop
  endfacet
  facet normal 1 -0 0
    outer loop
      vertex 15 48 26
      vertex 15 50 8
      vertex 15 50 26
    endloop
  endfacet
  facet normal 1 0 0
    outer loop
      vertex 15 50 8
      vertex 15 48 26
      vertex 15 48 8
    endloop
  endfacet
  facet normal 0 0 -1
    outer loop
      vertex 36 -50 0
      vertex 39 -47 0
      vertex 38.9743 -47.3916 0
    endloop
  endfacet
  facet normal 0 0 -1
    outer loop
      vertex 39 -47 0
      vertex -39 -47 0
      vertex 39 47 0
    endloop
  endfacet
  facet normal 0 0 -1
    outer loop
      vertex 36 -50 0
      vertex 38.9743 -47.3916 0
      vertex 38.8978 -47.7765 0
    endloop
  endfacet
  facet normal -0 0 -1
    outer loop
      vertex 39 -47 0
      vertex 36 -50 0
      vertex -39 -47 0
    endloop
  endfacet
  facet normal 0 0 -1
    outer loop
      vertex 36 -50 0
      vertex 38.8978 -47.7765 0
      vertex 38.7716 -48.148 0
    endloop
  endfacet
  facet normal 0 0 -1
    outer loop
      vertex -39 47 0
      vertex 39 47 0
      vertex -39 -47 0
    endloop
  endfacet
  facet normal 0 0 -1
    outer loop
      vertex 36 -50 0
      vertex 38.7716 -48.148 0
      vertex 38.5981 -48.5 0
    endloop
  endfacet
  facet normal 0 0 -1
    outer loop
      vertex 38.9743 47.3916 0
      vertex 36 50 0
      vertex 38.8978 47.7765 0
    endloop
  endfacet
  facet normal 0 0 -1
    outer loop
      vertex 36 -50 0
      vertex 38.5981 -48.5 0
      vertex 38.3801 -48.8263 0
    endloop
  endfacet
  facet normal 0 0 -1
    outer loop
      vertex 38.8978 47.7765 0
      vertex 36 50 0
      vertex 38.7716 48.148 0
    endloop
  endfacet
  facet normal 0 0 -1
    outer loop
      vertex 36 -50 0
      vertex 38.3801 -48.8263 0
      vertex 38.1213 -49.1213 0
    endloop
  endfacet
  facet normal 0 0 -1
    outer loop
      vertex 38.7716 48.148 0
      vertex 36 50 0
      vertex 38.5981 48.5 0
    endloop
  endfacet
  facet normal 0 0 -1
    outer loop
      vertex 36 -50 0
      vertex 38.1213 -49.1213 0
      vertex 37.8263 -49.3801 0
    endloop
  endfacet
  facet normal 0 0 -1
    outer loop
      vertex 38.5981 48.5 0
      vertex 36 50 0
      vertex 38.3801 48.8263 0
    endloop
  endfacet
  facet normal 0 0 -1
    outer loop
      vertex 36 -50 0
      vertex 37.8263 -49.3801 0
      vertex 37.5 -49.5981 0
    endloop
  endfacet
  facet normal 0 0 -1
    outer loop
      vertex 38.3801 48.8263 0
      vertex 36 50 0
      vertex 38.1213 49.1213 0
    endloop
  endfacet
  facet normal 0 0 -1
    outer loop
      vertex 36 -50 0
      vertex 37.5 -49.5981 0
      vertex 37.148 -49.7716 0
    endloop
  endfacet
  facet normal 0 0 -1
    outer loop
      vertex 38.1213 49.1213 0
      vertex 36 50 0
      vertex 37.8263 49.3801 0
    endloop
  endfacet
  facet normal 0 0 -1
    outer loop
      vertex 36 -50 0
      vertex 37.148 -49.7716 0
      vertex 36.7765 -49.8978 0
    endloop
  endfacet
  facet normal 0 0 -1
    outer loop
      vertex 37.8263 49.3801 0
      vertex 36 50 0
      vertex 37.5 49.5981 0
    endloop
  endfacet
  facet normal 0 0 -1
    outer loop
      vertex 36 -50 0
      vertex 36.7765 -49.8978 0
      vertex 36.3916 -49.9743 0
    endloop
  endfacet
  facet normal 0 0 -1
    outer loop
      vertex 37.5 49.5981 0
      vertex 36 50 0
      vertex 37.148 49.7716 0
    endloop
  endfacet
  facet normal 0 0 -1
    outer loop
      vertex 37.148 49.7716 0
      vertex 36 50 0
      vertex 36.7765 49.8978 0
    endloop
  endfacet
  facet normal 0 0 -1
    outer loop
      vertex 36.7765 49.8978 0
      vertex 36 50 0
      vertex 36.3916 49.9743 0
    endloop
  endfacet
  facet normal 0 0 -1
    outer loop
      vertex -39 -47 0
      vertex 36 -50 0
      vertex -36 -50 0
    endloop
  endfacet
  facet normal 0 -0 -1
    outer loop
      vertex 36 50 0
      vertex 39 47 0
      vertex -39 47 0
    endloop
  endfacet
  facet normal 0 0 -1
    outer loop
      vertex -39 -47 0
      vertex -36 -50 0
      vertex -36.3916 -49.9743 0
    endloop
  endfacet
  facet normal 0 0 -1
    outer loop
      vertex 39 47 0
      vertex 36 50 0
      vertex 38.9743 47.3916 0
    endloop
  endfacet
  facet normal 0 0 -1
    outer loop
      vertex -39 -47 0
      vertex -36.3916 -49.9743 0
      vertex -36.7765 -49.8978 0
    endloop
  endfacet
  facet normal -0 0 -1
    outer loop
      vertex 36 50 0
      vertex -39 47 0
      vertex -36 50 0
    endloop
  endfacet
  facet normal 0 0 -1
    outer loop
      vertex -39 -47 0
      vertex -36.7765 -49.8978 0
      vertex -37.148 -49.7716 0
    endloop
  endfacet
  facet normal 0 0 -1
    outer loop
      vertex -36 50 0
      vertex -39 47 0
      vertex -36.3916 49.9743 0
    endloop
  endfacet
  facet normal 0 0 -1
    outer loop
      vertex -39 -47 0
      vertex -37.148 -49.7716 0
      vertex -37.5 -49.5981 0
    endloop
  endfacet
  facet normal 0 0 -1
    outer loop
      vertex -36.3916 49.9743 0
      vertex -39 47 0
      vertex -36.7765 49.8978 0
    endloop
  endfacet
  facet normal 0 0 -1
    outer loop
      vertex -39 -47 0
      vertex -37.5 -49.5981 0
      vertex -37.8263 -49.3801 0
    endloop
  endfacet
  facet normal 0 0 -1
    outer loop
      vertex -36.7765 49.8978 0
      vertex -39 47 0
      vertex -37.148 49.7716 0
    endloop
  endfacet
  facet normal 0 0 -1
    outer loop
      vertex -39 -47 0
      vertex -37.8263 -49.3801 0
      vertex -38.1213 -49.1213 0
    endloop
  endfacet
  facet normal 0 0 -1
    outer loop
      vertex -37.148 49.7716 0
      vertex -39 47 0
      vertex -37.5 49.5981 0
    endloop
  endfacet
  facet normal 0 0 -1
    outer loop
      vertex -39 -47 0
      vertex -38.1213 -49.1213 0
      vertex -38.3801 -48.8263 0
    endloop
  endfacet
  facet normal 0 0 -1
    outer loop
      vertex -37.5 49.5981 0
      vertex -39 47 0
      vertex -37.8263 49.3801 0
    endloop
  endfacet
  facet normal 0 0 -1
    outer loop
      vertex -39 -47 0
      vertex -38.3801 -48.8263 0
      vertex -38.5981 -48.5 0
    endloop
  endfacet
  facet normal 0 0 -1
    outer loop
      vertex -37.8263 49.3801 0
      vertex -39 47 0
      vertex -38.1213 49.1213 0
    endloop
  endfacet
  facet normal 0 0 -1
    outer loop
      vertex -39 -47 0
      vertex -38.5981 -48.5 0
      vertex -38.7716 -48.148 0
    endloop
  endfacet
  facet normal 0 0 -1
    outer loop
      vertex -38.1213 49.1213 0
      vertex -39 47 0
      vertex -38.3801 48.8263 0
    endloop
  endfacet
  facet normal 0 0 -1
    outer loop
      vertex -39 -47 0
      vertex -38.7716 -48.148 0
      vertex -38.8978 -47.7765 0
    endloop
  endfacet
  facet normal 0 0 -1
    outer loop
      vertex -38.3801 48.8263 0
      vertex -39 47 0
      vertex -38.5981 48.5 0
    endloop
  endfacet
  facet normal 0 0 -1
    outer loop
      vertex -39 -47 0
      vertex -38.8978 -47.7765 0
      vertex -38.9743 -47.3916 0
    endloop
  endfacet
  facet normal 0 0 -1
    outer loop
      vertex -38.5981 48.5 0
      vertex -39 47 0
      vertex -38.7716 48.148 0
    endloop
  endfacet
  facet normal 0 0 -1
    outer loop
      vertex -38.7716 48.148 0
      vertex -39 47 0
      vertex -38.8978 47.7765 0
    endloop
  endfacet
  facet normal 0 0 -1
    outer loop
      vertex -38.8978 47.7765 0
      vertex -39 47 0
      vertex -38.9743 47.3916 0
    endloop
  endfacet
  facet normal -0.0653599 0.997862 0
    outer loop
      vertex -36 50 2
      vertex -36 50 0
      vertex -36.2 49.9869 2
    endloop
  endfacet
  facet normal -0.0654873 0.997853 0
    outer loop
      vertex -36 50 5
      vertex -36.3916 49.9743 32
      vertex -36 50 32
    endloop
  endfacet
  facet normal -0.0653599 0.997862 1.85528e-06
    outer loop
      vertex -36.2 49.9869 5
      vertex -36.3916 49.9743 32
      vertex -36 50 5
    endloop
  endfacet
  facet normal -0.0656203 0.997845 0
    outer loop
      vertex -36.3916 49.9743 0
      vertex -36.2 49.9869 5
      vertex -36.2 49.9869 2
    endloop
  endfacet
  facet normal -0.0656203 0.997845 0
    outer loop
      vertex -36.2 49.9869 5
      vertex -36.3916 49.9743 0
      vertex -36.3916 49.9743 32
    endloop
  endfacet
  facet normal -0.0654873 0.997853 -1.27917e-05
    outer loop
      vertex -36.3916 49.9743 0
      vertex -36.2 49.9869 2
      vertex -36 50 0
    endloop
  endfacet
  facet normal -0.44211 0.896961 0
    outer loop
      vertex -37.148 49.7716 0
      vertex -37.5 49.5981 32
      vertex -37.148 49.7716 32
    endloop
  endfacet
  facet normal -0.44211 0.896961 0
    outer loop
      vertex -37.5 49.5981 32
      vertex -37.148 49.7716 0
      vertex -37.5 49.5981 0
    endloop
  endfacet
  facet normal 0 1 -0
    outer loop
      vertex 36 50 0
      vertex 33.5 50 2
      vertex 36 50 2
    endloop
  endfacet
  facet normal 0 1 0
    outer loop
      vertex 33.5 50 2
      vertex 36 50 0
      vertex 1.8 50 2
    endloop
  endfacet
  facet normal 0 1 0
    outer loop
      vertex 1.8 50 2
      vertex 36 50 0
      vertex 0.2 50 2
    endloop
  endfacet
  facet normal 0 1 0
    outer loop
      vertex -36 50 0
      vertex 0.2 50 2
      vertex 36 50 0
    endloop
  endfacet
  facet normal 0 1 0
    outer loop
      vertex 0.2 50 2
      vertex -36 50 0
      vertex -26.5 50 2
    endloop
  endfacet
  facet normal 0 1 0
    outer loop
      vertex -26.5 50 2
      vertex -36 50 0
      vertex -33.5 50 2
    endloop
  endfacet
  facet normal 0 1 0
    outer loop
      vertex -33.5 50 2
      vertex -36 50 0
      vertex -34.6 50 2
    endloop
  endfacet
  facet normal 0 1 0
    outer loop
      vertex -34.6 50 2
      vertex -36 50 0
      vertex -36 50 2
    endloop
  endfacet
  facet normal 0 1 -0
    outer loop
      vertex -9 50 8
      vertex -15 50 26
      vertex -9 50 26
    endloop
  endfacet
  facet normal 0 1 0
    outer loop
      vertex -15 50 26
      vertex -9 50 8
      vertex -15 50 8
    endloop
  endfacet
  facet normal 0 1 -0
    outer loop
      vertex -1 50 8
      vertex -7 50 26
      vertex -1 50 26
    endloop
  endfacet
  facet normal 0 1 0
    outer loop
      vertex -7 50 26
      vertex -1 50 8
      vertex -7 50 8
    endloop
  endfacet
  facet normal 0 1 -0
    outer loop
      vertex 7 50 8
      vertex 1 50 26
      vertex 7 50 26
    endloop
  endfacet
  facet normal 0 1 0
    outer loop
      vertex 1 50 26
      vertex 7 50 8
      vertex 1 50 8
    endloop
  endfacet
  facet normal 0 1 -0
    outer loop
      vertex 15 50 8
      vertex 9 50 26
      vertex 15 50 26
    endloop
  endfacet
  facet normal 0 1 0
    outer loop
      vertex 9 50 26
      vertex 15 50 8
      vertex 9 50 8
    endloop
  endfacet
  facet normal 0 1 0
    outer loop
      vertex 15 50 26
      vertex 33.5 50 32
      vertex 17 50 26
    endloop
  endfacet
  facet normal 0 1 0
    outer loop
      vertex 33.5 50 32
      vertex 17 50 8
      vertex 17 50 26
    endloop
  endfacet
  facet normal 0 1 0
    outer loop
      vertex 1.8 50 2
      vertex 15 50 8
      vertex 17 50 8
    endloop
  endfacet
  facet normal 0 1 0
    outer loop
      vertex 15 50 8
      vertex 1.8 50 2
      vertex 9 50 8
    endloop
  endfacet
  facet normal 0 1 0
    outer loop
      vertex 9 50 8
      vertex 1.8 50 2
      vertex 7 50 8
    endloop
  endfacet
  facet normal 0 1 0
    outer loop
      vertex 7 50 8
      vertex 1.8 50 5
      vertex 1 50 8
    endloop
  endfacet
  facet normal 0 1 0
    outer loop
      vertex 0.2 50 5
      vertex 1 50 8
      vertex 1.8 50 5
    endloop
  endfacet
  facet normal 0 1 0
    outer loop
      vertex 1 50 8
      vertex 0.2 50 5
      vertex -1 50 8
    endloop
  endfacet
  facet normal 0 1 0
    outer loop
      vertex -1 50 8
      vertex 0.2 50 5
      vertex -7 50 8
    endloop
  endfacet
  facet normal 0 1 0
    outer loop
      vertex -7 50 8
      vertex 0.2 50 2
      vertex -9 50 8
    endloop
  endfacet
  facet normal 0 1 -0
    outer loop
      vertex 0.2 50 2
      vertex -7 50 8
      vertex 0.2 50 5
    endloop
  endfacet
  facet normal 0 1 -0
    outer loop
      vertex 33.5 50 2
      vertex 17 50 8
      vertex 33.5 50 32
    endloop
  endfacet
  facet normal 0 1 0
    outer loop
      vertex 1.8 50 2
      vertex 17 50 8
      vertex 33.5 50 2
    endloop
  endfacet
  facet normal 0 1 0
    outer loop
      vertex 7 50 8
      vertex 1.8 50 2
      vertex 1.8 50 5
    endloop
  endfacet
  facet normal 0 1 0
    outer loop
      vertex 9 50 26
      vertex 33.5 50 32
      vertex 15 50 26
    endloop
  endfacet
  facet normal 0 1 0
    outer loop
      vertex 7 50 26
      vertex 33.5 50 32
      vertex 9 50 26
    endloop
  endfacet
  facet normal 0 1 0
    outer loop
      vertex 33.5 50 32
      vertex 7 50 26
      vertex -26.5 50 32
    endloop
  endfacet
  facet normal 0 1 -0
    outer loop
      vertex 1 50 26
      vertex -26.5 50 32
      vertex 7 50 26
    endloop
  endfacet
  facet normal 0 1 -0
    outer loop
      vertex -1 50 26
      vertex -26.5 50 32
      vertex 1 50 26
    endloop
  endfacet
  facet normal 0 1 -0
    outer loop
      vertex -7 50 26
      vertex -26.5 50 32
      vertex -1 50 26
    endloop
  endfacet
  facet normal 0 1 -0
    outer loop
      vertex -9 50 26
      vertex -26.5 50 32
      vertex -7 50 26
    endloop
  endfacet
  facet normal 0 1 -0
    outer loop
      vertex -15 50 26
      vertex -26.5 50 32
      vertex -9 50 26
    endloop
  endfacet
  facet normal 0 1 -0
    outer loop
      vertex -17 50 26
      vertex -26.5 50 32
      vertex -15 50 26
    endloop
  endfacet
  facet normal 0 1 -0
    outer loop
      vertex -17 50 8
      vertex -26.5 50 32
      vertex -17 50 26
    endloop
  endfacet
  facet normal 0 1 0
    outer loop
      vertex -9 50 8
      vertex 0.2 50 2
      vertex -15 50 8
    endloop
  endfacet
  facet normal 0 1 0
    outer loop
      vertex -26.5 50 2
      vertex -15 50 8
      vertex 0.2 50 2
    endloop
  endfacet
  facet normal 0 1 0
    outer loop
      vertex -17 50 8
      vertex -26.5 50 2
      vertex -26.5 50 32
    endloop
  endfacet
  facet normal 0 1 0
    outer loop
      vertex -15 50 8
      vertex -26.5 50 2
      vertex -17 50 8
    endloop
  endfacet
  facet normal 0 1 0
    outer loop
      vertex -33.5 50 32
      vertex -34.6 50 5
      vertex -36 50 32
    endloop
  endfacet
  facet normal 0 1 -0
    outer loop
      vertex -33.5 50 2
      vertex -34.6 50 5
      vertex -33.5 50 32
    endloop
  endfacet
  facet normal 0 1 0
    outer loop
      vertex -34.6 50 5
      vertex -33.5 50 2
      vertex -34.6 50 2
    endloop
  endfacet
  facet normal 0 1 0
    outer loop
      vertex -36 50 32
      vertex -34.6 50 5
      vertex -36 50 5
    endloop
  endfacet
  facet normal 0 1 -0
    outer loop
      vertex -29.5692 50 26
      vertex -30.4308 50 32
      vertex -29.5692 50 32
    endloop
  endfacet
  facet normal 0 1 0
    outer loop
      vertex -30.4308 50 32
      vertex -29.5692 50 26
      vertex -30.4308 50 26
    endloop
  endfacet
  facet normal -0.751724 -0.659478 0
    outer loop
      vertex -38.1213 -49.1213 0
      vertex -38.3801 -48.8263 32
      vertex -38.3801 -48.8263 0
    endloop
  endfacet
  facet normal -0.751724 -0.659478 0
    outer loop
      vertex -38.3801 -48.8263 32
      vertex -38.1213 -49.1213 0
      vertex -38.1213 -49.1213 32
    endloop
  endfacet
  facet normal -0.751724 0.659478 0
    outer loop
      vertex -38.3801 48.8263 0
      vertex -38.1213 49.1213 32
      vertex -38.1213 49.1213 0
    endloop
  endfacet
  facet normal -0.751724 0.659478 0
    outer loop
      vertex -38.1213 49.1213 32
      vertex -38.3801 48.8263 0
      vertex -38.3801 48.8263 32
    endloop
  endfacet
  facet normal 0 -1 0
    outer loop
      vertex -36 -50 32
      vertex -25 -50 29
      vertex 36 -50 32
    endloop
  endfacet
  facet normal 0 -1 0
    outer loop
      vertex -36 -50 32
      vertex -25 -50 8
      vertex -25 -50 29
    endloop
  endfacet
  facet normal 0 -1 -0
    outer loop
      vertex -25 -50 8
      vertex -36 -50 0
      vertex 25 -50 8
    endloop
  endfacet
  facet normal 0 -1 0
    outer loop
      vertex -36 -50 0
      vertex -25 -50 8
      vertex -36 -50 32
    endloop
  endfacet
  facet normal 0 -1 0
    outer loop
      vertex 25 -50 29
      vertex 36 -50 32
      vertex -25 -50 29
    endloop
  endfacet
  facet normal 0 -1 0
    outer loop
      vertex 25 -50 8
      vertex 36 -50 32
      vertex 25 -50 29
    endloop
  endfacet
  facet normal 0 -1 0
    outer loop
      vertex 25 -50 8
      vertex 36 -50 0
      vertex 36 -50 32
    endloop
  endfacet
  facet normal 0 -1 0
    outer loop
      vertex 36 -50 0
      vertex 25 -50 8
      vertex -36 -50 0
    endloop
  endfacet
  facet normal -0.321651 0.946858 0
    outer loop
      vertex -36.7765 49.8978 0
      vertex -37.148 49.7716 32
      vertex -36.7765 49.8978 32
    endloop
  endfacet
  facet normal -0.321651 0.946858 0
    outer loop
      vertex -37.148 49.7716 32
      vertex -36.7765 49.8978 0
      vertex -37.148 49.7716 0
    endloop
  endfacet
  facet normal -0.659478 -0.751724 0
    outer loop
      vertex -38.1213 -49.1213 0
      vertex -37.8263 -49.3801 32
      vertex -38.1213 -49.1213 32
    endloop
  endfacet
  facet normal -0.659478 -0.751724 -0
    outer loop
      vertex -37.8263 -49.3801 32
      vertex -38.1213 -49.1213 0
      vertex -37.8263 -49.3801 0
    endloop
  endfacet
  facet normal -0.44211 -0.896961 0
    outer loop
      vertex -37.5 -49.5981 0
      vertex -37.148 -49.7716 32
      vertex -37.5 -49.5981 32
    endloop
  endfacet
  facet normal -0.44211 -0.896961 -0
    outer loop
      vertex -37.148 -49.7716 32
      vertex -37.5 -49.5981 0
      vertex -37.148 -49.7716 0
    endloop
  endfacet
  facet normal -0.321651 -0.946858 0
    outer loop
      vertex -37.148 -49.7716 0
      vertex -36.7765 -49.8978 32
      vertex -37.148 -49.7716 32
    endloop
  endfacet
  facet normal -0.321651 -0.946858 -0
    outer loop
      vertex -36.7765 -49.8978 32
      vertex -37.148 -49.7716 0
      vertex -36.7765 -49.8978 0
    endloop
  endfacet
  facet normal -0.896961 0.44211 0
    outer loop
      vertex -38.7716 48.148 0
      vertex -38.5981 48.5 32
      vertex -38.5981 48.5 0
    endloop
  endfacet
  facet normal -0.896961 0.44211 0
    outer loop
      vertex -38.5981 48.5 32
      vertex -38.7716 48.148 0
      vertex -38.7716 48.148 32
    endloop
  endfacet
  facet normal -0.19494 0.980815 0
    outer loop
      vertex -36.3916 49.9743 0
      vertex -36.7765 49.8978 32
      vertex -36.3916 49.9743 32
    endloop
  endfacet
  facet normal -0.19494 0.980815 0
    outer loop
      vertex -36.7765 49.8978 32
      vertex -36.3916 49.9743 0
      vertex -36.7765 49.8978 0
    endloop
  endfacet
  facet normal -1 0 0
    outer loop
      vertex -39 47 0
      vertex -39 31.1 17
      vertex -39 47 32
    endloop
  endfacet
  facet normal -1 0 0
    outer loop
      vertex -39 47 0
      vertex -39 31.0735 16.5954
      vertex -39 31.1 17
    endloop
  endfacet
  facet normal -1 0 0
    outer loop
      vertex -39 47 0
      vertex -39 30.9944 16.1977
      vertex -39 31.0735 16.5954
    endloop
  endfacet
  facet normal -1 0 0
    outer loop
      vertex -39 47 0
      vertex -39 30.864 15.8137
      vertex -39 30.9944 16.1977
    endloop
  endfacet
  facet normal -1 0 0
    outer loop
      vertex -39 47 0
      vertex -39 30.6847 15.45
      vertex -39 30.864 15.8137
    endloop
  endfacet
  facet normal -1 0 0
    outer loop
      vertex -39 47 0
      vertex -39 30.4594 15.1128
      vertex -39 30.6847 15.45
    endloop
  endfacet
  facet normal -1 0 0
    outer loop
      vertex -39 47 0
      vertex -39 30.192 14.808
      vertex -39 30.4594 15.1128
    endloop
  endfacet
  facet normal -1 0 0
    outer loop
      vertex -39 47 0
      vertex -39 29.8872 14.5406
      vertex -39 30.192 14.808
    endloop
  endfacet
  facet normal -1 0 0
    outer loop
      vertex -39 47 0
      vertex -39 29.55 14.3153
      vertex -39 29.8872 14.5406
    endloop
  endfacet
  facet normal -1 0 0
    outer loop
      vertex -39 47 0
      vertex -39 29.1863 14.136
      vertex -39 29.55 14.3153
    endloop
  endfacet
  facet normal -1 0 0
    outer loop
      vertex -39 47 0
      vertex -39 28.8023 14.0056
      vertex -39 29.1863 14.136
    endloop
  endfacet
  facet normal -1 0 0
    outer loop
      vertex -39 47 0
      vertex -39 28.4046 13.9265
      vertex -39 28.8023 14.0056
    endloop
  endfacet
  facet normal -1 0 0
    outer loop
      vertex -39 47 0
      vertex -39 28 13.9
      vertex -39 28.4046 13.9265
    endloop
  endfacet
  facet normal -1 0 0
    outer loop
      vertex -39 47 0
      vertex -39 27.5954 13.9265
      vertex -39 28 13.9
    endloop
  endfacet
  facet normal -1 0 0
    outer loop
      vertex -39 47 0
      vertex -39 27.1977 14.0056
      vertex -39 27.5954 13.9265
    endloop
  endfacet
  facet normal -1 0 0
    outer loop
      vertex -39 9.5 14.5
      vertex -39 27.1977 14.0056
      vertex -39 47 0
    endloop
  endfacet
  facet normal -1 0 0
    outer loop
      vertex -39 27.1977 14.0056
      vertex -39 9.5 14.5
      vertex -39 26.8137 14.136
    endloop
  endfacet
  facet normal -1 0 0
    outer loop
      vertex -39 26.8137 14.136
      vertex -39 9.5 14.5
      vertex -39 26.45 14.3153
    endloop
  endfacet
  facet normal -1 -0 0
    outer loop
      vertex -39 24.9265 16.5954
      vertex -39 9.5 14.5
      vertex -39 24.9 17
    endloop
  endfacet
  facet normal -1 -0 0
    outer loop
      vertex -39 25.0056 16.1977
      vertex -39 9.5 14.5
      vertex -39 24.9265 16.5954
    endloop
  endfacet
  facet normal -1 -0 0
    outer loop
      vertex -39 25.136 15.8137
      vertex -39 9.5 14.5
      vertex -39 25.0056 16.1977
    endloop
  endfacet
  facet normal -1 -0 0
    outer loop
      vertex -39 25.3153 15.45
      vertex -39 9.5 14.5
      vertex -39 25.136 15.8137
    endloop
  endfacet
  facet normal -1 -0 0
    outer loop
      vertex -39 25.5406 15.1128
      vertex -39 9.5 14.5
      vertex -39 25.3153 15.45
    endloop
  endfacet
  facet normal -1 -0 0
    outer loop
      vertex -39 25.808 14.808
      vertex -39 9.5 14.5
      vertex -39 25.5406 15.1128
    endloop
  endfacet
  facet normal -1 -0 0
    outer loop
      vertex -39 26.1128 14.5406
      vertex -39 9.5 14.5
      vertex -39 25.808 14.808
    endloop
  endfacet
  facet normal -1 0 0
    outer loop
      vertex -39 26.45 14.3153
      vertex -39 9.5 14.5
      vertex -39 26.1128 14.5406
    endloop
  endfacet
  facet normal -1 0 0
    outer loop
      vertex -39 47 0
      vertex -39 0 14.5
      vertex -39 9.5 14.5
    endloop
  endfacet
  facet normal -1 0 0
    outer loop
      vertex -39 -47 32
      vertex -39 0 14.5
      vertex -39 -47 0
    endloop
  endfacet
  facet normal -1 0 0
    outer loop
      vertex -39 -47 0
      vertex -39 0 14.5
      vertex -39 47 0
    endloop
  endfacet
  facet normal -1 0 0
    outer loop
      vertex -39 31.0735 17.4046
      vertex -39 47 32
      vertex -39 31.1 17
    endloop
  endfacet
  facet normal -1 0 0
    outer loop
      vertex -39 30.9944 17.8023
      vertex -39 47 32
      vertex -39 31.0735 17.4046
    endloop
  endfacet
  facet normal -1 0 0
    outer loop
      vertex -39 30.864 18.1863
      vertex -39 47 32
      vertex -39 30.9944 17.8023
    endloop
  endfacet
  facet normal -1 0 0
    outer loop
      vertex -39 30.6847 18.55
      vertex -39 47 32
      vertex -39 30.864 18.1863
    endloop
  endfacet
  facet normal -1 0 0
    outer loop
      vertex -39 30.4594 18.8872
      vertex -39 47 32
      vertex -39 30.6847 18.55
    endloop
  endfacet
  facet normal -1 0 0
    outer loop
      vertex -39 30.192 19.192
      vertex -39 47 32
      vertex -39 30.4594 18.8872
    endloop
  endfacet
  facet normal -1 0 0
    outer loop
      vertex -39 29.8872 19.4594
      vertex -39 47 32
      vertex -39 30.192 19.192
    endloop
  endfacet
  facet normal -1 0 0
    outer loop
      vertex -39 29.55 19.6847
      vertex -39 47 32
      vertex -39 29.8872 19.4594
    endloop
  endfacet
  facet normal -1 0 0
    outer loop
      vertex -39 29.1863 19.864
      vertex -39 47 32
      vertex -39 29.55 19.6847
    endloop
  endfacet
  facet normal -1 0 0
    outer loop
      vertex -39 28.8023 19.9944
      vertex -39 47 32
      vertex -39 29.1863 19.864
    endloop
  endfacet
  facet normal -1 0 0
    outer loop
      vertex -39 28.4046 20.0735
      vertex -39 47 32
      vertex -39 28.8023 19.9944
    endloop
  endfacet
  facet normal -1 0 0
    outer loop
      vertex -39 28 20.1
      vertex -39 47 32
      vertex -39 28.4046 20.0735
    endloop
  endfacet
  facet normal -1 0 0
    outer loop
      vertex -39 27.5954 20.0735
      vertex -39 47 32
      vertex -39 28 20.1
    endloop
  endfacet
  facet normal -1 0 0
    outer loop
      vertex -39 27.1977 19.9944
      vertex -39 47 32
      vertex -39 27.5954 20.0735
    endloop
  endfacet
  facet normal -1 0 0
    outer loop
      vertex -39 9.5 19.5
      vertex -39 27.1977 19.9944
      vertex -39 26.8137 19.864
    endloop
  endfacet
  facet normal -1 0 0
    outer loop
      vertex -39 9.5 19.5
      vertex -39 26.8137 19.864
      vertex -39 26.45 19.6847
    endloop
  endfacet
  facet normal -1 0 0
    outer loop
      vertex -39 9.5 19.5
      vertex -39 24.9 17
      vertex -39 9.5 14.5
    endloop
  endfacet
  facet normal -1 0 0
    outer loop
      vertex -39 24.9 17
      vertex -39 9.5 19.5
      vertex -39 24.9265 17.4046
    endloop
  endfacet
  facet normal -1 0 0
    outer loop
      vertex -39 24.9265 17.4046
      vertex -39 9.5 19.5
      vertex -39 25.0056 17.8023
    endloop
  endfacet
  facet normal -1 0 0
    outer loop
      vertex -39 25.0056 17.8023
      vertex -39 9.5 19.5
      vertex -39 25.136 18.1863
    endloop
  endfacet
  facet normal -1 0 0
    outer loop
      vertex -39 25.136 18.1863
      vertex -39 9.5 19.5
      vertex -39 25.3153 18.55
    endloop
  endfacet
  facet normal -1 0 0
    outer loop
      vertex -39 25.3153 18.55
      vertex -39 9.5 19.5
      vertex -39 25.5406 18.8872
    endloop
  endfacet
  facet normal -1 0 0
    outer loop
      vertex -39 25.5406 18.8872
      vertex -39 9.5 19.5
      vertex -39 25.808 19.192
    endloop
  endfacet
  facet normal -1 0 0
    outer loop
      vertex -39 25.808 19.192
      vertex -39 9.5 19.5
      vertex -39 26.1128 19.4594
    endloop
  endfacet
  facet normal -1 0 0
    outer loop
      vertex -39 26.1128 19.4594
      vertex -39 9.5 19.5
      vertex -39 26.45 19.6847
    endloop
  endfacet
  facet normal -1 -0 0
    outer loop
      vertex -39 27.1977 19.9944
      vertex -39 9.5 19.5
      vertex -39 47 32
    endloop
  endfacet
  facet normal -1 0 0
    outer loop
      vertex -39 0 19.5
      vertex -39 47 32
      vertex -39 9.5 19.5
    endloop
  endfacet
  facet normal -1 0 0
    outer loop
      vertex -39 0 19.5
      vertex -39 -47 32
      vertex -39 47 32
    endloop
  endfacet
  facet normal -1 0 0
    outer loop
      vertex -39 0 14.5
      vertex -39 -47 32
      vertex -39 0 19.5
    endloop
  endfacet
  facet normal -0.555523 0.831501 0
    outer loop
      vertex -37.5 49.5981 0
      vertex -37.8263 49.3801 32
      vertex -37.5 49.5981 32
    endloop
  endfacet
  facet normal -0.555523 0.831501 0
    outer loop
      vertex -37.8263 49.3801 32
      vertex -37.5 49.5981 0
      vertex -37.8263 49.3801 0
    endloop
  endfacet
  facet normal 1 0 0
    outer loop
      vertex 39 -44.5 32
      vertex 39 -47 32
      vertex 39 -44.5 2
    endloop
  endfacet
  facet normal 1 0 0
    outer loop
      vertex 39 44.5 32
      vertex 39 36 8
      vertex 39 44.5 2
    endloop
  endfacet
  facet normal 1 0 0
    outer loop
      vertex 39 44.5 32
      vertex 39 26 8
      vertex 39 36 8
    endloop
  endfacet
  facet normal 1 0 0
    outer loop
      vertex 39 26 8
      vertex 39 -24 8
      vertex 39 26 4
    endloop
  endfacet
  facet normal 1 -0 0
    outer loop
      vertex 39 -37.5 32
      vertex 39 26 8
      vertex 39 44.5 32
    endloop
  endfacet
  facet normal 1 0 0
    outer loop
      vertex 39 26 8
      vertex 39 -37.5 32
      vertex 39 -24 8
    endloop
  endfacet
  facet normal 1 0 0
    outer loop
      vertex 39 -37.5 2
      vertex 39 -34 8
      vertex 39 -37.5 32
    endloop
  endfacet
  facet normal 1 0 0
    outer loop
      vertex 39 -24 8
      vertex 39 -37.5 32
      vertex 39 -34 8
    endloop
  endfacet
  facet normal 1 -0 0
    outer loop
      vertex 39 44.5 2
      vertex 39 47 0
      vertex 39 47 2
    endloop
  endfacet
  facet normal 1 -0 0
    outer loop
      vertex 39 36 4
      vertex 39 44.5 2
      vertex 39 36 8
    endloop
  endfacet
  facet normal 1 0 0
    outer loop
      vertex 39 44.5 2
      vertex 39 36 4
      vertex 39 47 0
    endloop
  endfacet
  facet normal 1 -0 0
    outer loop
      vertex 39 26 4
      vertex 39 47 0
      vertex 39 36 4
    endloop
  endfacet
  facet normal 1 0 0
    outer loop
      vertex 39 -24 4
      vertex 39 26 4
      vertex 39 -24 8
    endloop
  endfacet
  facet normal 1 0 0
    outer loop
      vertex 39 26 4
      vertex 39 -24 4
      vertex 39 47 0
    endloop
  endfacet
  facet normal 1 0 0
    outer loop
      vertex 39 -37.5 2
      vertex 39 -24 4
      vertex 39 -34 4
    endloop
  endfacet
  facet normal 1 0 0
    outer loop
      vertex 39 -34 8
      vertex 39 -37.5 2
      vertex 39 -34 4
    endloop
  endfacet
  facet normal 1 0 0
    outer loop
      vertex 39 -24 4
      vertex 39 -37.5 2
      vertex 39 47 0
    endloop
  endfacet
  facet normal 1 0 0
    outer loop
      vertex 39 -47 0
      vertex 39 -37.5 2
      vertex 39 -44.5 2
    endloop
  endfacet
  facet normal 1 0 0
    outer loop
      vertex 39 -37.5 2
      vertex 39 -47 0
      vertex 39 47 0
    endloop
  endfacet
  facet normal 1 0 0
    outer loop
      vertex 39 -47 0
      vertex 39 -44.5 2
      vertex 39 -47 32
    endloop
  endfacet
  facet normal 1 -0 0
    outer loop
      vertex 39 -41.4308 32
      vertex 39 -40.5692 26
      vertex 39 -40.5692 32
    endloop
  endfacet
  facet normal 1 0 0
    outer loop
      vertex 39 -40.5692 26
      vertex 39 -41.4308 32
      vertex 39 -41.4308 26
    endloop
  endfacet
  facet normal 0.321651 0.946858 -0
    outer loop
      vertex 37.148 49.7716 26
      vertex 36.7765 49.8978 32
      vertex 37.148 49.7716 32
    endloop
  endfacet
  facet normal 0.321651 0.946858 0
    outer loop
      vertex 36.7765 49.8978 32
      vertex 37.148 49.7716 26
      vertex 36.7765 49.8978 26
    endloop
  endfacet
  facet normal 0.321651 0.946858 -0
    outer loop
      vertex 37.148 49.7716 0
      vertex 36.7765 49.8978 2
      vertex 37.148 49.7716 2
    endloop
  endfacet
  facet normal 0.321651 0.946858 0
    outer loop
      vertex 36.7765 49.8978 2
      vertex 37.148 49.7716 0
      vertex 36.7765 49.8978 0
    endloop
  endfacet
  facet normal 0.751724 0.659478 0
    outer loop
      vertex 38.3801 48.8263 32
      vertex 38.1213 49.1213 26
      vertex 38.1213 49.1213 32
    endloop
  endfacet
  facet normal 0.751724 0.659478 0
    outer loop
      vertex 38.1213 49.1213 26
      vertex 38.3801 48.8263 32
      vertex 38.3801 48.8263 26
    endloop
  endfacet
  facet normal 0.751724 0.659478 0
    outer loop
      vertex 38.3801 48.8263 2
      vertex 38.1213 49.1213 0
      vertex 38.1213 49.1213 2
    endloop
  endfacet
  facet normal 0.751724 0.659478 0
    outer loop
      vertex 38.1213 49.1213 0
      vertex 38.3801 48.8263 2
      vertex 38.3801 48.8263 0
    endloop
  endfacet
  facet normal -0.946858 0.321651 0
    outer loop
      vertex -38.8978 47.7765 0
      vertex -38.7716 48.148 32
      vertex -38.7716 48.148 0
    endloop
  endfacet
  facet normal -0.946858 0.321651 0
    outer loop
      vertex -38.7716 48.148 32
      vertex -38.8978 47.7765 0
      vertex -38.8978 47.7765 32
    endloop
  endfacet
  facet normal 0.0654873 0.997853 -0
    outer loop
      vertex 36.3916 49.9743 0
      vertex 36 50 2
      vertex 36.3916 49.9743 2
    endloop
  endfacet
  facet normal 0.0654873 0.997853 0
    outer loop
      vertex 36 50 2
      vertex 36.3916 49.9743 0
      vertex 36 50 0
    endloop
  endfacet
  facet normal 0.980809 0.194973 0
    outer loop
      vertex 38.9667 47.4299 32
      vertex 38.8978 47.7765 26
      vertex 38.8978 47.7765 32
    endloop
  endfacet
  facet normal 0.980809 0.194973 0
    outer loop
      vertex 38.8978 47.7765 26
      vertex 38.9667 47.4299 32
      vertex 38.9667 47.4299 26
    endloop
  endfacet
  facet normal 0.980815 0.19494 0
    outer loop
      vertex 38.9743 47.3916 2
      vertex 38.8978 47.7765 0
      vertex 38.8978 47.7765 2
    endloop
  endfacet
  facet normal 0.980815 0.19494 0
    outer loop
      vertex 38.8978 47.7765 0
      vertex 38.9743 47.3916 2
      vertex 38.9743 47.3916 0
    endloop
  endfacet
  facet normal 0.0654873 -0.997853 0
    outer loop
      vertex 36 -50 0
      vertex 36.3916 -49.9743 32
      vertex 36 -50 32
    endloop
  endfacet
  facet normal 0.0654873 -0.997853 0
    outer loop
      vertex 36.3916 -49.9743 32
      vertex 36 -50 0
      vertex 36.3916 -49.9743 0
    endloop
  endfacet
  facet normal 0.997853 0.0654873 0
    outer loop
      vertex 39 47 2
      vertex 38.9743 47.3916 0
      vertex 38.9743 47.3916 2
    endloop
  endfacet
  facet normal 0.997853 0.0654873 0
    outer loop
      vertex 38.9743 47.3916 0
      vertex 39 47 2
      vertex 39 47 0
    endloop
  endfacet
  facet normal 0.997853 -0.0654873 0
    outer loop
      vertex 38.9743 -47.3916 32
      vertex 39 -47 0
      vertex 39 -47 32
    endloop
  endfacet
  facet normal 0.997853 -0.0654873 0
    outer loop
      vertex 39 -47 0
      vertex 38.9743 -47.3916 32
      vertex 38.9743 -47.3916 0
    endloop
  endfacet
  facet normal 0.946858 -0.321651 0
    outer loop
      vertex 38.7716 -48.148 32
      vertex 38.8978 -47.7765 0
      vertex 38.8978 -47.7765 32
    endloop
  endfacet
  facet normal 0.946858 -0.321651 0
    outer loop
      vertex 38.8978 -47.7765 0
      vertex 38.7716 -48.148 32
      vertex 38.7716 -48.148 0
    endloop
  endfacet
  facet normal 0.555523 -0.831501 0
    outer loop
      vertex 37.5 -49.5981 0
      vertex 37.8263 -49.3801 32
      vertex 37.5 -49.5981 32
    endloop
  endfacet
  facet normal 0.555523 -0.831501 0
    outer loop
      vertex 37.8263 -49.3801 32
      vertex 37.5 -49.5981 0
      vertex 37.8263 -49.3801 0
    endloop
  endfacet
  facet normal -0.831501 0.555523 0
    outer loop
      vertex -38.5981 48.5 0
      vertex -38.3801 48.8263 32
      vertex -38.3801 48.8263 0
    endloop
  endfacet
  facet normal -0.831501 0.555523 0
    outer loop
      vertex -38.3801 48.8263 32
      vertex -38.5981 48.5 0
      vertex -38.5981 48.5 32
    endloop
  endfacet
  facet normal 0.19494 -0.980815 0
    outer loop
      vertex 36.3916 -49.9743 0
      vertex 36.7765 -49.8978 32
      vertex 36.3916 -49.9743 32
    endloop
  endfacet
  facet normal 0.19494 -0.980815 0
    outer loop
      vertex 36.7765 -49.8978 32
      vertex 36.3916 -49.9743 0
      vertex 36.7765 -49.8978 0
    endloop
  endfacet
  facet normal 0.555523 0.831501 -0
    outer loop
      vertex 37.8263 49.3801 0
      vertex 37.5 49.5981 2
      vertex 37.8263 49.3801 2
    endloop
  endfacet
  facet normal 0.555523 0.831501 0
    outer loop
      vertex 37.5 49.5981 2
      vertex 37.8263 49.3801 0
      vertex 37.5 49.5981 0
    endloop
  endfacet
  facet normal 0.555523 0.831501 -0
    outer loop
      vertex 37.8263 49.3801 26
      vertex 37.5 49.5981 32
      vertex 37.8263 49.3801 32
    endloop
  endfacet
  facet normal 0.555523 0.831501 0
    outer loop
      vertex 37.5 49.5981 32
      vertex 37.8263 49.3801 26
      vertex 37.5 49.5981 26
    endloop
  endfacet
  facet normal 0.659478 0.751724 -0
    outer loop
      vertex 38.1213 49.1213 0
      vertex 37.8263 49.3801 2
      vertex 38.1213 49.1213 2
    endloop
  endfacet
  facet normal 0.659478 0.751724 0
    outer loop
      vertex 37.8263 49.3801 2
      vertex 38.1213 49.1213 0
      vertex 37.8263 49.3801 0
    endloop
  endfacet
  facet normal 0.659478 0.751724 -0
    outer loop
      vertex 38.1213 49.1213 26
      vertex 37.8263 49.3801 32
      vertex 38.1213 49.1213 32
    endloop
  endfacet
  facet normal 0.659478 0.751724 0
    outer loop
      vertex 37.8263 49.3801 32
      vertex 38.1213 49.1213 26
      vertex 37.8263 49.3801 26
    endloop
  endfacet
  facet normal -0.659478 0.751724 0
    outer loop
      vertex -37.8263 49.3801 0
      vertex -38.1213 49.1213 32
      vertex -37.8263 49.3801 32
    endloop
  endfacet
  facet normal -0.659478 0.751724 0
    outer loop
      vertex -38.1213 49.1213 32
      vertex -37.8263 49.3801 0
      vertex -38.1213 49.1213 0
    endloop
  endfacet
  facet normal 0.659478 -0.751724 0
    outer loop
      vertex 37.8263 -49.3801 0
      vertex 38.1213 -49.1213 32
      vertex 37.8263 -49.3801 32
    endloop
  endfacet
  facet normal 0.659478 -0.751724 0
    outer loop
      vertex 38.1213 -49.1213 32
      vertex 37.8263 -49.3801 0
      vertex 38.1213 -49.1213 0
    endloop
  endfacet
  facet normal 0.321651 -0.946858 0
    outer loop
      vertex 36.7765 -49.8978 0
      vertex 37.148 -49.7716 32
      vertex 36.7765 -49.8978 32
    endloop
  endfacet
  facet normal 0.321651 -0.946858 0
    outer loop
      vertex 37.148 -49.7716 32
      vertex 36.7765 -49.8978 0
      vertex 37.148 -49.7716 0
    endloop
  endfacet
  facet normal -0.997853 -0.0654873 0
    outer loop
      vertex -38.9743 -47.3916 0
      vertex -39 -47 32
      vertex -39 -47 0
    endloop
  endfacet
  facet normal -0.997853 -0.0654873 0
    outer loop
      vertex -39 -47 32
      vertex -38.9743 -47.3916 0
      vertex -38.9743 -47.3916 32
    endloop
  endfacet
  facet normal 0.44211 0.896961 -0
    outer loop
      vertex 37.5 49.5981 26
      vertex 37.148 49.7716 32
      vertex 37.5 49.5981 32
    endloop
  endfacet
  facet normal 0.44211 0.896961 0
    outer loop
      vertex 37.148 49.7716 32
      vertex 37.5 49.5981 26
      vertex 37.148 49.7716 26
    endloop
  endfacet
  facet normal 0.44211 0.896961 -0
    outer loop
      vertex 37.5 49.5981 0
      vertex 37.148 49.7716 2
      vertex 37.5 49.5981 2
    endloop
  endfacet
  facet normal 0.44211 0.896961 0
    outer loop
      vertex 37.148 49.7716 2
      vertex 37.5 49.5981 0
      vertex 37.148 49.7716 0
    endloop
  endfacet
  facet normal 0.19494 0.980815 -0
    outer loop
      vertex 36.7765 49.8978 0
      vertex 36.3916 49.9743 2
      vertex 36.7765 49.8978 2
    endloop
  endfacet
  facet normal 0.19494 0.980815 0
    outer loop
      vertex 36.3916 49.9743 2
      vertex 36.7765 49.8978 0
      vertex 36.3916 49.9743 0
    endloop
  endfacet
  facet normal 0.194973 0.980809 -0
    outer loop
      vertex 36.7765 49.8978 26
      vertex 36.4299 49.9667 32
      vertex 36.7765 49.8978 32
    endloop
  endfacet
  facet normal 0.194973 0.980809 0
    outer loop
      vertex 36.4299 49.9667 32
      vertex 36.7765 49.8978 26
      vertex 36.4299 49.9667 26
    endloop
  endfacet
  facet normal -0.980815 0.19494 0
    outer loop
      vertex -38.9743 47.3916 0
      vertex -38.8978 47.7765 32
      vertex -38.8978 47.7765 0
    endloop
  endfacet
  facet normal -0.980815 0.19494 0
    outer loop
      vertex -38.8978 47.7765 32
      vertex -38.9743 47.3916 0
      vertex -38.9743 47.3916 32
    endloop
  endfacet
  facet normal -0.831501 -0.555523 0
    outer loop
      vertex -38.3801 -48.8263 0
      vertex -38.5981 -48.5 32
      vertex -38.5981 -48.5 0
    endloop
  endfacet
  facet normal -0.831501 -0.555523 0
    outer loop
      vertex -38.5981 -48.5 32
      vertex -38.3801 -48.8263 0
      vertex -38.3801 -48.8263 32
    endloop
  endfacet
  facet normal -0.555523 -0.831501 0
    outer loop
      vertex -37.8263 -49.3801 0
      vertex -37.5 -49.5981 32
      vertex -37.8263 -49.3801 32
    endloop
  endfacet
  facet normal -0.555523 -0.831501 -0
    outer loop
      vertex -37.5 -49.5981 32
      vertex -37.8263 -49.3801 0
      vertex -37.5 -49.5981 0
    endloop
  endfacet
  facet normal -0.896961 -0.44211 0
    outer loop
      vertex -38.5981 -48.5 0
      vertex -38.7716 -48.148 32
      vertex -38.7716 -48.148 0
    endloop
  endfacet
  facet normal -0.896961 -0.44211 0
    outer loop
      vertex -38.7716 -48.148 32
      vertex -38.5981 -48.5 0
      vertex -38.5981 -48.5 32
    endloop
  endfacet
  facet normal 0.946858 0.321651 0
    outer loop
      vertex 38.8978 47.7765 32
      vertex 38.7716 48.148 26
      vertex 38.7716 48.148 32
    endloop
  endfacet
  facet normal 0.946858 0.321651 0
    outer loop
      vertex 38.7716 48.148 26
      vertex 38.8978 47.7765 32
      vertex 38.8978 47.7765 26
    endloop
  endfacet
  facet normal 0.946858 0.321651 0
    outer loop
      vertex 38.8978 47.7765 2
      vertex 38.7716 48.148 0
      vertex 38.7716 48.148 2
    endloop
  endfacet
  facet normal 0.946858 0.321651 0
    outer loop
      vertex 38.7716 48.148 0
      vertex 38.8978 47.7765 2
      vertex 38.8978 47.7765 0
    endloop
  endfacet
  facet normal -0.0654873 -0.997853 0
    outer loop
      vertex -36.3916 -49.9743 0
      vertex -36 -50 32
      vertex -36.3916 -49.9743 32
    endloop
  endfacet
  facet normal -0.0654873 -0.997853 -0
    outer loop
      vertex -36 -50 32
      vertex -36.3916 -49.9743 0
      vertex -36 -50 0
    endloop
  endfacet
  facet normal 0.896961 0.44211 0
    outer loop
      vertex 38.7716 48.148 32
      vertex 38.5981 48.5 26
      vertex 38.5981 48.5 32
    endloop
  endfacet
  facet normal 0.896961 0.44211 0
    outer loop
      vertex 38.5981 48.5 26
      vertex 38.7716 48.148 32
      vertex 38.7716 48.148 26
    endloop
  endfacet
  facet normal 0.896961 0.44211 0
    outer loop
      vertex 38.7716 48.148 2
      vertex 38.5981 48.5 0
      vertex 38.5981 48.5 2
    endloop
  endfacet
  facet normal 0.896961 0.44211 0
    outer loop
      vertex 38.5981 48.5 0
      vertex 38.7716 48.148 2
      vertex 38.7716 48.148 0
    endloop
  endfacet
  facet normal 0.831501 0.555523 0
    outer loop
      vertex 38.5981 48.5 32
      vertex 38.3801 48.8263 26
      vertex 38.3801 48.8263 32
    endloop
  endfacet
  facet normal 0.831501 0.555523 0
    outer loop
      vertex 38.3801 48.8263 26
      vertex 38.5981 48.5 32
      vertex 38.5981 48.5 26
    endloop
  endfacet
  facet normal 0.831501 0.555523 0
    outer loop
      vertex 38.5981 48.5 2
      vertex 38.3801 48.8263 0
      vertex 38.3801 48.8263 2
    endloop
  endfacet
  facet normal 0.831501 0.555523 0
    outer loop
      vertex 38.3801 48.8263 0
      vertex 38.5981 48.5 2
      vertex 38.5981 48.5 0
    endloop
  endfacet
  facet normal 0.44211 -0.896961 0
    outer loop
      vertex 37.148 -49.7716 0
      vertex 37.5 -49.5981 32
      vertex 37.148 -49.7716 32
    endloop
  endfacet
  facet normal 0.44211 -0.896961 0
    outer loop
      vertex 37.5 -49.5981 32
      vertex 37.148 -49.7716 0
      vertex 37.5 -49.5981 0
    endloop
  endfacet
  facet normal -0.946858 -0.321651 0
    outer loop
      vertex -38.7716 -48.148 0
      vertex -38.8978 -47.7765 32
      vertex -38.8978 -47.7765 0
    endloop
  endfacet
  facet normal -0.946858 -0.321651 0
    outer loop
      vertex -38.8978 -47.7765 32
      vertex -38.7716 -48.148 0
      vertex -38.7716 -48.148 32
    endloop
  endfacet
  facet normal 0.751724 -0.659478 0
    outer loop
      vertex 38.1213 -49.1213 32
      vertex 38.3801 -48.8263 0
      vertex 38.3801 -48.8263 32
    endloop
  endfacet
  facet normal 0.751724 -0.659478 0
    outer loop
      vertex 38.3801 -48.8263 0
      vertex 38.1213 -49.1213 32
      vertex 38.1213 -49.1213 0
    endloop
  endfacet
  facet normal -0.980815 -0.19494 0
    outer loop
      vertex -38.8978 -47.7765 0
      vertex -38.9743 -47.3916 32
      vertex -38.9743 -47.3916 0
    endloop
  endfacet
  facet normal -0.980815 -0.19494 0
    outer loop
      vertex -38.9743 -47.3916 32
      vertex -38.8978 -47.7765 0
      vertex -38.8978 -47.7765 32
    endloop
  endfacet
  facet normal 0.831501 -0.555523 0
    outer loop
      vertex 38.3801 -48.8263 32
      vertex 38.5981 -48.5 0
      vertex 38.5981 -48.5 32
    endloop
  endfacet
  facet normal 0.831501 -0.555523 0
    outer loop
      vertex 38.5981 -48.5 0
      vertex 38.3801 -48.8263 32
      vertex 38.3801 -48.8263 0
    endloop
  endfacet
  facet normal -0.19494 -0.980815 0
    outer loop
      vertex -36.7765 -49.8978 0
      vertex -36.3916 -49.9743 32
      vertex -36.7765 -49.8978 32
    endloop
  endfacet
  facet normal -0.19494 -0.980815 -0
    outer loop
      vertex -36.3916 -49.9743 32
      vertex -36.7765 -49.8978 0
      vertex -36.3916 -49.9743 0
    endloop
  endfacet
  facet normal -0.997853 0.0654873 0
    outer loop
      vertex -39 47 0
      vertex -38.9743 47.3916 32
      vertex -38.9743 47.3916 0
    endloop
  endfacet
  facet normal -0.997853 0.0654873 0
    outer loop
      vertex -38.9743 47.3916 32
      vertex -39 47 0
      vertex -39 47 32
    endloop
  endfacet
  facet normal 0.896961 -0.44211 0
    outer loop
      vertex 38.5981 -48.5 32
      vertex 38.7716 -48.148 0
      vertex 38.7716 -48.148 32
    endloop
  endfacet
  facet normal 0.896961 -0.44211 0
    outer loop
      vertex 38.7716 -48.148 0
      vertex 38.5981 -48.5 32
      vertex 38.5981 -48.5 0
    endloop
  endfacet
  facet normal -0 0 1
    outer loop
      vertex -36 50 32
      vertex -33.5 48 32
      vertex -33.5 50 32
    endloop
  endfacet
  facet normal 0 0 1
    outer loop
      vertex -36 50 32
      vertex -36 48 32
      vertex -33.5 48 32
    endloop
  endfacet
  facet normal 0 0 1
    outer loop
      vertex -36 50 32
      vertex -36.1305 47.9914 32
      vertex -36 48 32
    endloop
  endfacet
  facet normal -0 0 1
    outer loop
      vertex -36.3916 49.9743 32
      vertex -36.1305 47.9914 32
      vertex -36 50 32
    endloop
  endfacet
  facet normal 0 0 1
    outer loop
      vertex -36.1305 47.9914 32
      vertex -36.3916 49.9743 32
      vertex -36.2588 47.9659 32
    endloop
  endfacet
  facet normal -0 0 1
    outer loop
      vertex -36.7765 49.8978 32
      vertex -36.2588 47.9659 32
      vertex -36.3916 49.9743 32
    endloop
  endfacet
  facet normal 0 0 1
    outer loop
      vertex -36.2588 47.9659 32
      vertex -36.7765 49.8978 32
      vertex -36.3827 47.9239 32
    endloop
  endfacet
  facet normal -0 0 1
    outer loop
      vertex -37.148 49.7716 32
      vertex -36.3827 47.9239 32
      vertex -36.7765 49.8978 32
    endloop
  endfacet
  facet normal 0 0 1
    outer loop
      vertex -36.3827 47.9239 32
      vertex -37.148 49.7716 32
      vertex -36.5 47.866 32
    endloop
  endfacet
  facet normal -0 0 1
    outer loop
      vertex -37.5 49.5981 32
      vertex -36.5 47.866 32
      vertex -37.148 49.7716 32
    endloop
  endfacet
  facet normal 0 0 1
    outer loop
      vertex -36.5 47.866 32
      vertex -37.5 49.5981 32
      vertex -36.6088 47.7934 32
    endloop
  endfacet
  facet normal -0 0 1
    outer loop
      vertex -37.8263 49.3801 32
      vertex -36.6088 47.7934 32
      vertex -37.5 49.5981 32
    endloop
  endfacet
  facet normal 0 0 1
    outer loop
      vertex -36.6088 47.7934 32
      vertex -37.8263 49.3801 32
      vertex -36.7071 47.7071 32
    endloop
  endfacet
  facet normal -0 0 1
    outer loop
      vertex -38.1213 49.1213 32
      vertex -36.7071 47.7071 32
      vertex -37.8263 49.3801 32
    endloop
  endfacet
  facet normal 0 0 1
    outer loop
      vertex -36.7071 47.7071 32
      vertex -38.1213 49.1213 32
      vertex -36.7934 47.6088 32
    endloop
  endfacet
  facet normal -0 0 1
    outer loop
      vertex -38.5981 48.5 32
      vertex -36.866 47.5 32
      vertex -38.3801 48.8263 32
    endloop
  endfacet
  facet normal 0 0 1
    outer loop
      vertex -36.7934 47.6088 32
      vertex -38.3801 48.8263 32
      vertex -36.866 47.5 32
    endloop
  endfacet
  facet normal -0 0 1
    outer loop
      vertex -38.3801 48.8263 32
      vertex -36.7934 47.6088 32
      vertex -38.1213 49.1213 32
    endloop
  endfacet
  facet normal 0 0 1
    outer loop
      vertex -29.5692 50 32
      vertex -26.5 50 32
      vertex -26.5 51.5 32
    endloop
  endfacet
  facet normal 0 0 1
    outer loop
      vertex -26.5 50 32
      vertex -27.95 48 32
      vertex -26.5 48 32
    endloop
  endfacet
  facet normal 0 0 1
    outer loop
      vertex -27.9675 47.7324 32
      vertex -26.5 48 32
      vertex -27.95 48 32
    endloop
  endfacet
  facet normal 0 0 1
    outer loop
      vertex -26.5 50 32
      vertex -29.5692 50 32
      vertex -27.95 48 32
    endloop
  endfacet
  facet normal 0 0 1
    outer loop
      vertex -26.5 51.5 32
      vertex -29.7324 50.0325 32
      vertex -29.5692 50 32
    endloop
  endfacet
  facet normal 0 0 1
    outer loop
      vertex -26.5 51.5 32
      vertex -30 50.05 32
      vertex -29.7324 50.0325 32
    endloop
  endfacet
  facet normal -0 0 1
    outer loop
      vertex -33.5 51.5 32
      vertex -30 50.05 32
      vertex -26.5 51.5 32
    endloop
  endfacet
  facet normal 0 0 1
    outer loop
      vertex -30 50.05 32
      vertex -33.5 51.5 32
      vertex -30.2676 50.0325 32
    endloop
  endfacet
  facet normal 0 0 1
    outer loop
      vertex -33.5 50 32
      vertex -30.4308 50 32
      vertex -33.5 51.5 32
    endloop
  endfacet
  facet normal 0 0 1
    outer loop
      vertex -30.2676 50.0325 32
      vertex -33.5 51.5 32
      vertex -30.4308 50 32
    endloop
  endfacet
  facet normal -0 0 1
    outer loop
      vertex -26.5 50 32
      vertex 33.5 48 32
      vertex 33.5 50 32
    endloop
  endfacet
  facet normal 0 0 1
    outer loop
      vertex 33.5 48 32
      vertex -26.5 50 32
      vertex -26.5 48 32
    endloop
  endfacet
  facet normal 0 0 1
    outer loop
      vertex -28.0199 47.4694 32
      vertex -26.5 48 32
      vertex -27.9675 47.7324 32
    endloop
  endfacet
  facet normal 0 0 1
    outer loop
      vertex -28.106 47.2155 32
      vertex -26.5 48 32
      vertex -28.0199 47.4694 32
    endloop
  endfacet
  facet normal 0 0 1
    outer loop
      vertex -28.2246 46.975 32
      vertex -26.5 48 32
      vertex -28.106 47.2155 32
    endloop
  endfacet
  facet normal 0 0 1
    outer loop
      vertex -26.5 48 32
      vertex -28.2246 46.975 32
      vertex -26.5 44.5 32
    endloop
  endfacet
  facet normal -0 0 1
    outer loop
      vertex -28.3736 46.752 32
      vertex -26.5 44.5 32
      vertex -28.2246 46.975 32
    endloop
  endfacet
  facet normal -0 0 1
    outer loop
      vertex -28.5504 46.5504 32
      vertex -26.5 44.5 32
      vertex -28.3736 46.752 32
    endloop
  endfacet
  facet normal -0 0 1
    outer loop
      vertex -28.752 46.3736 32
      vertex -26.5 44.5 32
      vertex -28.5504 46.5504 32
    endloop
  endfacet
  facet normal -0 0 1
    outer loop
      vertex -28.975 46.2246 32
      vertex -26.5 44.5 32
      vertex -28.752 46.3736 32
    endloop
  endfacet
  facet normal -0 0 1
    outer loop
      vertex -29.2155 46.106 32
      vertex -26.5 44.5 32
      vertex -28.975 46.2246 32
    endloop
  endfacet
  facet normal -0 0 1
    outer loop
      vertex -29.4694 46.0199 32
      vertex -26.5 44.5 32
      vertex -29.2155 46.106 32
    endloop
  endfacet
  facet normal -0 0 1
    outer loop
      vertex -29.7324 45.9675 32
      vertex -26.5 44.5 32
      vertex -29.4694 46.0199 32
    endloop
  endfacet
  facet normal -0 0 1
    outer loop
      vertex -30 45.95 32
      vertex -26.5 44.5 32
      vertex -29.7324 45.9675 32
    endloop
  endfacet
  facet normal 0 0 1
    outer loop
      vertex -33.5 44.5 32
      vertex -30 45.95 32
      vertex -30.2676 45.9675 32
    endloop
  endfacet
  facet normal 0 0 1
    outer loop
      vertex -33.5 44.5 32
      vertex -30.2676 45.9675 32
      vertex -30.5306 46.0199 32
    endloop
  endfacet
  facet normal 0 0 1
    outer loop
      vertex -33.5 44.5 32
      vertex -30.5306 46.0199 32
      vertex -30.7845 46.106 32
    endloop
  endfacet
  facet normal 0 0 1
    outer loop
      vertex -30.4308 50 32
      vertex -33.5 50 32
      vertex -32.05 48 32
    endloop
  endfacet
  facet normal 0 0 1
    outer loop
      vertex -33.5 48 32
      vertex -32.05 48 32
      vertex -33.5 50 32
    endloop
  endfacet
  facet normal 0 0 1
    outer loop
      vertex -32.05 48 32
      vertex -33.5 48 32
      vertex -32.0325 47.7324 32
    endloop
  endfacet
  facet normal 0 0 1
    outer loop
      vertex -32.0325 47.7324 32
      vertex -33.5 48 32
      vertex -31.9801 47.4694 32
    endloop
  endfacet
  facet normal 0 0 1
    outer loop
      vertex -31.9801 47.4694 32
      vertex -33.5 48 32
      vertex -31.894 47.2155 32
    endloop
  endfacet
  facet normal 0 0 1
    outer loop
      vertex -31.894 47.2155 32
      vertex -33.5 48 32
      vertex -31.7754 46.975 32
    endloop
  endfacet
  facet normal 0 0 1
    outer loop
      vertex -33.5 44.5 32
      vertex -31.7754 46.975 32
      vertex -33.5 48 32
    endloop
  endfacet
  facet normal 0 0 1
    outer loop
      vertex -31.7754 46.975 32
      vertex -33.5 44.5 32
      vertex -31.6264 46.752 32
    endloop
  endfacet
  facet normal 0 0 1
    outer loop
      vertex -31.6264 46.752 32
      vertex -33.5 44.5 32
      vertex -31.4496 46.5504 32
    endloop
  endfacet
  facet normal 0 0 1
    outer loop
      vertex -30 45.95 32
      vertex -33.5 44.5 32
      vertex -26.5 44.5 32
    endloop
  endfacet
  facet normal 0 0 1
    outer loop
      vertex -31.025 46.2246 32
      vertex -33.5 44.5 32
      vertex -30.7845 46.106 32
    endloop
  endfacet
  facet normal 0 0 1
    outer loop
      vertex -31.248 46.3736 32
      vertex -33.5 44.5 32
      vertex -31.025 46.2246 32
    endloop
  endfacet
  facet normal 0 0 1
    outer loop
      vertex -31.4496 46.5504 32
      vertex -33.5 44.5 32
      vertex -31.248 46.3736 32
    endloop
  endfacet
  facet normal -0 0 1
    outer loop
      vertex -30.4308 50 32
      vertex -27.95 48 32
      vertex -29.5692 50 32
    endloop
  endfacet
  facet normal 0 0 1
    outer loop
      vertex -27.95 48 32
      vertex -30.4308 50 32
      vertex -32.05 48 32
    endloop
  endfacet
  facet normal 0 0 1
    outer loop
      vertex 36.7324 -43.0325 32
      vertex 37 -44.5 32
      vertex 37 -43.05 32
    endloop
  endfacet
  facet normal 0 0 1
    outer loop
      vertex 36.4694 -42.9801 32
      vertex 37 -44.5 32
      vertex 36.7324 -43.0325 32
    endloop
  endfacet
  facet normal 0 0 1
    outer loop
      vertex 36.2155 -42.894 32
      vertex 37 -44.5 32
      vertex 36.4694 -42.9801 32
    endloop
  endfacet
  facet normal 0 0 1
    outer loop
      vertex 35.975 -42.7754 32
      vertex 37 -44.5 32
      vertex 36.2155 -42.894 32
    endloop
  endfacet
  facet normal 0 0 1
    outer loop
      vertex 33.5 -44.5 32
      vertex 35.975 -42.7754 32
      vertex 35.752 -42.6264 32
    endloop
  endfacet
  facet normal 0 0 1
    outer loop
      vertex 33.5 -44.5 32
      vertex 35.752 -42.6264 32
      vertex 35.5504 -42.4496 32
    endloop
  endfacet
  facet normal 0 0 1
    outer loop
      vertex 33.5 -44.5 32
      vertex 35.5504 -42.4496 32
      vertex 35.3736 -42.248 32
    endloop
  endfacet
  facet normal 0 0 1
    outer loop
      vertex 33.5 -44.5 32
      vertex 34.95 -41 32
      vertex 33.5 -37.5 32
    endloop
  endfacet
  facet normal 0 0 1
    outer loop
      vertex 34.95 -41 32
      vertex 33.5 -44.5 32
      vertex 34.9675 -41.2676 32
    endloop
  endfacet
  facet normal 0 0 1
    outer loop
      vertex 34.9675 -41.2676 32
      vertex 33.5 -44.5 32
      vertex 35.0199 -41.5306 32
    endloop
  endfacet
  facet normal 0 0 1
    outer loop
      vertex 35.975 -42.7754 32
      vertex 33.5 -44.5 32
      vertex 37 -44.5 32
    endloop
  endfacet
  facet normal 0 0 1
    outer loop
      vertex 35.2246 -42.025 32
      vertex 33.5 -44.5 32
      vertex 35.3736 -42.248 32
    endloop
  endfacet
  facet normal 0 0 1
    outer loop
      vertex 35.106 -41.7845 32
      vertex 33.5 -44.5 32
      vertex 35.2246 -42.025 32
    endloop
  endfacet
  facet normal 0 0 1
    outer loop
      vertex 35.0199 -41.5306 32
      vertex 33.5 -44.5 32
      vertex 35.106 -41.7845 32
    endloop
  endfacet
  facet normal 0 0 1
    outer loop
      vertex 37 -37.5 32
      vertex 36.7324 -38.9675 32
      vertex 37 -38.95 32
    endloop
  endfacet
  facet normal 0 0 1
    outer loop
      vertex 37 -37.5 32
      vertex 36.4694 -39.0199 32
      vertex 36.7324 -38.9675 32
    endloop
  endfacet
  facet normal 0 0 1
    outer loop
      vertex 37 -37.5 32
      vertex 36.2155 -39.106 32
      vertex 36.4694 -39.0199 32
    endloop
  endfacet
  facet normal 0 0 1
    outer loop
      vertex 37 -37.5 32
      vertex 35.975 -39.2246 32
      vertex 36.2155 -39.106 32
    endloop
  endfacet
  facet normal -0 0 1
    outer loop
      vertex 33.5 -37.5 32
      vertex 35.975 -39.2246 32
      vertex 37 -37.5 32
    endloop
  endfacet
  facet normal 0 0 1
    outer loop
      vertex 35.975 -39.2246 32
      vertex 33.5 -37.5 32
      vertex 35.752 -39.3736 32
    endloop
  endfacet
  facet normal 0 0 1
    outer loop
      vertex 35.752 -39.3736 32
      vertex 33.5 -37.5 32
      vertex 35.5504 -39.5504 32
    endloop
  endfacet
  facet normal 0 0 1
    outer loop
      vertex 34.9675 -40.7324 32
      vertex 33.5 -37.5 32
      vertex 34.95 -41 32
    endloop
  endfacet
  facet normal 0 0 1
    outer loop
      vertex 35.0199 -40.4694 32
      vertex 33.5 -37.5 32
      vertex 34.9675 -40.7324 32
    endloop
  endfacet
  facet normal 0 0 1
    outer loop
      vertex 35.106 -40.2155 32
      vertex 33.5 -37.5 32
      vertex 35.0199 -40.4694 32
    endloop
  endfacet
  facet normal 0 0 1
    outer loop
      vertex 35.2246 -39.975 32
      vertex 33.5 -37.5 32
      vertex 35.106 -40.2155 32
    endloop
  endfacet
  facet normal 0 0 1
    outer loop
      vertex 35.3736 -39.752 32
      vertex 33.5 -37.5 32
      vertex 35.2246 -39.975 32
    endloop
  endfacet
  facet normal 0 0 1
    outer loop
      vertex 35.5504 -39.5504 32
      vertex 33.5 -37.5 32
      vertex 35.3736 -39.752 32
    endloop
  endfacet
  facet normal 0 0 1
    outer loop
      vertex 36.7324 45.9675 32
      vertex 37 44.5 32
      vertex 37 45.95 32
    endloop
  endfacet
  facet normal 0 0 1
    outer loop
      vertex 36.4694 46.0199 32
      vertex 37 44.5 32
      vertex 36.7324 45.9675 32
    endloop
  endfacet
  facet normal 0 0 1
    outer loop
      vertex 36.2155 46.106 32
      vertex 37 44.5 32
      vertex 36.4694 46.0199 32
    endloop
  endfacet
  facet normal 0 0 1
    outer loop
      vertex 35.975 46.2246 32
      vertex 37 44.5 32
      vertex 36.2155 46.106 32
    endloop
  endfacet
  facet normal 0 0 1
    outer loop
      vertex 33.5 44.5 32
      vertex 35.975 46.2246 32
      vertex 35.752 46.3736 32
    endloop
  endfacet
  facet normal 0 0 1
    outer loop
      vertex 33.5 44.5 32
      vertex 35.752 46.3736 32
      vertex 35.5504 46.5504 32
    endloop
  endfacet
  facet normal 0 0 1
    outer loop
      vertex 33.5 44.5 32
      vertex 35.5504 46.5504 32
      vertex 35.3736 46.752 32
    endloop
  endfacet
  facet normal 0 0 1
    outer loop
      vertex 36.4299 49.9667 32
      vertex 33.5 50 32
      vertex 34.95 48 32
    endloop
  endfacet
  facet normal 0 0 1
    outer loop
      vertex 33.5 48 32
      vertex 34.95 48 32
      vertex 33.5 50 32
    endloop
  endfacet
  facet normal 0 0 1
    outer loop
      vertex 34.95 48 32
      vertex 33.5 48 32
      vertex 34.9675 47.7324 32
    endloop
  endfacet
  facet normal 0 0 1
    outer loop
      vertex 34.9675 47.7324 32
      vertex 33.5 48 32
      vertex 35.0199 47.4694 32
    endloop
  endfacet
  facet normal 0 0 1
    outer loop
      vertex 35.0199 47.4694 32
      vertex 33.5 48 32
      vertex 35.106 47.2155 32
    endloop
  endfacet
  facet normal 0 0 1
    outer loop
      vertex 35.106 47.2155 32
      vertex 33.5 48 32
      vertex 35.2246 46.975 32
    endloop
  endfacet
  facet normal 0 0 1
    outer loop
      vertex 33.5 44.5 32
      vertex 35.2246 46.975 32
      vertex 33.5 48 32
    endloop
  endfacet
  facet normal 0 0 1
    outer loop
      vertex 35.2246 46.975 32
      vertex 33.5 44.5 32
      vertex 35.3736 46.752 32
    endloop
  endfacet
  facet normal 0 0 1
    outer loop
      vertex 35.975 46.2246 32
      vertex 33.5 44.5 32
      vertex 37 44.5 32
    endloop
  endfacet
  facet normal 0 0 1
    outer loop
      vertex 40.5 51.5 32
      vertex 39.05 48 32
      vertex 40.5 44.5 32
    endloop
  endfacet
  facet normal 0 0 1
    outer loop
      vertex 40.5 51.5 32
      vertex 39.0325 48.2676 32
      vertex 39.05 48 32
    endloop
  endfacet
  facet normal 0 0 1
    outer loop
      vertex 40.5 51.5 32
      vertex 38.9801 48.5306 32
      vertex 39.0325 48.2676 32
    endloop
  endfacet
  facet normal 0 0 1
    outer loop
      vertex 40.5 51.5 32
      vertex 38.894 48.7845 32
      vertex 38.9801 48.5306 32
    endloop
  endfacet
  facet normal 0 0 1
    outer loop
      vertex 40.5 51.5 32
      vertex 38.7754 49.025 32
      vertex 38.894 48.7845 32
    endloop
  endfacet
  facet normal 0 0 1
    outer loop
      vertex 40.5 51.5 32
      vertex 38.6264 49.248 32
      vertex 38.7754 49.025 32
    endloop
  endfacet
  facet normal 0 0 1
    outer loop
      vertex 40.5 51.5 32
      vertex 38.4496 49.4496 32
      vertex 38.6264 49.248 32
    endloop
  endfacet
  facet normal 0 0 1
    outer loop
      vertex 40.5 51.5 32
      vertex 38.248 49.6264 32
      vertex 38.4496 49.4496 32
    endloop
  endfacet
  facet normal 0 0 1
    outer loop
      vertex 40.5 51.5 32
      vertex 38.025 49.7754 32
      vertex 38.248 49.6264 32
    endloop
  endfacet
  facet normal 0 0 1
    outer loop
      vertex 40.5 51.5 32
      vertex 37.7845 49.894 32
      vertex 38.025 49.7754 32
    endloop
  endfacet
  facet normal 0 0 1
    outer loop
      vertex 40.5 51.5 32
      vertex 37.5306 49.9801 32
      vertex 37.7845 49.894 32
    endloop
  endfacet
  facet normal 0 0 1
    outer loop
      vertex 40.5 51.5 32
      vertex 37.2676 50.0325 32
      vertex 37.5306 49.9801 32
    endloop
  endfacet
  facet normal 0 0 1
    outer loop
      vertex 40.5 51.5 32
      vertex 37 50.05 32
      vertex 37.2676 50.0325 32
    endloop
  endfacet
  facet normal -0 0 1
    outer loop
      vertex 33.5 51.5 32
      vertex 37 50.05 32
      vertex 40.5 51.5 32
    endloop
  endfacet
  facet normal 0 0 1
    outer loop
      vertex 37 50.05 32
      vertex 33.5 51.5 32
      vertex 36.7324 50.0325 32
    endloop
  endfacet
  facet normal 0 0 1
    outer loop
      vertex 36.7324 50.0325 32
      vertex 33.5 51.5 32
      vertex 36.4694 49.9801 32
    endloop
  endfacet
  facet normal 0 0 1
    outer loop
      vertex 36.7765 49.8978 32
      vertex 36.2588 47.9659 32
      vertex 36.3827 47.9239 32
    endloop
  endfacet
  facet normal 0 0 1
    outer loop
      vertex 36.4299 49.9667 32
      vertex 36.1305 47.9914 32
      vertex 36.2588 47.9659 32
    endloop
  endfacet
  facet normal 0 0 1
    outer loop
      vertex 36.4299 49.9667 32
      vertex 36 48 32
      vertex 36.1305 47.9914 32
    endloop
  endfacet
  facet normal 0 0 1
    outer loop
      vertex 36.4299 49.9667 32
      vertex 34.95 48 32
      vertex 36 48 32
    endloop
  endfacet
  facet normal -0 0 1
    outer loop
      vertex 33.5 50 32
      vertex 36.4299 49.9667 32
      vertex 33.5 51.5 32
    endloop
  endfacet
  facet normal 0 0 1
    outer loop
      vertex 36.4694 49.9801 32
      vertex 33.5 51.5 32
      vertex 36.4299 49.9667 32
    endloop
  endfacet
  facet normal -0 0 1
    outer loop
      vertex 39.0325 47.7324 32
      vertex 40.5 44.5 32
      vertex 39.05 48 32
    endloop
  endfacet
  facet normal -0 0 1
    outer loop
      vertex 38.9801 47.4694 32
      vertex 40.5 44.5 32
      vertex 39.0325 47.7324 32
    endloop
  endfacet
  facet normal 0 0 1
    outer loop
      vertex 37 -37.5 32
      vertex 39 -37.5 32
      vertex 39 44.5 32
    endloop
  endfacet
  facet normal 0 0 1
    outer loop
      vertex 37 -38.95 32
      vertex 39 -37.5 32
      vertex 37 -37.5 32
    endloop
  endfacet
  facet normal 0 0 1
    outer loop
      vertex 39 -37.5 32
      vertex 37 -38.95 32
      vertex 39 -40.5692 32
    endloop
  endfacet
  facet normal 0 0 1
    outer loop
      vertex 39 -40.5692 32
      vertex 37 -38.95 32
      vertex 39 -41.4308 32
    endloop
  endfacet
  facet normal -0 0 1
    outer loop
      vertex 38.9667 47.4299 32
      vertex 40.5 44.5 32
      vertex 38.9801 47.4694 32
    endloop
  endfacet
  facet normal 0 0 1
    outer loop
      vertex 40.5 44.5 32
      vertex 38.9667 47.4299 32
      vertex 39 44.5 32
    endloop
  endfacet
  facet normal 0 0 1
    outer loop
      vertex 37 -43.05 32
      vertex 39 -41.4308 32
      vertex 37 -38.95 32
    endloop
  endfacet
  facet normal -0 0 1
    outer loop
      vertex 37 45.95 32
      vertex 39 44.5 32
      vertex 38.9667 47.4299 32
    endloop
  endfacet
  facet normal 0 0 1
    outer loop
      vertex 36.9659 47.2588 32
      vertex 38.9667 47.4299 32
      vertex 38.8978 47.7765 32
    endloop
  endfacet
  facet normal 0 0 1
    outer loop
      vertex 39 -41.4308 32
      vertex 37 -43.05 32
      vertex 39 -44.5 32
    endloop
  endfacet
  facet normal 0 0 1
    outer loop
      vertex 36.9659 47.2588 32
      vertex 38.8978 47.7765 32
      vertex 38.7716 48.148 32
    endloop
  endfacet
  facet normal 0 0 1
    outer loop
      vertex 37 -44.5 32
      vertex 39 -44.5 32
      vertex 37 -43.05 32
    endloop
  endfacet
  facet normal 0 0 1
    outer loop
      vertex 36.9239 47.3827 32
      vertex 38.7716 48.148 32
      vertex 38.5981 48.5 32
    endloop
  endfacet
  facet normal 0 0 1
    outer loop
      vertex 39 -44.5 32
      vertex 37 -44.5 32
      vertex 39 -47 32
    endloop
  endfacet
  facet normal 0 0 1
    outer loop
      vertex 36.866 47.5 32
      vertex 38.5981 48.5 32
      vertex 38.3801 48.8263 32
    endloop
  endfacet
  facet normal 0 0 1
    outer loop
      vertex 37 -47 32
      vertex 39 -47 32
      vertex 37 -44.5 32
    endloop
  endfacet
  facet normal 0 0 1
    outer loop
      vertex 36.7934 47.6088 32
      vertex 38.3801 48.8263 32
      vertex 38.1213 49.1213 32
    endloop
  endfacet
  facet normal 0 0 1
    outer loop
      vertex 39 -47 32
      vertex 37 -47 32
      vertex 38.9743 -47.3916 32
    endloop
  endfacet
  facet normal 0 0 1
    outer loop
      vertex 36.7071 47.7071 32
      vertex 38.1213 49.1213 32
      vertex 37.8263 49.3801 32
    endloop
  endfacet
  facet normal -0 0 1
    outer loop
      vertex 36.9914 -47.1305 32
      vertex 38.9743 -47.3916 32
      vertex 37 -47 32
    endloop
  endfacet
  facet normal 0 0 1
    outer loop
      vertex 36.6088 47.7934 32
      vertex 37.8263 49.3801 32
      vertex 37.5 49.5981 32
    endloop
  endfacet
  facet normal 0 0 1
    outer loop
      vertex 38.9743 -47.3916 32
      vertex 36.9914 -47.1305 32
      vertex 38.8978 -47.7765 32
    endloop
  endfacet
  facet normal 0 0 1
    outer loop
      vertex 36.5 47.866 32
      vertex 37.5 49.5981 32
      vertex 37.148 49.7716 32
    endloop
  endfacet
  facet normal -0 0 1
    outer loop
      vertex 36.9659 -47.2588 32
      vertex 38.8978 -47.7765 32
      vertex 36.9914 -47.1305 32
    endloop
  endfacet
  facet normal 0 0 1
    outer loop
      vertex 38.9667 47.4299 32
      vertex 37 47 32
      vertex 37 45.95 32
    endloop
  endfacet
  facet normal 0 0 1
    outer loop
      vertex 38.9667 47.4299 32
      vertex 36.9914 47.1305 32
      vertex 37 47 32
    endloop
  endfacet
  facet normal 0 0 1
    outer loop
      vertex 38.9667 47.4299 32
      vertex 36.9659 47.2588 32
      vertex 36.9914 47.1305 32
    endloop
  endfacet
  facet normal 0 0 1
    outer loop
      vertex 38.7716 48.148 32
      vertex 36.9239 47.3827 32
      vertex 36.9659 47.2588 32
    endloop
  endfacet
  facet normal 0 0 1
    outer loop
      vertex 38.5981 48.5 32
      vertex 36.866 47.5 32
      vertex 36.9239 47.3827 32
    endloop
  endfacet
  facet normal 0 0 1
    outer loop
      vertex 38.3801 48.8263 32
      vertex 36.7934 47.6088 32
      vertex 36.866 47.5 32
    endloop
  endfacet
  facet normal 0 0 1
    outer loop
      vertex 36.3827 47.9239 32
      vertex 37.148 49.7716 32
      vertex 36.7765 49.8978 32
    endloop
  endfacet
  facet normal 0 0 1
    outer loop
      vertex 38.1213 49.1213 32
      vertex 36.7071 47.7071 32
      vertex 36.7934 47.6088 32
    endloop
  endfacet
  facet normal 0 0 1
    outer loop
      vertex 37.8263 49.3801 32
      vertex 36.6088 47.7934 32
      vertex 36.7071 47.7071 32
    endloop
  endfacet
  facet normal 0 0 1
    outer loop
      vertex 37.5 49.5981 32
      vertex 36.5 47.866 32
      vertex 36.6088 47.7934 32
    endloop
  endfacet
  facet normal 0 0 1
    outer loop
      vertex 36.2588 47.9659 32
      vertex 36.7765 49.8978 32
      vertex 36.4299 49.9667 32
    endloop
  endfacet
  facet normal 0 0 1
    outer loop
      vertex 37.148 49.7716 32
      vertex 36.3827 47.9239 32
      vertex 36.5 47.866 32
    endloop
  endfacet
  facet normal 0 0 1
    outer loop
      vertex 40.5 -37.5 32
      vertex 39.05 -41 32
      vertex 40.5 -44.5 32
    endloop
  endfacet
  facet normal 0 0 1
    outer loop
      vertex 40.5 -37.5 32
      vertex 39.0325 -40.7324 32
      vertex 39.05 -41 32
    endloop
  endfacet
  facet normal 0 0 1
    outer loop
      vertex 39 -40.5692 32
      vertex 40.5 -37.5 32
      vertex 39 -37.5 32
    endloop
  endfacet
  facet normal 0 0 1
    outer loop
      vertex 40.5 -37.5 32
      vertex 39 -40.5692 32
      vertex 39.0325 -40.7324 32
    endloop
  endfacet
  facet normal -0 0 1
    outer loop
      vertex 39.0325 -41.2676 32
      vertex 40.5 -44.5 32
      vertex 39.05 -41 32
    endloop
  endfacet
  facet normal -0 0 1
    outer loop
      vertex 39 -41.4308 32
      vertex 40.5 -44.5 32
      vertex 39.0325 -41.2676 32
    endloop
  endfacet
  facet normal 0 0 1
    outer loop
      vertex 40.5 -44.5 32
      vertex 39 -41.4308 32
      vertex 39 -44.5 32
    endloop
  endfacet
  facet normal 0 0 1
    outer loop
      vertex 39 44.5 32
      vertex 37 45.95 32
      vertex 37 44.5 32
    endloop
  endfacet
  facet normal 0 0 1
    outer loop
      vertex 39 44.5 32
      vertex 37 44.5 32
      vertex 37 -37.5 32
    endloop
  endfacet
  facet normal 0 0 1
    outer loop
      vertex 38.8978 -47.7765 32
      vertex 36.9659 -47.2588 32
      vertex 38.7716 -48.148 32
    endloop
  endfacet
  facet normal -0 0 1
    outer loop
      vertex 36.9239 -47.3827 32
      vertex 38.7716 -48.148 32
      vertex 36.9659 -47.2588 32
    endloop
  endfacet
  facet normal 0 0 1
    outer loop
      vertex 38.7716 -48.148 32
      vertex 36.9239 -47.3827 32
      vertex 38.5981 -48.5 32
    endloop
  endfacet
  facet normal -0 0 1
    outer loop
      vertex 36.866 -47.5 32
      vertex 38.5981 -48.5 32
      vertex 36.9239 -47.3827 32
    endloop
  endfacet
  facet normal 0 0 1
    outer loop
      vertex 38.5981 -48.5 32
      vertex 36.866 -47.5 32
      vertex 38.3801 -48.8263 32
    endloop
  endfacet
  facet normal -0 0 1
    outer loop
      vertex 36.7934 -47.6088 32
      vertex 38.3801 -48.8263 32
      vertex 36.866 -47.5 32
    endloop
  endfacet
  facet normal 0 0 1
    outer loop
      vertex 38.3801 -48.8263 32
      vertex 36.7934 -47.6088 32
      vertex 38.1213 -49.1213 32
    endloop
  endfacet
  facet normal -0 0 1
    outer loop
      vertex 36.7071 -47.7071 32
      vertex 38.1213 -49.1213 32
      vertex 36.7934 -47.6088 32
    endloop
  endfacet
  facet normal 0 0 1
    outer loop
      vertex 38.1213 -49.1213 32
      vertex 36.7071 -47.7071 32
      vertex 37.8263 -49.3801 32
    endloop
  endfacet
  facet normal -0 0 1
    outer loop
      vertex 36.6088 -47.7934 32
      vertex 37.8263 -49.3801 32
      vertex 36.7071 -47.7071 32
    endloop
  endfacet
  facet normal 0 0 1
    outer loop
      vertex 37.8263 -49.3801 32
      vertex 36.6088 -47.7934 32
      vertex 37.5 -49.5981 32
    endloop
  endfacet
  facet normal -0 0 1
    outer loop
      vertex 36.5 -47.866 32
      vertex 37.5 -49.5981 32
      vertex 36.6088 -47.7934 32
    endloop
  endfacet
  facet normal 0 0 1
    outer loop
      vertex 37.5 -49.5981 32
      vertex 36.5 -47.866 32
      vertex 37.148 -49.7716 32
    endloop
  endfacet
  facet normal -0 0 1
    outer loop
      vertex 36.3827 -47.9239 32
      vertex 37.148 -49.7716 32
      vertex 36.5 -47.866 32
    endloop
  endfacet
  facet normal 0 0 1
    outer loop
      vertex 37.148 -49.7716 32
      vertex 36.3827 -47.9239 32
      vertex 36.7765 -49.8978 32
    endloop
  endfacet
  facet normal -0 0 1
    outer loop
      vertex 36.2588 -47.9659 32
      vertex 36.7765 -49.8978 32
      vertex 36.3827 -47.9239 32
    endloop
  endfacet
  facet normal 0 0 1
    outer loop
      vertex 36.7765 -49.8978 32
      vertex 36.2588 -47.9659 32
      vertex 36.3916 -49.9743 32
    endloop
  endfacet
  facet normal -0 0 1
    outer loop
      vertex 36.1305 -47.9914 32
      vertex 36.3916 -49.9743 32
      vertex 36.2588 -47.9659 32
    endloop
  endfacet
  facet normal -0 0 1
    outer loop
      vertex 36 -48 32
      vertex 36.3916 -49.9743 32
      vertex 36.1305 -47.9914 32
    endloop
  endfacet
  facet normal 0 0 1
    outer loop
      vertex 36 -48 32
      vertex 36 -50 32
      vertex 36.3916 -49.9743 32
    endloop
  endfacet
  facet normal -0 0 1
    outer loop
      vertex -36 -48 32
      vertex 36 -50 32
      vertex 36 -48 32
    endloop
  endfacet
  facet normal 0 0 1
    outer loop
      vertex -36 -48 32
      vertex -36 -50 32
      vertex 36 -50 32
    endloop
  endfacet
  facet normal 0 0 1
    outer loop
      vertex -36.1305 -47.9914 32
      vertex -36 -50 32
      vertex -36 -48 32
    endloop
  endfacet
  facet normal 0 0 1
    outer loop
      vertex -36.3916 -49.9743 32
      vertex -36.1305 -47.9914 32
      vertex -36.2588 -47.9659 32
    endloop
  endfacet
  facet normal 0 0 1
    outer loop
      vertex -36.7765 -49.8978 32
      vertex -36.2588 -47.9659 32
      vertex -36.3827 -47.9239 32
    endloop
  endfacet
  facet normal 0 0 1
    outer loop
      vertex -36.1305 -47.9914 32
      vertex -36.3916 -49.9743 32
      vertex -36 -50 32
    endloop
  endfacet
  facet normal 0 0 1
    outer loop
      vertex -37.148 -49.7716 32
      vertex -36.3827 -47.9239 32
      vertex -36.5 -47.866 32
    endloop
  endfacet
  facet normal 0 0 1
    outer loop
      vertex -37.5 -49.5981 32
      vertex -36.5 -47.866 32
      vertex -36.6088 -47.7934 32
    endloop
  endfacet
  facet normal 0 0 1
    outer loop
      vertex -37.8263 -49.3801 32
      vertex -36.6088 -47.7934 32
      vertex -36.7071 -47.7071 32
    endloop
  endfacet
  facet normal 0 0 1
    outer loop
      vertex -36.2588 -47.9659 32
      vertex -36.7765 -49.8978 32
      vertex -36.3916 -49.9743 32
    endloop
  endfacet
  facet normal 0 0 1
    outer loop
      vertex -38.1213 -49.1213 32
      vertex -36.7071 -47.7071 32
      vertex -36.7934 -47.6088 32
    endloop
  endfacet
  facet normal 0 0 1
    outer loop
      vertex -38.3801 -48.8263 32
      vertex -36.7934 -47.6088 32
      vertex -36.866 -47.5 32
    endloop
  endfacet
  facet normal 0 0 1
    outer loop
      vertex -38.5981 -48.5 32
      vertex -36.866 -47.5 32
      vertex -36.9239 -47.3827 32
    endloop
  endfacet
  facet normal 0 0 1
    outer loop
      vertex -38.7716 -48.148 32
      vertex -36.9239 -47.3827 32
      vertex -36.9659 -47.2588 32
    endloop
  endfacet
  facet normal 0 0 1
    outer loop
      vertex -38.8978 -47.7765 32
      vertex -36.9659 -47.2588 32
      vertex -36.9914 -47.1305 32
    endloop
  endfacet
  facet normal 0 0 1
    outer loop
      vertex -36.3827 -47.9239 32
      vertex -37.148 -49.7716 32
      vertex -36.7765 -49.8978 32
    endloop
  endfacet
  facet normal 0 0 1
    outer loop
      vertex -38.9743 -47.3916 32
      vertex -36.9914 -47.1305 32
      vertex -37 -47 32
    endloop
  endfacet
  facet normal 0 0 1
    outer loop
      vertex -37 47 32
      vertex -39 47 32
      vertex -37 -47 32
    endloop
  endfacet
  facet normal 0 0 1
    outer loop
      vertex -36.866 47.5 32
      vertex -38.5981 48.5 32
      vertex -36.9239 47.3827 32
    endloop
  endfacet
  facet normal 0 0 1
    outer loop
      vertex -39 -47 32
      vertex -37 -47 32
      vertex -39 47 32
    endloop
  endfacet
  facet normal -0 0 1
    outer loop
      vertex -38.7716 48.148 32
      vertex -36.9239 47.3827 32
      vertex -38.5981 48.5 32
    endloop
  endfacet
  facet normal 0 -0 1
    outer loop
      vertex -38.9743 -47.3916 32
      vertex -37 -47 32
      vertex -39 -47 32
    endloop
  endfacet
  facet normal 0 0 1
    outer loop
      vertex -36.9239 47.3827 32
      vertex -38.7716 48.148 32
      vertex -36.9659 47.2588 32
    endloop
  endfacet
  facet normal 0 0 1
    outer loop
      vertex -36.5 -47.866 32
      vertex -37.5 -49.5981 32
      vertex -37.148 -49.7716 32
    endloop
  endfacet
  facet normal -0 0 1
    outer loop
      vertex -38.8978 47.7765 32
      vertex -36.9659 47.2588 32
      vertex -38.7716 48.148 32
    endloop
  endfacet
  facet normal 0 0 1
    outer loop
      vertex -36.6088 -47.7934 32
      vertex -37.8263 -49.3801 32
      vertex -37.5 -49.5981 32
    endloop
  endfacet
  facet normal 0 0 1
    outer loop
      vertex -36.9659 47.2588 32
      vertex -38.8978 47.7765 32
      vertex -36.9914 47.1305 32
    endloop
  endfacet
  facet normal 0 0 1
    outer loop
      vertex -36.7071 -47.7071 32
      vertex -38.1213 -49.1213 32
      vertex -37.8263 -49.3801 32
    endloop
  endfacet
  facet normal -0 0 1
    outer loop
      vertex -38.9743 47.3916 32
      vertex -36.9914 47.1305 32
      vertex -38.8978 47.7765 32
    endloop
  endfacet
  facet normal 0 0 1
    outer loop
      vertex -36.7934 -47.6088 32
      vertex -38.3801 -48.8263 32
      vertex -38.1213 -49.1213 32
    endloop
  endfacet
  facet normal 0 0 1
    outer loop
      vertex -36.9914 47.1305 32
      vertex -38.9743 47.3916 32
      vertex -37 47 32
    endloop
  endfacet
  facet normal 0 0 1
    outer loop
      vertex -36.866 -47.5 32
      vertex -38.5981 -48.5 32
      vertex -38.3801 -48.8263 32
    endloop
  endfacet
  facet normal 0 0 1
    outer loop
      vertex -37 47 32
      vertex -38.9743 47.3916 32
      vertex -39 47 32
    endloop
  endfacet
  facet normal 0 0 1
    outer loop
      vertex -36.9239 -47.3827 32
      vertex -38.7716 -48.148 32
      vertex -38.5981 -48.5 32
    endloop
  endfacet
  facet normal 0 0 1
    outer loop
      vertex -36.9659 -47.2588 32
      vertex -38.8978 -47.7765 32
      vertex -38.7716 -48.148 32
    endloop
  endfacet
  facet normal 0 0 1
    outer loop
      vertex -36.9914 -47.1305 32
      vertex -38.9743 -47.3916 32
      vertex -38.8978 -47.7765 32
    endloop
  endfacet
  facet normal 0.980815 -0.19494 0
    outer loop
      vertex 38.8978 -47.7765 32
      vertex 38.9743 -47.3916 0
      vertex 38.9743 -47.3916 32
    endloop
  endfacet
  facet normal 0.980815 -0.19494 0
    outer loop
      vertex 38.9743 -47.3916 0
      vertex 38.8978 -47.7765 32
      vertex 38.8978 -47.7765 0
    endloop
  endfacet
  facet normal -1 0 0
    outer loop
      vertex 37 -43.05 26
      vertex 37 -38.95 32
      vertex 37 -38.95 26
    endloop
  endfacet
  facet normal -1 -0 0
    outer loop
      vertex 37 -38.95 32
      vertex 37 -43.05 26
      vertex 37 -43.05 32
    endloop
  endfacet
  facet normal -1 0 0
    outer loop
      vertex 37 45.95 26
      vertex 37 47 32
      vertex 37 47 26
    endloop
  endfacet
  facet normal -1 -0 0
    outer loop
      vertex 37 47 32
      vertex 37 45.95 26
      vertex 37 45.95 32
    endloop
  endfacet
  facet normal -1 0 0
    outer loop
      vertex 37 -47 2
      vertex 37 -44.5 32
      vertex 37 -44.5 2
    endloop
  endfacet
  facet normal -1 -0 0
    outer loop
      vertex 37 -44.5 32
      vertex 37 -47 2
      vertex 37 -47 32
    endloop
  endfacet
  facet normal -1 0 0
    outer loop
      vertex 37 -34.4 2
      vertex 37 -37.5 2
      vertex 37 -34.4 5
    endloop
  endfacet
  facet normal -1 0 0
    outer loop
      vertex 37 -34 5
      vertex 37 -34.4 5
      vertex 37 -34 8
    endloop
  endfacet
  facet normal -1 0 0
    outer loop
      vertex 37 -23.8 2
      vertex 37 -24 4
      vertex 37 -23.8 5
    endloop
  endfacet
  facet normal -1 0 0
    outer loop
      vertex 37 -26.4 2
      vertex 37 -24 4
      vertex 37 -23.8 2
    endloop
  endfacet
  facet normal -1 -0 0
    outer loop
      vertex 37 -24 4
      vertex 37 -26.4 2
      vertex 37 -26.4 4
    endloop
  endfacet
  facet normal -1 0 0
    outer loop
      vertex 37 36 8
      vertex 37 44.5 2
      vertex 37 36 4
    endloop
  endfacet
  facet normal -1 0 0
    outer loop
      vertex 37 44.5 2
      vertex 37 26 4
      vertex 37 36 4
    endloop
  endfacet
  facet normal -1 0 0
    outer loop
      vertex 37 -15.8 5
      vertex 37 26 4
      vertex 37 -15.8 2
    endloop
  endfacet
  facet normal -1 0 0
    outer loop
      vertex 37 -15.8 2
      vertex 37 26 4
      vertex 37 44.5 2
    endloop
  endfacet
  facet normal -1 0 0
    outer loop
      vertex 37 44.5 2
      vertex 37 36 8
      vertex 37 44.5 32
    endloop
  endfacet
  facet normal -1 0 0
    outer loop
      vertex 37 26 8
      vertex 37 44.5 32
      vertex 37 36 8
    endloop
  endfacet
  facet normal -1 0 0
    outer loop
      vertex 37 26 4
      vertex 37 -15.8 5
      vertex 37 26 8
    endloop
  endfacet
  facet normal -1 0 0
    outer loop
      vertex 37 -37.5 32
      vertex 37 26 8
      vertex 37 -15.8 5
    endloop
  endfacet
  facet normal -1 0 0
    outer loop
      vertex 37 -24 8
      vertex 37 -15.8 5
      vertex 37 -23.8 5
    endloop
  endfacet
  facet normal -1 0 0
    outer loop
      vertex 37 -24 8
      vertex 37 -23.8 5
      vertex 37 -24 4
    endloop
  endfacet
  facet normal -1 0 0
    outer loop
      vertex 37 -37.5 32
      vertex 37 -15.8 5
      vertex 37 -24 8
    endloop
  endfacet
  facet normal -1 0 0
    outer loop
      vertex 37 -37.5 32
      vertex 37 -24 8
      vertex 37 -34 8
    endloop
  endfacet
  facet normal -1 0 0
    outer loop
      vertex 37 -37.5 2
      vertex 37 -34 8
      vertex 37 -34.4 5
    endloop
  endfacet
  facet normal -1 0 0
    outer loop
      vertex 37 26 8
      vertex 37 -37.5 32
      vertex 37 44.5 32
    endloop
  endfacet
  facet normal -1 0 0
    outer loop
      vertex 37 -37.5 32
      vertex 37 -34 8
      vertex 37 -37.5 2
    endloop
  endfacet
  facet normal -0.947066 -0.321039 0
    outer loop
      vertex 36.9659 47.2588 26
      vertex 36.9239 47.3827 32
      vertex 36.9239 47.3827 26
    endloop
  endfacet
  facet normal -0.947066 -0.321039 0
    outer loop
      vertex 36.9239 47.3827 32
      vertex 36.9659 47.2588 26
      vertex 36.9659 47.2588 32
    endloop
  endfacet
  facet normal 1 0 0
    outer loop
      vertex -37 47 32
      vertex -37 31.1 17
      vertex -37 47 2
    endloop
  endfacet
  facet normal 1 0 0
    outer loop
      vertex -37 47 32
      vertex -37 31.0735 17.4046
      vertex -37 31.1 17
    endloop
  endfacet
  facet normal 1 0 0
    outer loop
      vertex -37 47 32
      vertex -37 30.9944 17.8023
      vertex -37 31.0735 17.4046
    endloop
  endfacet
  facet normal 1 0 0
    outer loop
      vertex -37 47 32
      vertex -37 30.864 18.1863
      vertex -37 30.9944 17.8023
    endloop
  endfacet
  facet normal 1 0 0
    outer loop
      vertex -37 47 32
      vertex -37 30.6847 18.55
      vertex -37 30.864 18.1863
    endloop
  endfacet
  facet normal 1 0 0
    outer loop
      vertex -37 47 32
      vertex -37 30.4594 18.8872
      vertex -37 30.6847 18.55
    endloop
  endfacet
  facet normal 1 0 0
    outer loop
      vertex -37 47 32
      vertex -37 30.192 19.192
      vertex -37 30.4594 18.8872
    endloop
  endfacet
  facet normal 1 0 0
    outer loop
      vertex -37 47 32
      vertex -37 29.8872 19.4594
      vertex -37 30.192 19.192
    endloop
  endfacet
  facet normal 1 0 0
    outer loop
      vertex -37 47 32
      vertex -37 29.55 19.6847
      vertex -37 29.8872 19.4594
    endloop
  endfacet
  facet normal 1 0 0
    outer loop
      vertex -37 47 32
      vertex -37 29.1863 19.864
      vertex -37 29.55 19.6847
    endloop
  endfacet
  facet normal 1 0 0
    outer loop
      vertex -37 47 32
      vertex -37 28.8023 19.9944
      vertex -37 29.1863 19.864
    endloop
  endfacet
  facet normal 1 0 0
    outer loop
      vertex -37 47 32
      vertex -37 28.4046 20.0735
      vertex -37 28.8023 19.9944
    endloop
  endfacet
  facet normal 1 0 0
    outer loop
      vertex -37 47 32
      vertex -37 28 20.1
      vertex -37 28.4046 20.0735
    endloop
  endfacet
  facet normal 1 0 0
    outer loop
      vertex -37 47 32
      vertex -37 27.5954 20.0735
      vertex -37 28 20.1
    endloop
  endfacet
  facet normal 1 0 0
    outer loop
      vertex -37 47 32
      vertex -37 27.1977 19.9944
      vertex -37 27.5954 20.0735
    endloop
  endfacet
  facet normal 1 0 0
    outer loop
      vertex -37 9.5 19.5
      vertex -37 27.1977 19.9944
      vertex -37 47 32
    endloop
  endfacet
  facet normal 1 0 0
    outer loop
      vertex -37 27.1977 19.9944
      vertex -37 9.5 19.5
      vertex -37 26.8137 19.864
    endloop
  endfacet
  facet normal 1 0 0
    outer loop
      vertex -37 24.9265 17.4046
      vertex -37 9.5 19.5
      vertex -37 24.9 17
    endloop
  endfacet
  facet normal 1 0 0
    outer loop
      vertex -37 25.0056 17.8023
      vertex -37 9.5 19.5
      vertex -37 24.9265 17.4046
    endloop
  endfacet
  facet normal 1 0 0
    outer loop
      vertex -37 25.136 18.1863
      vertex -37 9.5 19.5
      vertex -37 25.0056 17.8023
    endloop
  endfacet
  facet normal 1 0 0
    outer loop
      vertex -37 25.3153 18.55
      vertex -37 9.5 19.5
      vertex -37 25.136 18.1863
    endloop
  endfacet
  facet normal 1 0 0
    outer loop
      vertex -37 25.5406 18.8872
      vertex -37 9.5 19.5
      vertex -37 25.3153 18.55
    endloop
  endfacet
  facet normal 1 0 0
    outer loop
      vertex -37 25.808 19.192
      vertex -37 9.5 19.5
      vertex -37 25.5406 18.8872
    endloop
  endfacet
  facet normal 1 0 0
    outer loop
      vertex -37 26.1128 19.4594
      vertex -37 9.5 19.5
      vertex -37 25.808 19.192
    endloop
  endfacet
  facet normal 1 0 0
    outer loop
      vertex -37 26.45 19.6847
      vertex -37 9.5 19.5
      vertex -37 26.1128 19.4594
    endloop
  endfacet
  facet normal 1 0 0
    outer loop
      vertex -37 26.8137 19.864
      vertex -37 9.5 19.5
      vertex -37 26.45 19.6847
    endloop
  endfacet
  facet normal 1 0 0
    outer loop
      vertex -37 47 32
      vertex -37 0 19.5
      vertex -37 9.5 19.5
    endloop
  endfacet
  facet normal 1 0 0
    outer loop
      vertex -37 0 19.5
      vertex -37 -47 32
      vertex -37 0 14.5
    endloop
  endfacet
  facet normal 1 -0 0
    outer loop
      vertex -37 -47 32
      vertex -37 0 19.5
      vertex -37 47 32
    endloop
  endfacet
  facet normal 1 -0 0
    outer loop
      vertex -37 31.0735 16.5954
      vertex -37 47 2
      vertex -37 31.1 17
    endloop
  endfacet
  facet normal 1 -0 0
    outer loop
      vertex -37 30.9944 16.1977
      vertex -37 47 2
      vertex -37 31.0735 16.5954
    endloop
  endfacet
  facet normal 1 -0 0
    outer loop
      vertex -37 30.864 15.8137
      vertex -37 47 2
      vertex -37 30.9944 16.1977
    endloop
  endfacet
  facet normal 1 -0 0
    outer loop
      vertex -37 30.6847 15.45
      vertex -37 47 2
      vertex -37 30.864 15.8137
    endloop
  endfacet
  facet normal 1 -0 0
    outer loop
      vertex -37 30.4594 15.1128
      vertex -37 47 2
      vertex -37 30.6847 15.45
    endloop
  endfacet
  facet normal 1 -0 0
    outer loop
      vertex -37 30.192 14.808
      vertex -37 47 2
      vertex -37 30.4594 15.1128
    endloop
  endfacet
  facet normal 1 -0 0
    outer loop
      vertex -37 29.8872 14.5406
      vertex -37 47 2
      vertex -37 30.192 14.808
    endloop
  endfacet
  facet normal 1 -0 0
    outer loop
      vertex -37 29.55 14.3153
      vertex -37 47 2
      vertex -37 29.8872 14.5406
    endloop
  endfacet
  facet normal 1 -0 0
    outer loop
      vertex -37 29.1863 14.136
      vertex -37 47 2
      vertex -37 29.55 14.3153
    endloop
  endfacet
  facet normal 1 -0 0
    outer loop
      vertex -37 28.8023 14.0056
      vertex -37 47 2
      vertex -37 29.1863 14.136
    endloop
  endfacet
  facet normal 1 -0 0
    outer loop
      vertex -37 28.4046 13.9265
      vertex -37 47 2
      vertex -37 28.8023 14.0056
    endloop
  endfacet
  facet normal 1 -0 0
    outer loop
      vertex -37 28 13.9
      vertex -37 47 2
      vertex -37 28.4046 13.9265
    endloop
  endfacet
  facet normal 1 0 0
    outer loop
      vertex -37 27.5954 13.9265
      vertex -37 47 2
      vertex -37 28 13.9
    endloop
  endfacet
  facet normal 1 0 0
    outer loop
      vertex -37 27.1977 14.0056
      vertex -37 47 2
      vertex -37 27.5954 13.9265
    endloop
  endfacet
  facet normal 1 0 0
    outer loop
      vertex -37 9.5 14.5
      vertex -37 27.1977 14.0056
      vertex -37 26.8137 14.136
    endloop
  endfacet
  facet normal 1 0 0
    outer loop
      vertex -37 9.5 14.5
      vertex -37 26.8137 14.136
      vertex -37 26.45 14.3153
    endloop
  endfacet
  facet normal 1 0 0
    outer loop
      vertex -37 9.5 14.5
      vertex -37 24.9 17
      vertex -37 9.5 19.5
    endloop
  endfacet
  facet normal 1 0 0
    outer loop
      vertex -37 24.9 17
      vertex -37 9.5 14.5
      vertex -37 24.9265 16.5954
    endloop
  endfacet
  facet normal 1 0 0
    outer loop
      vertex -37 24.9265 16.5954
      vertex -37 9.5 14.5
      vertex -37 25.0056 16.1977
    endloop
  endfacet
  facet normal 1 0 0
    outer loop
      vertex -37 25.0056 16.1977
      vertex -37 9.5 14.5
      vertex -37 25.136 15.8137
    endloop
  endfacet
  facet normal 1 0 0
    outer loop
      vertex -37 25.136 15.8137
      vertex -37 9.5 14.5
      vertex -37 25.3153 15.45
    endloop
  endfacet
  facet normal 1 0 0
    outer loop
      vertex -37 25.3153 15.45
      vertex -37 9.5 14.5
      vertex -37 25.5406 15.1128
    endloop
  endfacet
  facet normal 1 0 0
    outer loop
      vertex -37 25.5406 15.1128
      vertex -37 9.5 14.5
      vertex -37 25.808 14.808
    endloop
  endfacet
  facet normal 1 0 0
    outer loop
      vertex -37 25.808 14.808
      vertex -37 9.5 14.5
      vertex -37 26.1128 14.5406
    endloop
  endfacet
  facet normal 1 0 0
    outer loop
      vertex -37 26.1128 14.5406
      vertex -37 9.5 14.5
      vertex -37 26.45 14.3153
    endloop
  endfacet
  facet normal 1 0 0
    outer loop
      vertex -37 27.1977 14.0056
      vertex -37 9.5 14.5
      vertex -37 47 2
    endloop
  endfacet
  facet normal 1 -0 0
    outer loop
      vertex -37 0 14.5
      vertex -37 47 2
      vertex -37 9.5 14.5
    endloop
  endfacet
  facet normal 1 0 0
    outer loop
      vertex -37 0 14.5
      vertex -37 -47 2
      vertex -37 47 2
    endloop
  endfacet
  facet normal 1 0 0
    outer loop
      vertex -37 -47 2
      vertex -37 0 14.5
      vertex -37 -47 32
    endloop
  endfacet
  facet normal -0.997836 -0.0657577 0
    outer loop
      vertex 37 47 26
      vertex 36.9914 47.1305 32
      vertex 36.9914 47.1305 26
    endloop
  endfacet
  facet normal -0.997836 -0.0657577 0
    outer loop
      vertex 36.9914 47.1305 32
      vertex 37 47 26
      vertex 37 47 32
    endloop
  endfacet
  facet normal -0.555053 0.831815 0
    outer loop
      vertex 36.6088 -47.7934 2
      vertex 36.5 -47.866 32
      vertex 36.6088 -47.7934 32
    endloop
  endfacet
  facet normal -0.555053 0.831815 0
    outer loop
      vertex 36.5 -47.866 32
      vertex 36.6088 -47.7934 2
      vertex 36.5 -47.866 2
    endloop
  endfacet
  facet normal -0.0657577 0.997836 0
    outer loop
      vertex 36.1305 -47.9914 2
      vertex 36 -48 32
      vertex 36.1305 -47.9914 32
    endloop
  endfacet
  facet normal -0.0657577 0.997836 0
    outer loop
      vertex 36 -48 32
      vertex 36.1305 -47.9914 2
      vertex 36 -48 2
    endloop
  endfacet
  facet normal 0.997836 -0.0657577 0
    outer loop
      vertex -37 47 32
      vertex -36.9914 47.1305 2
      vertex -36.9914 47.1305 32
    endloop
  endfacet
  facet normal 0.997836 -0.0657577 0
    outer loop
      vertex -36.9914 47.1305 2
      vertex -37 47 32
      vertex -37 47 2
    endloop
  endfacet
  facet normal 0.896709 -0.442621 0
    outer loop
      vertex -36.9239 47.3827 32
      vertex -36.866 47.5 2
      vertex -36.866 47.5 32
    endloop
  endfacet
  facet normal 0.896709 -0.442621 0
    outer loop
      vertex -36.866 47.5 2
      vertex -36.9239 47.3827 32
      vertex -36.9239 47.3827 2
    endloop
  endfacet
  facet normal 0.0657577 -0.997836 0
    outer loop
      vertex -36.1305 47.9914 5
      vertex -36 48 32
      vertex -36.1305 47.9914 32
    endloop
  endfacet
  facet normal 0.0657577 -0.997836 0
    outer loop
      vertex -36 48 32
      vertex -36.1305 47.9914 5
      vertex -36 48 5
    endloop
  endfacet
  facet normal -0.896709 0.442621 0
    outer loop
      vertex 36.866 -47.5 2
      vertex 36.9239 -47.3827 32
      vertex 36.9239 -47.3827 2
    endloop
  endfacet
  facet normal -0.896709 0.442621 0
    outer loop
      vertex 36.9239 -47.3827 32
      vertex 36.866 -47.5 2
      vertex 36.866 -47.5 32
    endloop
  endfacet
  facet normal 0 1 -0
    outer loop
      vertex 22 -48 2
      vertex -22 -48 25
      vertex 22 -48 25
    endloop
  endfacet
  facet normal 0 1 0
    outer loop
      vertex -22 -48 25
      vertex 22 -48 2
      vertex -22 -48 2
    endloop
  endfacet
  facet normal 0 1 0
    outer loop
      vertex 22 -48 25
      vertex 36 -48 32
      vertex 24 -48 25
    endloop
  endfacet
  facet normal 0 1 -0
    outer loop
      vertex 36 -48 2
      vertex 24 -48 25
      vertex 36 -48 32
    endloop
  endfacet
  facet normal 0 1 0
    outer loop
      vertex 24 -48 25
      vertex 36 -48 2
      vertex 24 -48 2
    endloop
  endfacet
  facet normal 0 1 0
    outer loop
      vertex 36 -48 32
      vertex 22 -48 25
      vertex -36 -48 32
    endloop
  endfacet
  facet normal 0 1 -0
    outer loop
      vertex -22 -48 25
      vertex -36 -48 32
      vertex 22 -48 25
    endloop
  endfacet
  facet normal 0 1 -0
    outer loop
      vertex -24 -48 25
      vertex -36 -48 32
      vertex -22 -48 25
    endloop
  endfacet
  facet normal 0 1 0
    outer loop
      vertex -36 -48 2
      vertex -24 -48 25
      vertex -24 -48 2
    endloop
  endfacet
  facet normal 0 1 0
    outer loop
      vertex -24 -48 25
      vertex -36 -48 2
      vertex -36 -48 32
    endloop
  endfacet
  facet normal 0.947066 0.321039 0
    outer loop
      vertex -36.9239 -47.3827 32
      vertex -36.9659 -47.2588 2
      vertex -36.9659 -47.2588 32
    endloop
  endfacet
  facet normal 0.947066 0.321039 0
    outer loop
      vertex -36.9659 -47.2588 2
      vertex -36.9239 -47.3827 32
      vertex -36.9239 -47.3827 2
    endloop
  endfacet
  facet normal 0.751486 -0.659749 0
    outer loop
      vertex -36.7934 47.6088 32
      vertex -36.7071 47.7071 2
      vertex -36.7071 47.7071 32
    endloop
  endfacet
  facet normal 0.751486 -0.659749 0
    outer loop
      vertex -36.7071 47.7071 2
      vertex -36.7934 47.6088 32
      vertex -36.7934 47.6088 2
    endloop
  endfacet
  facet normal -0.751486 0.659749 0
    outer loop
      vertex 36.7071 -47.7071 2
      vertex 36.7934 -47.6088 32
      vertex 36.7934 -47.6088 2
    endloop
  endfacet
  facet normal -0.751486 0.659749 0
    outer loop
      vertex 36.7934 -47.6088 32
      vertex 36.7071 -47.7071 2
      vertex 36.7071 -47.7071 32
    endloop
  endfacet
  facet normal -0.751486 -0.659749 0
    outer loop
      vertex 36.7934 47.6088 26
      vertex 36.7071 47.7071 32
      vertex 36.7071 47.7071 26
    endloop
  endfacet
  facet normal -0.751486 -0.659749 0
    outer loop
      vertex 36.7071 47.7071 32
      vertex 36.7934 47.6088 26
      vertex 36.7934 47.6088 32
    endloop
  endfacet
  facet normal 0.659749 0.751486 -0
    outer loop
      vertex -36.6088 -47.7934 2
      vertex -36.7071 -47.7071 32
      vertex -36.6088 -47.7934 32
    endloop
  endfacet
  facet normal 0.659749 0.751486 0
    outer loop
      vertex -36.7071 -47.7071 32
      vertex -36.6088 -47.7934 2
      vertex -36.7071 -47.7071 2
    endloop
  endfacet
  facet normal -0.555053 -0.831815 0
    outer loop
      vertex 36.5 47.866 26
      vertex 36.6088 47.7934 32
      vertex 36.5 47.866 32
    endloop
  endfacet
  facet normal -0.555053 -0.831815 -0
    outer loop
      vertex 36.6088 47.7934 32
      vertex 36.5 47.866 26
      vertex 36.6088 47.7934 26
    endloop
  endfacet
  facet normal -0.659749 0.751486 0
    outer loop
      vertex 36.7071 -47.7071 2
      vertex 36.6088 -47.7934 32
      vertex 36.7071 -47.7071 32
    endloop
  endfacet
  facet normal -0.659749 0.751486 0
    outer loop
      vertex 36.6088 -47.7934 32
      vertex 36.7071 -47.7071 2
      vertex 36.6088 -47.7934 2
    endloop
  endfacet
  facet normal -0.947066 0.321039 0
    outer loop
      vertex 36.9239 -47.3827 2
      vertex 36.9659 -47.2588 32
      vertex 36.9659 -47.2588 2
    endloop
  endfacet
  facet normal -0.947066 0.321039 0
    outer loop
      vertex 36.9659 -47.2588 32
      vertex 36.9239 -47.3827 2
      vertex 36.9239 -47.3827 32
    endloop
  endfacet
  facet normal 0.980815 -0.19494 0
    outer loop
      vertex -36.9914 47.1305 32
      vertex -36.9659 47.2588 2
      vertex -36.9659 47.2588 32
    endloop
  endfacet
  facet normal 0.980815 -0.19494 0
    outer loop
      vertex -36.9659 47.2588 2
      vertex -36.9914 47.1305 32
      vertex -36.9914 47.1305 2
    endloop
  endfacet
  facet normal -0.659749 -0.751486 0
    outer loop
      vertex 36.6088 47.7934 26
      vertex 36.7071 47.7071 32
      vertex 36.6088 47.7934 32
    endloop
  endfacet
  facet normal -0.659749 -0.751486 -0
    outer loop
      vertex 36.7071 47.7071 32
      vertex 36.6088 47.7934 26
      vertex 36.7071 47.7071 26
    endloop
  endfacet
  facet normal 0.555053 -0.831815 0
    outer loop
      vertex -36.6088 47.7934 2
      vertex -36.5 47.866 32
      vertex -36.6088 47.7934 32
    endloop
  endfacet
  facet normal 0.555053 -0.831815 0
    outer loop
      vertex -36.5 47.866 32
      vertex -36.6088 47.7934 2
      vertex -36.5 47.866 2
    endloop
  endfacet
  facet normal 0.751486 0.659749 0
    outer loop
      vertex -36.7071 -47.7071 32
      vertex -36.7934 -47.6088 2
      vertex -36.7934 -47.6088 32
    endloop
  endfacet
  facet normal 0.751486 0.659749 0
    outer loop
      vertex -36.7934 -47.6088 2
      vertex -36.7071 -47.7071 32
      vertex -36.7071 -47.7071 2
    endloop
  endfacet
  facet normal -0.19494 0.980815 0
    outer loop
      vertex 36.2588 -47.9659 2
      vertex 36.1305 -47.9914 32
      vertex 36.2588 -47.9659 32
    endloop
  endfacet
  facet normal -0.19494 0.980815 0
    outer loop
      vertex 36.1305 -47.9914 32
      vertex 36.2588 -47.9659 2
      vertex 36.1305 -47.9914 2
    endloop
  endfacet
  facet normal 0.947066 -0.321039 0
    outer loop
      vertex -36.9659 47.2588 32
      vertex -36.9239 47.3827 2
      vertex -36.9239 47.3827 32
    endloop
  endfacet
  facet normal 0.947066 -0.321039 0
    outer loop
      vertex -36.9239 47.3827 2
      vertex -36.9659 47.2588 32
      vertex -36.9659 47.2588 2
    endloop
  endfacet
  facet normal 0 0 -1
    outer loop
      vertex 39 -44.5 2
      vertex 40.5 -37.5 2
      vertex 40.5 -44.5 2
    endloop
  endfacet
  facet normal -0 0 -1
    outer loop
      vertex 40.5 -37.5 2
      vertex 39 -44.5 2
      vertex 39 -37.5 2
    endloop
  endfacet
  facet normal -0 0 1
    outer loop
      vertex 31.4 47.2 2
      vertex 33.5 44.5 2
      vertex 33.5 48 2
    endloop
  endfacet
  facet normal 0 0 1
    outer loop
      vertex 33.5 44.5 2
      vertex 31.4 8.8 2
      vertex 33.5 -37.5 2
    endloop
  endfacet
  facet normal 0 0 1
    outer loop
      vertex 31.4 47.2 2
      vertex 33.5 48 2
      vertex 31.4 48 2
    endloop
  endfacet
  facet normal 0 0 1
    outer loop
      vertex 37 44.5 2
      vertex 36.2 -15.8 2
      vertex 37 -15.8 2
    endloop
  endfacet
  facet normal 0 0 1
    outer loop
      vertex 33.5 -37.5 2
      vertex 36.2 -23.8 2
      vertex 36.2 -15.8 2
    endloop
  endfacet
  facet normal 0 0 1
    outer loop
      vertex 36.2 -23.8 2
      vertex 33.5 -37.5 2
      vertex 36.2 -26.4 2
    endloop
  endfacet
  facet normal 0 0 1
    outer loop
      vertex 33.5 -37.5 2
      vertex 36.2 -15.8 2
      vertex 33.5 44.5 2
    endloop
  endfacet
  facet normal -0 0 1
    outer loop
      vertex 33.5 44.5 2
      vertex 36.2 -15.8 2
      vertex 37 44.5 2
    endloop
  endfacet
  facet normal -0 0 1
    outer loop
      vertex 36.2 -23.8 2
      vertex 37 -26.4 2
      vertex 37 -23.8 2
    endloop
  endfacet
  facet normal 0 0 1
    outer loop
      vertex 37 -26.4 2
      vertex 36.2 -23.8 2
      vertex 36.2 -26.4 2
    endloop
  endfacet
  facet normal -0 0 1
    outer loop
      vertex 36.2 -34.4 2
      vertex 37 -37.5 2
      vertex 37 -34.4 2
    endloop
  endfacet
  facet normal 0 0 1
    outer loop
      vertex 36.2 -34.4 2
      vertex 33.5 -37.5 2
      vertex 37 -37.5 2
    endloop
  endfacet
  facet normal 0 0 1
    outer loop
      vertex 36.2 -26.4 2
      vertex 33.5 -37.5 2
      vertex 36.2 -34.4 2
    endloop
  endfacet
  facet normal -0 0 1
    outer loop
      vertex 33.5 -44.5 2
      vertex 37 -47 2
      vertex 37 -44.5 2
    endloop
  endfacet
  facet normal 0 -0 1
    outer loop
      vertex 36 -48 2
      vertex 37 -47 2
      vertex 33.5 -44.5 2
    endloop
  endfacet
  facet normal 0 0 1
    outer loop
      vertex 37 -47 2
      vertex 36 -48 2
      vertex 36.9914 -47.1305 2
    endloop
  endfacet
  facet normal 0 0 1
    outer loop
      vertex 36.9659 -47.2588 2
      vertex 36 -48 2
      vertex 36.9239 -47.3827 2
    endloop
  endfacet
  facet normal 0 0 1
    outer loop
      vertex 36.9239 -47.3827 2
      vertex 36 -48 2
      vertex 36.866 -47.5 2
    endloop
  endfacet
  facet normal 0 0 1
    outer loop
      vertex 36.866 -47.5 2
      vertex 36 -48 2
      vertex 36.7934 -47.6088 2
    endloop
  endfacet
  facet normal 0 0 1
    outer loop
      vertex 36.7934 -47.6088 2
      vertex 36 -48 2
      vertex 36.7071 -47.7071 2
    endloop
  endfacet
  facet normal 0 0 1
    outer loop
      vertex 36.7071 -47.7071 2
      vertex 36 -48 2
      vertex 36.6088 -47.7934 2
    endloop
  endfacet
  facet normal 0 0 1
    outer loop
      vertex 36.6088 -47.7934 2
      vertex 36 -48 2
      vertex 36.5 -47.866 2
    endloop
  endfacet
  facet normal 0 0 1
    outer loop
      vertex 36.5 -47.866 2
      vertex 36 -48 2
      vertex 36.3827 -47.9239 2
    endloop
  endfacet
  facet normal 0 0 1
    outer loop
      vertex 36.3827 -47.9239 2
      vertex 36 -48 2
      vertex 36.2588 -47.9659 2
    endloop
  endfacet
  facet normal 0 0 1
    outer loop
      vertex 36.2588 -47.9659 2
      vertex 36 -48 2
      vertex 36.1305 -47.9914 2
    endloop
  endfacet
  facet normal 0 0 1
    outer loop
      vertex 36.9914 -47.1305 2
      vertex 36 -48 2
      vertex 36.9659 -47.2588 2
    endloop
  endfacet
  facet normal -0 0 1
    outer loop
      vertex 23.4 47.2 2
      vertex 33.5 44.5 2
      vertex 31.4 47.2 2
    endloop
  endfacet
  facet normal 0 0 1
    outer loop
      vertex 33.5 44.5 2
      vertex 31.4 22.8 2
      vertex 31.4 21.2 2
    endloop
  endfacet
  facet normal 0 0 1
    outer loop
      vertex 33.5 44.5 2
      vertex 31.4 21.2 2
      vertex 31.4 10.4 2
    endloop
  endfacet
  facet normal 0 0 1
    outer loop
      vertex 33.5 44.5 2
      vertex 31.4 10.4 2
      vertex 31.4 8.8 2
    endloop
  endfacet
  facet normal -0 0 1
    outer loop
      vertex 31.4 -7.6 2
      vertex 33.5 -37.5 2
      vertex 31.4 8.8 2
    endloop
  endfacet
  facet normal -0 0 1
    outer loop
      vertex 31.4 -9.2 2
      vertex 33.5 -37.5 2
      vertex 31.4 -7.6 2
    endloop
  endfacet
  facet normal 0 0 1
    outer loop
      vertex 14.4 -23.8 2
      vertex 31.4 -9.2 2
      vertex 23.4 -9.2 2
    endloop
  endfacet
  facet normal 0 0 1
    outer loop
      vertex 33.5 -37.5 2
      vertex 24 -43.2 2
      vertex 33.5 -44.5 2
    endloop
  endfacet
  facet normal 0 0 1
    outer loop
      vertex 24 -48 2
      vertex 33.5 -44.5 2
      vertex 24 -43.2 2
    endloop
  endfacet
  facet normal 0 0 1
    outer loop
      vertex 33.5 -44.5 2
      vertex 24 -48 2
      vertex 36 -48 2
    endloop
  endfacet
  facet normal -0 0 1
    outer loop
      vertex -37 47 2
      vertex -36.2 42.4 2
      vertex -36.2 47.9776 2
    endloop
  endfacet
  facet normal 0 0 1
    outer loop
      vertex -36.2 42.4 2
      vertex -37 47 2
      vertex -36.2 7.6 2
    endloop
  endfacet
  facet normal 0 0 1
    outer loop
      vertex -36.3827 47.9239 2
      vertex -36.2 47.9776 2
      vertex -36.2588 47.9659 2
    endloop
  endfacet
  facet normal -0 0 1
    outer loop
      vertex -36.2 42.4 2
      vertex -34.6 7.6 2
      vertex -34.6 42.4 2
    endloop
  endfacet
  facet normal 0 0 1
    outer loop
      vertex -34.6 7.6 2
      vertex -36.2 42.4 2
      vertex -36.2 7.6 2
    endloop
  endfacet
  facet normal -0 0 1
    outer loop
      vertex -34.6 48 2
      vertex -33.5 44.5 2
      vertex -33.5 48 2
    endloop
  endfacet
  facet normal 0 0 1
    outer loop
      vertex -33.5 44.5 2
      vertex -34.6 7.6 2
      vertex -33.5 -37.5 2
    endloop
  endfacet
  facet normal 0 0 1
    outer loop
      vertex -33.5 44.5 2
      vertex -34.6 48 2
      vertex -34.6 42.4 2
    endloop
  endfacet
  facet normal 0 0 1
    outer loop
      vertex -33.5 -37.5 2
      vertex 0.2 -0.4 2
      vertex -33.5 44.5 2
    endloop
  endfacet
  facet normal 0 0 1
    outer loop
      vertex 0.2 -0.4 2
      vertex -33.5 -37.5 2
      vertex -26.5 -37.5 2
    endloop
  endfacet
  facet normal -0 0 1
    outer loop
      vertex -26.5 44.5 2
      vertex 0.2 42.4 2
      vertex 0.2 48 2
    endloop
  endfacet
  facet normal 0 0 1
    outer loop
      vertex 0.2 42.4 2
      vertex -26.5 44.5 2
      vertex 0.2 7.6 2
    endloop
  endfacet
  facet normal -0 0 1
    outer loop
      vertex -33.5 44.5 2
      vertex 0.2 7.6 2
      vertex -26.5 44.5 2
    endloop
  endfacet
  facet normal 0 0 1
    outer loop
      vertex 0.2 -0.4 2
      vertex -26.5 -37.5 2
      vertex -22 -43.2 2
    endloop
  endfacet
  facet normal 0 0 1
    outer loop
      vertex -26.5 44.5 2
      vertex 0.2 48 2
      vertex -26.5 48 2
    endloop
  endfacet
  facet normal 0 0 1
    outer loop
      vertex 0.2 7.6 2
      vertex -33.5 44.5 2
      vertex 0.2 -0.4 2
    endloop
  endfacet
  facet normal 0 0 1
    outer loop
      vertex -22 -43.2 2
      vertex -26.5 -37.5 2
      vertex -24 -43.2 2
    endloop
  endfacet
  facet normal 0 0 1
    outer loop
      vertex -26.5 -44.5 2
      vertex -24 -43.2 2
      vertex -26.5 -37.5 2
    endloop
  endfacet
  facet normal 0 0 1
    outer loop
      vertex -24 -43.2 2
      vertex -26.5 -44.5 2
      vertex -24 -48 2
    endloop
  endfacet
  facet normal -0 0 1
    outer loop
      vertex -33.5 -44.5 2
      vertex -24 -48 2
      vertex -26.5 -44.5 2
    endloop
  endfacet
  facet normal 0 0 1
    outer loop
      vertex -33.5 44.5 2
      vertex -34.6 42.4 2
      vertex -34.6 7.6 2
    endloop
  endfacet
  facet normal -0 0 1
    outer loop
      vertex -34.6 -0.4 2
      vertex -33.5 -37.5 2
      vertex -34.6 7.6 2
    endloop
  endfacet
  facet normal -0 0 1
    outer loop
      vertex -36.2 -0.4 2
      vertex -33.5 -37.5 2
      vertex -34.6 -0.4 2
    endloop
  endfacet
  facet normal 0 0 1
    outer loop
      vertex -33.5 -44.5 2
      vertex -36 -48 2
      vertex -24 -48 2
    endloop
  endfacet
  facet normal 0 0 1
    outer loop
      vertex -37 -47 2
      vertex -33.5 -37.5 2
      vertex -36.2 -0.4 2
    endloop
  endfacet
  facet normal 0 0 1
    outer loop
      vertex -33.5 -44.5 2
      vertex -37 -47 2
      vertex -36 -48 2
    endloop
  endfacet
  facet normal 0 0 1
    outer loop
      vertex -33.5 -37.5 2
      vertex -37 -47 2
      vertex -33.5 -44.5 2
    endloop
  endfacet
  facet normal 0 0 1
    outer loop
      vertex -36 -48 2
      vertex -37 -47 2
      vertex -36.1305 -47.9914 2
    endloop
  endfacet
  facet normal 0 0 1
    outer loop
      vertex -36.2 7.6 2
      vertex -37 47 2
      vertex -36.2 -0.4 2
    endloop
  endfacet
  facet normal 0 0 1
    outer loop
      vertex -36.2 47.9776 2
      vertex -36.3827 47.9239 2
      vertex -37 47 2
    endloop
  endfacet
  facet normal 0 0 1
    outer loop
      vertex -37 -47 2
      vertex -36.2 -0.4 2
      vertex -37 47 2
    endloop
  endfacet
  facet normal 0 0 1
    outer loop
      vertex -37 47 2
      vertex -36.3827 47.9239 2
      vertex -36.5 47.866 2
    endloop
  endfacet
  facet normal 0 0 1
    outer loop
      vertex -36.1305 -47.9914 2
      vertex -37 -47 2
      vertex -36.2588 -47.9659 2
    endloop
  endfacet
  facet normal 0 0 1
    outer loop
      vertex -37 47 2
      vertex -36.5 47.866 2
      vertex -36.6088 47.7934 2
    endloop
  endfacet
  facet normal 0 0 1
    outer loop
      vertex -36.2588 -47.9659 2
      vertex -37 -47 2
      vertex -36.3827 -47.9239 2
    endloop
  endfacet
  facet normal 0 0 1
    outer loop
      vertex -37 47 2
      vertex -36.6088 47.7934 2
      vertex -36.7071 47.7071 2
    endloop
  endfacet
  facet normal 0 0 1
    outer loop
      vertex -36.3827 -47.9239 2
      vertex -37 -47 2
      vertex -36.5 -47.866 2
    endloop
  endfacet
  facet normal 0 0 1
    outer loop
      vertex -37 47 2
      vertex -36.7071 47.7071 2
      vertex -36.7934 47.6088 2
    endloop
  endfacet
  facet normal 0 0 1
    outer loop
      vertex -36.5 -47.866 2
      vertex -37 -47 2
      vertex -36.6088 -47.7934 2
    endloop
  endfacet
  facet normal 0 0 1
    outer loop
      vertex -37 47 2
      vertex -36.7934 47.6088 2
      vertex -36.866 47.5 2
    endloop
  endfacet
  facet normal 0 0 1
    outer loop
      vertex -36.6088 -47.7934 2
      vertex -37 -47 2
      vertex -36.7071 -47.7071 2
    endloop
  endfacet
  facet normal 0 0 1
    outer loop
      vertex -37 47 2
      vertex -36.866 47.5 2
      vertex -36.9239 47.3827 2
    endloop
  endfacet
  facet normal 0 0 1
    outer loop
      vertex -36.7071 -47.7071 2
      vertex -37 -47 2
      vertex -36.7934 -47.6088 2
    endloop
  endfacet
  facet normal 0 0 1
    outer loop
      vertex -37 47 2
      vertex -36.9239 47.3827 2
      vertex -36.9659 47.2588 2
    endloop
  endfacet
  facet normal 0 0 1
    outer loop
      vertex -36.7934 -47.6088 2
      vertex -37 -47 2
      vertex -36.866 -47.5 2
    endloop
  endfacet
  facet normal 0 0 1
    outer loop
      vertex -37 47 2
      vertex -36.9659 47.2588 2
      vertex -36.9914 47.1305 2
    endloop
  endfacet
  facet normal 0 0 1
    outer loop
      vertex -36.866 -47.5 2
      vertex -37 -47 2
      vertex -36.9239 -47.3827 2
    endloop
  endfacet
  facet normal 0 0 1
    outer loop
      vertex -36.9239 -47.3827 2
      vertex -37 -47 2
      vertex -36.9659 -47.2588 2
    endloop
  endfacet
  facet normal 0 0 1
    outer loop
      vertex -36.9659 -47.2588 2
      vertex -37 -47 2
      vertex -36.9914 -47.1305 2
    endloop
  endfacet
  facet normal 0 0 1
    outer loop
      vertex 0.2 7.6 2
      vertex 13.6 22.8 2
      vertex 0.2 42.4 2
    endloop
  endfacet
  facet normal 0 0 1
    outer loop
      vertex 13.6 22.8 2
      vertex 0.2 7.6 2
      vertex 1.8 7.6 2
    endloop
  endfacet
  facet normal -0 0 1
    outer loop
      vertex 1.8 48 2
      vertex 13.6 47.2 2
      vertex 13.6 48 2
    endloop
  endfacet
  facet normal 0 0 1
    outer loop
      vertex 13.6 47.2 2
      vertex 1.8 42.4 2
      vertex 13.6 22.8 2
    endloop
  endfacet
  facet normal -0 0 1
    outer loop
      vertex 0.2 42.4 2
      vertex 13.6 22.8 2
      vertex 1.8 42.4 2
    endloop
  endfacet
  facet normal 0 0 1
    outer loop
      vertex 13.6 22.8 2
      vertex 1.8 7.6 2
      vertex 13.6 21.2 2
    endloop
  endfacet
  facet normal 0 0 1
    outer loop
      vertex 13.6 21.2 2
      vertex 1.8 7.6 2
      vertex 13.6 10.4 2
    endloop
  endfacet
  facet normal 0 0 1
    outer loop
      vertex 1.8 -0.4 2
      vertex 13.6 8.8 2
      vertex 1.8 7.6 2
    endloop
  endfacet
  facet normal 0 0 1
    outer loop
      vertex 13.6 8.8 2
      vertex 1.8 -0.4 2
      vertex 13.6 -7.6 2
    endloop
  endfacet
  facet normal 0 0 1
    outer loop
      vertex 0.2 -0.4 2
      vertex 12.8 -23.8 2
      vertex 12.8 -15.8 2
    endloop
  endfacet
  facet normal 0 0 1
    outer loop
      vertex -22 -43.2 2
      vertex 12.8 -23.8 2
      vertex 0.2 -0.4 2
    endloop
  endfacet
  facet normal 0 0 1
    outer loop
      vertex 13.6 10.4 2
      vertex 1.8 7.6 2
      vertex 13.6 8.8 2
    endloop
  endfacet
  facet normal 0 0 1
    outer loop
      vertex 13.6 47.2 2
      vertex 1.8 48 2
      vertex 1.8 42.4 2
    endloop
  endfacet
  facet normal -0 0 1
    outer loop
      vertex 12.8 -23.8 2
      vertex 14.4 -26.4 2
      vertex 14.4 -23.8 2
    endloop
  endfacet
  facet normal 0 0 1
    outer loop
      vertex 14.4 -26.4 2
      vertex 12.8 -23.8 2
      vertex 12.8 -26.4 2
    endloop
  endfacet
  facet normal -0 0 1
    outer loop
      vertex 13.6 -9.2 2
      vertex 14.4 -15.8 2
      vertex 21.6 -9.2 2
    endloop
  endfacet
  facet normal 0 0 1
    outer loop
      vertex 14.4 -15.8 2
      vertex 13.6 -9.2 2
      vertex 12.8 -15.8 2
    endloop
  endfacet
  facet normal -0 0 1
    outer loop
      vertex 13.6 8.8 2
      vertex 21.6 -7.6 2
      vertex 21.6 8.8 2
    endloop
  endfacet
  facet normal 0 0 1
    outer loop
      vertex 21.6 -7.6 2
      vertex 13.6 8.8 2
      vertex 13.6 -7.6 2
    endloop
  endfacet
  facet normal -0 0 1
    outer loop
      vertex 13.6 21.2 2
      vertex 21.6 10.4 2
      vertex 21.6 21.2 2
    endloop
  endfacet
  facet normal 0 0 1
    outer loop
      vertex 21.6 10.4 2
      vertex 13.6 21.2 2
      vertex 13.6 10.4 2
    endloop
  endfacet
  facet normal -0 0 1
    outer loop
      vertex 13.6 47.2 2
      vertex 21.6 22.8 2
      vertex 21.6 47.2 2
    endloop
  endfacet
  facet normal 0 0 1
    outer loop
      vertex 21.6 22.8 2
      vertex 13.6 47.2 2
      vertex 13.6 22.8 2
    endloop
  endfacet
  facet normal 0 0 1
    outer loop
      vertex 21.6 47.2 2
      vertex 23.4 47.2 2
      vertex 23.4 48 2
    endloop
  endfacet
  facet normal 0 0 1
    outer loop
      vertex 23.4 47.2 2
      vertex 21.6 47.2 2
      vertex 23.4 22.8 2
    endloop
  endfacet
  facet normal 0 0 1
    outer loop
      vertex 23.4 22.8 2
      vertex 21.6 22.8 2
      vertex 23.4 21.2 2
    endloop
  endfacet
  facet normal 0 0 1
    outer loop
      vertex 21.6 21.2 2
      vertex 23.4 21.2 2
      vertex 21.6 22.8 2
    endloop
  endfacet
  facet normal 0 0 1
    outer loop
      vertex 23.4 21.2 2
      vertex 21.6 21.2 2
      vertex 23.4 10.4 2
    endloop
  endfacet
  facet normal 0 0 1
    outer loop
      vertex 23.4 10.4 2
      vertex 21.6 10.4 2
      vertex 23.4 8.8 2
    endloop
  endfacet
  facet normal 0 0 1
    outer loop
      vertex 21.6 8.8 2
      vertex 23.4 8.8 2
      vertex 21.6 10.4 2
    endloop
  endfacet
  facet normal 0 0 1
    outer loop
      vertex 21.6 47.2 2
      vertex 23.4 48 2
      vertex 21.6 48 2
    endloop
  endfacet
  facet normal 0 0 1
    outer loop
      vertex 23.4 22.8 2
      vertex 21.6 47.2 2
      vertex 21.6 22.8 2
    endloop
  endfacet
  facet normal 0 0 1
    outer loop
      vertex 21.6 10.4 2
      vertex 23.4 10.4 2
      vertex 21.6 21.2 2
    endloop
  endfacet
  facet normal 0 0 1
    outer loop
      vertex 23.4 8.8 2
      vertex 21.6 8.8 2
      vertex 23.4 -7.6 2
    endloop
  endfacet
  facet normal 0 0 1
    outer loop
      vertex 21.6 -7.6 2
      vertex 23.4 -7.6 2
      vertex 21.6 8.8 2
    endloop
  endfacet
  facet normal 0 0 1
    outer loop
      vertex 23.4 -7.6 2
      vertex 21.6 -7.6 2
      vertex 23.4 -9.2 2
    endloop
  endfacet
  facet normal 0 0 1
    outer loop
      vertex 21.6 -9.2 2
      vertex 23.4 -9.2 2
      vertex 21.6 -7.6 2
    endloop
  endfacet
  facet normal 0 0 1
    outer loop
      vertex 14.4 -15.8 2
      vertex 23.4 -9.2 2
      vertex 21.6 -9.2 2
    endloop
  endfacet
  facet normal -0 0 1
    outer loop
      vertex 14.4 -34.4 2
      vertex 33.5 -37.5 2
      vertex 14.4 -26.4 2
    endloop
  endfacet
  facet normal 0 0 1
    outer loop
      vertex 23.4 -9.2 2
      vertex 14.4 -15.8 2
      vertex 14.4 -23.8 2
    endloop
  endfacet
  facet normal 0 0 1
    outer loop
      vertex 33.5 -37.5 2
      vertex 14.4 -23.8 2
      vertex 14.4 -26.4 2
    endloop
  endfacet
  facet normal 0 0 1
    outer loop
      vertex 33.5 -37.5 2
      vertex 14.4 -34.4 2
      vertex 22 -43.2 2
    endloop
  endfacet
  facet normal -0 0 1
    outer loop
      vertex 12.8 -34.4 2
      vertex 22 -43.2 2
      vertex 14.4 -34.4 2
    endloop
  endfacet
  facet normal 0 0 1
    outer loop
      vertex 22 -43.2 2
      vertex 12.8 -34.4 2
      vertex 22 -48 2
    endloop
  endfacet
  facet normal 0 0 1
    outer loop
      vertex 13.6 -7.6 2
      vertex 1.8 -0.4 2
      vertex 13.6 -9.2 2
    endloop
  endfacet
  facet normal 0 0 1
    outer loop
      vertex 13.6 -9.2 2
      vertex 1.8 -0.4 2
      vertex 12.8 -15.8 2
    endloop
  endfacet
  facet normal -0 0 1
    outer loop
      vertex 0.2 -0.4 2
      vertex 12.8 -15.8 2
      vertex 1.8 -0.4 2
    endloop
  endfacet
  facet normal 0 0 1
    outer loop
      vertex 12.8 -23.8 2
      vertex -22 -43.2 2
      vertex 12.8 -26.4 2
    endloop
  endfacet
  facet normal 0 0 1
    outer loop
      vertex 12.8 -26.4 2
      vertex -22 -43.2 2
      vertex 12.8 -34.4 2
    endloop
  endfacet
  facet normal 0 0 1
    outer loop
      vertex -22 -48 2
      vertex 12.8 -34.4 2
      vertex -22 -43.2 2
    endloop
  endfacet
  facet normal 0 0 1
    outer loop
      vertex 12.8 -34.4 2
      vertex -22 -48 2
      vertex 22 -48 2
    endloop
  endfacet
  facet normal 0 0 1
    outer loop
      vertex 31.4 -9.2 2
      vertex 14.4 -23.8 2
      vertex 33.5 -37.5 2
    endloop
  endfacet
  facet normal 0 0 1
    outer loop
      vertex 33.5 -37.5 2
      vertex 22 -43.2 2
      vertex 24 -43.2 2
    endloop
  endfacet
  facet normal -0 0 1
    outer loop
      vertex 23.4 8.8 2
      vertex 31.4 -7.6 2
      vertex 31.4 8.8 2
    endloop
  endfacet
  facet normal 0 0 1
    outer loop
      vertex 31.4 -7.6 2
      vertex 23.4 8.8 2
      vertex 23.4 -7.6 2
    endloop
  endfacet
  facet normal -0 0 1
    outer loop
      vertex 23.4 21.2 2
      vertex 31.4 10.4 2
      vertex 31.4 21.2 2
    endloop
  endfacet
  facet normal 0 0 1
    outer loop
      vertex 31.4 10.4 2
      vertex 23.4 21.2 2
      vertex 23.4 10.4 2
    endloop
  endfacet
  facet normal 0 0 1
    outer loop
      vertex 23.4 22.8 2
      vertex 33.5 44.5 2
      vertex 23.4 47.2 2
    endloop
  endfacet
  facet normal 0 0 1
    outer loop
      vertex 33.5 44.5 2
      vertex 23.4 22.8 2
      vertex 31.4 22.8 2
    endloop
  endfacet
  facet normal 0 0 -1
    outer loop
      vertex -33.5 50 2
      vertex -26.5 51.5 2
      vertex -26.5 50 2
    endloop
  endfacet
  facet normal -0 0 -1
    outer loop
      vertex -26.5 51.5 2
      vertex -33.5 50 2
      vertex -33.5 51.5 2
    endloop
  endfacet
  facet normal 0 0 -1
    outer loop
      vertex 39 47 2
      vertex 40.5 44.5 2
      vertex 39 44.5 2
    endloop
  endfacet
  facet normal 0 0 -1
    outer loop
      vertex 38.9743 47.3916 2
      vertex 40.5 44.5 2
      vertex 39 47 2
    endloop
  endfacet
  facet normal 0 0 -1
    outer loop
      vertex 40.5 44.5 2
      vertex 38.9743 47.3916 2
      vertex 40.5 51.5 2
    endloop
  endfacet
  facet normal 0 0 -1
    outer loop
      vertex 38.8978 47.7765 2
      vertex 40.5 51.5 2
      vertex 38.9743 47.3916 2
    endloop
  endfacet
  facet normal 0 0 -1
    outer loop
      vertex 38.7716 48.148 2
      vertex 40.5 51.5 2
      vertex 38.8978 47.7765 2
    endloop
  endfacet
  facet normal 0 0 -1
    outer loop
      vertex 38.5981 48.5 2
      vertex 40.5 51.5 2
      vertex 38.7716 48.148 2
    endloop
  endfacet
  facet normal 0 0 -1
    outer loop
      vertex 38.3801 48.8263 2
      vertex 40.5 51.5 2
      vertex 38.5981 48.5 2
    endloop
  endfacet
  facet normal 0 0 -1
    outer loop
      vertex 38.1213 49.1213 2
      vertex 40.5 51.5 2
      vertex 38.3801 48.8263 2
    endloop
  endfacet
  facet normal 0 0 -1
    outer loop
      vertex 37.8263 49.3801 2
      vertex 40.5 51.5 2
      vertex 38.1213 49.1213 2
    endloop
  endfacet
  facet normal 0 0 -1
    outer loop
      vertex 37.5 49.5981 2
      vertex 40.5 51.5 2
      vertex 37.8263 49.3801 2
    endloop
  endfacet
  facet normal 0 0 -1
    outer loop
      vertex 37.148 49.7716 2
      vertex 40.5 51.5 2
      vertex 37.5 49.5981 2
    endloop
  endfacet
  facet normal 0 0 -1
    outer loop
      vertex 36.7765 49.8978 2
      vertex 40.5 51.5 2
      vertex 37.148 49.7716 2
    endloop
  endfacet
  facet normal 0 0 -1
    outer loop
      vertex 36.3916 49.9743 2
      vertex 40.5 51.5 2
      vertex 36.7765 49.8978 2
    endloop
  endfacet
  facet normal 0 0 -1
    outer loop
      vertex 33.5 51.5 2
      vertex 36.3916 49.9743 2
      vertex 36 50 2
    endloop
  endfacet
  facet normal 0 0 -1
    outer loop
      vertex 33.5 51.5 2
      vertex 36 50 2
      vertex 33.5 50 2
    endloop
  endfacet
  facet normal 0 0 -1
    outer loop
      vertex 36.3916 49.9743 2
      vertex 33.5 51.5 2
      vertex 40.5 51.5 2
    endloop
  endfacet
  facet normal 0 0 -1
    outer loop
      vertex -36 50 2
      vertex -34.6 50.4 2
      vertex -34.6 50 2
    endloop
  endfacet
  facet normal 0 0 -1
    outer loop
      vertex -36.2 50.4 2
      vertex -36 50 2
      vertex -36.2 49.9869 2
    endloop
  endfacet
  facet normal 0 0 -1
    outer loop
      vertex -36 50 2
      vertex -36.2 50.4 2
      vertex -34.6 50.4 2
    endloop
  endfacet
  facet normal 0 0 -1
    outer loop
      vertex 0.2 50 2
      vertex 1.8 50.4 2
      vertex 1.8 50 2
    endloop
  endfacet
  facet normal -0 0 -1
    outer loop
      vertex 1.8 50.4 2
      vertex 0.2 50 2
      vertex 0.2 50.4 2
    endloop
  endfacet
  facet normal -0.831815 0.555053 0
    outer loop
      vertex 36.7934 -47.6088 2
      vertex 36.866 -47.5 32
      vertex 36.866 -47.5 2
    endloop
  endfacet
  facet normal -0.831815 0.555053 0
    outer loop
      vertex 36.866 -47.5 32
      vertex 36.7934 -47.6088 2
      vertex 36.7934 -47.6088 32
    endloop
  endfacet
  facet normal 0.831815 -0.555053 0
    outer loop
      vertex -36.866 47.5 32
      vertex -36.7934 47.6088 2
      vertex -36.7934 47.6088 32
    endloop
  endfacet
  facet normal 0.831815 -0.555053 0
    outer loop
      vertex -36.7934 47.6088 2
      vertex -36.866 47.5 32
      vertex -36.866 47.5 2
    endloop
  endfacet
  facet normal 0.896709 0.442621 0
    outer loop
      vertex -36.866 -47.5 32
      vertex -36.9239 -47.3827 2
      vertex -36.9239 -47.3827 32
    endloop
  endfacet
  facet normal 0.896709 0.442621 0
    outer loop
      vertex -36.9239 -47.3827 2
      vertex -36.866 -47.5 32
      vertex -36.866 -47.5 2
    endloop
  endfacet
  facet normal 0 -1 0
    outer loop
      vertex -32.05 48 26
      vertex -27.95 48 32
      vertex -32.05 48 32
    endloop
  endfacet
  facet normal 0 -1 -0
    outer loop
      vertex -27.95 48 32
      vertex -32.05 48 26
      vertex -27.95 48 26
    endloop
  endfacet
  facet normal 0 -1 0
    outer loop
      vertex 34.95 48 26
      vertex 36 48 32
      vertex 34.95 48 32
    endloop
  endfacet
  facet normal 0 -1 -0
    outer loop
      vertex 36 48 32
      vertex 34.95 48 26
      vertex 36 48 26
    endloop
  endfacet
  facet normal 0 -1 0
    outer loop
      vertex -34.6 48 5
      vertex -36 48 32
      vertex -36 48 5
    endloop
  endfacet
  facet normal 0 -1 0
    outer loop
      vertex -36 48 32
      vertex -34.6 48 5
      vertex -33.5 48 32
    endloop
  endfacet
  facet normal 0 -1 0
    outer loop
      vertex -33.5 48 2
      vertex -34.6 48 5
      vertex -34.6 48 2
    endloop
  endfacet
  facet normal 0 -1 0
    outer loop
      vertex -34.6 48 5
      vertex -33.5 48 2
      vertex -33.5 48 32
    endloop
  endfacet
  facet normal 0 -1 0
    outer loop
      vertex 21.6 48 2
      vertex 23.4 48 5
      vertex 21.6 48 5
    endloop
  endfacet
  facet normal 0 -1 -0
    outer loop
      vertex 23.4 48 5
      vertex 21.6 48 2
      vertex 23.4 48 2
    endloop
  endfacet
  facet normal 0 -1 0
    outer loop
      vertex 7 48 8
      vertex 13.6 48 2
      vertex 9 48 8
    endloop
  endfacet
  facet normal 0 -1 0
    outer loop
      vertex 9 48 8
      vertex 13.6 48 2
      vertex 13.6 48 5
    endloop
  endfacet
  facet normal 0 -1 0
    outer loop
      vertex 9 48 8
      vertex 15 48 26
      vertex 9 48 26
    endloop
  endfacet
  facet normal 0 -1 -0
    outer loop
      vertex 15 48 26
      vertex 9 48 8
      vertex 15 48 8
    endloop
  endfacet
  facet normal 0 -1 0
    outer loop
      vertex 1 48 8
      vertex 7 48 26
      vertex 1 48 26
    endloop
  endfacet
  facet normal 0 -1 -0
    outer loop
      vertex 7 48 26
      vertex 1 48 8
      vertex 7 48 8
    endloop
  endfacet
  facet normal 0 -1 0
    outer loop
      vertex -7 48 8
      vertex -1 48 26
      vertex -7 48 26
    endloop
  endfacet
  facet normal 0 -1 -0
    outer loop
      vertex -1 48 26
      vertex -7 48 8
      vertex -1 48 8
    endloop
  endfacet
  facet normal 0 -1 0
    outer loop
      vertex -15 48 8
      vertex -9 48 26
      vertex -15 48 26
    endloop
  endfacet
  facet normal 0 -1 -0
    outer loop
      vertex -9 48 26
      vertex -15 48 8
      vertex -9 48 8
    endloop
  endfacet
  facet normal 0 -1 0
    outer loop
      vertex -15 48 26
      vertex -26.5 48 32
      vertex -17 48 26
    endloop
  endfacet
  facet normal 0 -1 0
    outer loop
      vertex -26.5 48 32
      vertex -17 48 8
      vertex -17 48 26
    endloop
  endfacet
  facet normal 0 -1 0
    outer loop
      vertex -26.5 48 2
      vertex -15 48 8
      vertex -17 48 8
    endloop
  endfacet
  facet normal 0 -1 0
    outer loop
      vertex -15 48 8
      vertex 0.2 48 2
      vertex -9 48 8
    endloop
  endfacet
  facet normal 0 -1 0
    outer loop
      vertex -9 48 8
      vertex 0.2 48 2
      vertex -7 48 8
    endloop
  endfacet
  facet normal -0 -1 -0
    outer loop
      vertex 0.2 48 5
      vertex -7 48 8
      vertex 0.2 48 2
    endloop
  endfacet
  facet normal 0 -1 0
    outer loop
      vertex -1 48 8
      vertex 0.2 48 5
      vertex 1 48 8
    endloop
  endfacet
  facet normal 0 -1 0
    outer loop
      vertex 1.8 48 5
      vertex 1 48 8
      vertex 0.2 48 5
    endloop
  endfacet
  facet normal 0 -1 0
    outer loop
      vertex 1 48 8
      vertex 1.8 48 5
      vertex 7 48 8
    endloop
  endfacet
  facet normal 0 -1 0
    outer loop
      vertex 1.8 48 2
      vertex 7 48 8
      vertex 1.8 48 5
    endloop
  endfacet
  facet normal 0 -1 0
    outer loop
      vertex 13.6 48 2
      vertex 7 48 8
      vertex 1.8 48 2
    endloop
  endfacet
  facet normal 0 -1 0
    outer loop
      vertex -26.5 48 2
      vertex -17 48 8
      vertex -26.5 48 32
    endloop
  endfacet
  facet normal 0 -1 -0
    outer loop
      vertex -15 48 8
      vertex -26.5 48 2
      vertex 0.2 48 2
    endloop
  endfacet
  facet normal 0 -1 0
    outer loop
      vertex -7 48 8
      vertex 0.2 48 5
      vertex -1 48 8
    endloop
  endfacet
  facet normal 0 -1 0
    outer loop
      vertex -9 48 26
      vertex -26.5 48 32
      vertex -15 48 26
    endloop
  endfacet
  facet normal 0 -1 0
    outer loop
      vertex -7 48 26
      vertex -26.5 48 32
      vertex -9 48 26
    endloop
  endfacet
  facet normal 0 -1 0
    outer loop
      vertex -1 48 26
      vertex -26.5 48 32
      vertex -7 48 26
    endloop
  endfacet
  facet normal 0 -1 0
    outer loop
      vertex 1 48 26
      vertex -26.5 48 32
      vertex -1 48 26
    endloop
  endfacet
  facet normal 0 -1 0
    outer loop
      vertex -26.5 48 32
      vertex 1 48 26
      vertex 33.5 48 32
    endloop
  endfacet
  facet normal 0 -1 0
    outer loop
      vertex 7 48 26
      vertex 33.5 48 32
      vertex 1 48 26
    endloop
  endfacet
  facet normal 0 -1 0
    outer loop
      vertex 9 48 26
      vertex 33.5 48 32
      vertex 7 48 26
    endloop
  endfacet
  facet normal 0 -1 0
    outer loop
      vertex 15 48 26
      vertex 33.5 48 32
      vertex 9 48 26
    endloop
  endfacet
  facet normal 0 -1 0
    outer loop
      vertex 17 48 26
      vertex 33.5 48 32
      vertex 15 48 26
    endloop
  endfacet
  facet normal 0 -1 0
    outer loop
      vertex 23.4 48 5
      vertex 17 48 26
      vertex 17 48 8
    endloop
  endfacet
  facet normal 0 -1 0
    outer loop
      vertex 9 48 8
      vertex 13.6 48 5
      vertex 15 48 8
    endloop
  endfacet
  facet normal 0 -1 -0
    outer loop
      vertex 15 48 8
      vertex 13.6 48 5
      vertex 17 48 8
    endloop
  endfacet
  facet normal 0 -1 0
    outer loop
      vertex 21.6 48 5
      vertex 17 48 8
      vertex 13.6 48 5
    endloop
  endfacet
  facet normal 0 -1 0
    outer loop
      vertex 23.4 48 5
      vertex 17 48 8
      vertex 21.6 48 5
    endloop
  endfacet
  facet normal 0 -1 0
    outer loop
      vertex 31.4 48 5
      vertex 17 48 26
      vertex 23.4 48 5
    endloop
  endfacet
  facet normal 0 -1 0
    outer loop
      vertex 17 48 26
      vertex 31.4 48 5
      vertex 33.5 48 32
    endloop
  endfacet
  facet normal 0 -1 0
    outer loop
      vertex 33.5 48 2
      vertex 31.4 48 5
      vertex 31.4 48 2
    endloop
  endfacet
  facet normal 0 -1 0
    outer loop
      vertex 31.4 48 5
      vertex 33.5 48 2
      vertex 33.5 48 32
    endloop
  endfacet
  facet normal -0.19494 -0.980815 0
    outer loop
      vertex 36.1305 47.9914 26
      vertex 36.2588 47.9659 32
      vertex 36.1305 47.9914 32
    endloop
  endfacet
  facet normal -0.19494 -0.980815 -0
    outer loop
      vertex 36.2588 47.9659 32
      vertex 36.1305 47.9914 26
      vertex 36.2588 47.9659 26
    endloop
  endfacet
  facet normal -0.0657577 -0.997836 0
    outer loop
      vertex 36 48 26
      vertex 36.1305 47.9914 32
      vertex 36 48 32
    endloop
  endfacet
  facet normal -0.0657577 -0.997836 -0
    outer loop
      vertex 36.1305 47.9914 32
      vertex 36 48 26
      vertex 36.1305 47.9914 26
    endloop
  endfacet
  facet normal -0.980815 0.19494 0
    outer loop
      vertex 36.9659 -47.2588 2
      vertex 36.9914 -47.1305 32
      vertex 36.9914 -47.1305 2
    endloop
  endfacet
  facet normal -0.980815 0.19494 0
    outer loop
      vertex 36.9914 -47.1305 32
      vertex 36.9659 -47.2588 2
      vertex 36.9659 -47.2588 32
    endloop
  endfacet
  facet normal 0.19494 0.980815 -0
    outer loop
      vertex -36.1305 -47.9914 2
      vertex -36.2588 -47.9659 32
      vertex -36.1305 -47.9914 32
    endloop
  endfacet
  facet normal 0.19494 0.980815 0
    outer loop
      vertex -36.2588 -47.9659 32
      vertex -36.1305 -47.9914 2
      vertex -36.2588 -47.9659 2
    endloop
  endfacet
  facet normal -0.997836 0.0657577 0
    outer loop
      vertex 36.9914 -47.1305 2
      vertex 37 -47 32
      vertex 37 -47 2
    endloop
  endfacet
  facet normal -0.997836 0.0657577 0
    outer loop
      vertex 37 -47 32
      vertex 36.9914 -47.1305 2
      vertex 36.9914 -47.1305 32
    endloop
  endfacet
  facet normal 0.0657577 0.997836 -0
    outer loop
      vertex -36 -48 2
      vertex -36.1305 -47.9914 32
      vertex -36 -48 32
    endloop
  endfacet
  facet normal 0.0657577 0.997836 0
    outer loop
      vertex -36.1305 -47.9914 32
      vertex -36 -48 2
      vertex -36.1305 -47.9914 2
    endloop
  endfacet
  facet normal 0.442621 -0.896709 0
    outer loop
      vertex -36.5 47.866 2
      vertex -36.3827 47.9239 32
      vertex -36.5 47.866 32
    endloop
  endfacet
  facet normal 0.442621 -0.896709 0
    outer loop
      vertex -36.3827 47.9239 32
      vertex -36.5 47.866 2
      vertex -36.3827 47.9239 2
    endloop
  endfacet
  facet normal -0.321039 0.947066 0
    outer loop
      vertex 36.3827 -47.9239 2
      vertex 36.2588 -47.9659 32
      vertex 36.3827 -47.9239 32
    endloop
  endfacet
  facet normal -0.321039 0.947066 0
    outer loop
      vertex 36.2588 -47.9659 32
      vertex 36.3827 -47.9239 2
      vertex 36.2588 -47.9659 2
    endloop
  endfacet
  facet normal -0.896709 -0.442621 0
    outer loop
      vertex 36.9239 47.3827 26
      vertex 36.866 47.5 32
      vertex 36.866 47.5 26
    endloop
  endfacet
  facet normal -0.896709 -0.442621 0
    outer loop
      vertex 36.866 47.5 32
      vertex 36.9239 47.3827 26
      vertex 36.9239 47.3827 32
    endloop
  endfacet
  facet normal -0.442621 0.896709 0
    outer loop
      vertex 36.5 -47.866 2
      vertex 36.3827 -47.9239 32
      vertex 36.5 -47.866 32
    endloop
  endfacet
  facet normal -0.442621 0.896709 0
    outer loop
      vertex 36.3827 -47.9239 32
      vertex 36.5 -47.866 2
      vertex 36.3827 -47.9239 2
    endloop
  endfacet
  facet normal 0.980815 0.19494 0
    outer loop
      vertex -36.9659 -47.2588 32
      vertex -36.9914 -47.1305 2
      vertex -36.9914 -47.1305 32
    endloop
  endfacet
  facet normal 0.980815 0.19494 0
    outer loop
      vertex -36.9914 -47.1305 2
      vertex -36.9659 -47.2588 32
      vertex -36.9659 -47.2588 2
    endloop
  endfacet
  facet normal -0.442621 -0.896709 0
    outer loop
      vertex 36.3827 47.9239 26
      vertex 36.5 47.866 32
      vertex 36.3827 47.9239 32
    endloop
  endfacet
  facet normal -0.442621 -0.896709 -0
    outer loop
      vertex 36.5 47.866 32
      vertex 36.3827 47.9239 26
      vertex 36.5 47.866 26
    endloop
  endfacet
  facet normal 0.659749 -0.751486 0
    outer loop
      vertex -36.7071 47.7071 2
      vertex -36.6088 47.7934 32
      vertex -36.7071 47.7071 32
    endloop
  endfacet
  facet normal 0.659749 -0.751486 0
    outer loop
      vertex -36.6088 47.7934 32
      vertex -36.7071 47.7071 2
      vertex -36.6088 47.7934 2
    endloop
  endfacet
  facet normal 0.19494 -0.980815 -4.84164e-07
    outer loop
      vertex -36.2588 47.9659 32
      vertex -36.2 47.9776 5
      vertex -36.1305 47.9914 32
    endloop
  endfacet
  facet normal 0.195154 -0.980773 0
    outer loop
      vertex -36.2588 47.9659 2
      vertex -36.2 47.9776 5
      vertex -36.2588 47.9659 32
    endloop
  endfacet
  facet normal 0.195154 -0.980773 0
    outer loop
      vertex -36.2 47.9776 5
      vertex -36.2588 47.9659 2
      vertex -36.2 47.9776 2
    endloop
  endfacet
  facet normal 0.194759 -0.980851 0
    outer loop
      vertex -36.1305 47.9914 32
      vertex -36.2 47.9776 5
      vertex -36.1305 47.9914 5
    endloop
  endfacet
  facet normal 0.442621 0.896709 -0
    outer loop
      vertex -36.3827 -47.9239 2
      vertex -36.5 -47.866 32
      vertex -36.3827 -47.9239 32
    endloop
  endfacet
  facet normal 0.442621 0.896709 0
    outer loop
      vertex -36.5 -47.866 32
      vertex -36.3827 -47.9239 2
      vertex -36.5 -47.866 2
    endloop
  endfacet
  facet normal -0.831815 -0.555053 0
    outer loop
      vertex 36.866 47.5 26
      vertex 36.7934 47.6088 32
      vertex 36.7934 47.6088 26
    endloop
  endfacet
  facet normal -0.831815 -0.555053 0
    outer loop
      vertex 36.7934 47.6088 32
      vertex 36.866 47.5 26
      vertex 36.866 47.5 32
    endloop
  endfacet
  facet normal -0.321039 -0.947066 0
    outer loop
      vertex 36.2588 47.9659 26
      vertex 36.3827 47.9239 32
      vertex 36.2588 47.9659 32
    endloop
  endfacet
  facet normal -0.321039 -0.947066 -0
    outer loop
      vertex 36.3827 47.9239 32
      vertex 36.2588 47.9659 26
      vertex 36.3827 47.9239 26
    endloop
  endfacet
  facet normal 0.555053 0.831815 -0
    outer loop
      vertex -36.5 -47.866 2
      vertex -36.6088 -47.7934 32
      vertex -36.5 -47.866 32
    endloop
  endfacet
  facet normal 0.555053 0.831815 0
    outer loop
      vertex -36.6088 -47.7934 32
      vertex -36.5 -47.866 2
      vertex -36.6088 -47.7934 2
    endloop
  endfacet
  facet normal 0.321039 0.947066 -0
    outer loop
      vertex -36.2588 -47.9659 2
      vertex -36.3827 -47.9239 32
      vertex -36.2588 -47.9659 32
    endloop
  endfacet
  facet normal 0.321039 0.947066 0
    outer loop
      vertex -36.3827 -47.9239 32
      vertex -36.2588 -47.9659 2
      vertex -36.3827 -47.9239 2
    endloop
  endfacet
  facet normal 0.831815 0.555053 0
    outer loop
      vertex -36.7934 -47.6088 32
      vertex -36.866 -47.5 2
      vertex -36.866 -47.5 32
    endloop
  endfacet
  facet normal 0.831815 0.555053 0
    outer loop
      vertex -36.866 -47.5 2
      vertex -36.7934 -47.6088 32
      vertex -36.7934 -47.6088 2
    endloop
  endfacet
  facet normal -0.980815 -0.19494 0
    outer loop
      vertex 36.9914 47.1305 26
      vertex 36.9659 47.2588 32
      vertex 36.9659 47.2588 26
    endloop
  endfacet
  facet normal -0.980815 -0.19494 0
    outer loop
      vertex 36.9659 47.2588 32
      vertex 36.9914 47.1305 26
      vertex 36.9914 47.1305 32
    endloop
  endfacet
  facet normal 0.321039 -0.947066 0
    outer loop
      vertex -36.3827 47.9239 2
      vertex -36.2588 47.9659 32
      vertex -36.3827 47.9239 32
    endloop
  endfacet
  facet normal 0.321039 -0.947066 0
    outer loop
      vertex -36.2588 47.9659 32
      vertex -36.3827 47.9239 2
      vertex -36.2588 47.9659 2
    endloop
  endfacet
  facet normal 0.997836 0.0657577 0
    outer loop
      vertex -36.9914 -47.1305 32
      vertex -37 -47 2
      vertex -37 -47 32
    endloop
  endfacet
  facet normal 0.997836 0.0657577 0
    outer loop
      vertex -37 -47 2
      vertex -36.9914 -47.1305 32
      vertex -36.9914 -47.1305 2
    endloop
  endfacet
  facet normal -1 0 0
    outer loop
      vertex 25 -50 8
      vertex 25 -49.2 29
      vertex 25 -49.2 8
    endloop
  endfacet
  facet normal -1 -0 0
    outer loop
      vertex 25 -49.2 29
      vertex 25 -50 8
      vertex 25 -50 29
    endloop
  endfacet
  facet normal 0 0 -1
    outer loop
      vertex -25 -50 29
      vertex 25 -49.2 29
      vertex 25 -50 29
    endloop
  endfacet
  facet normal -0 0 -1
    outer loop
      vertex 25 -49.2 29
      vertex -25 -50 29
      vertex -25 -49.2 29
    endloop
  endfacet
  facet normal -0 0 1
    outer loop
      vertex -25 -49.2 8
      vertex 25 -50 8
      vertex 25 -49.2 8
    endloop
  endfacet
  facet normal 0 0 1
    outer loop
      vertex 25 -50 8
      vertex -25 -49.2 8
      vertex -25 -50 8
    endloop
  endfacet
  facet normal 1 -0 0
    outer loop
      vertex -25 -50 29
      vertex -25 -49.2 8
      vertex -25 -49.2 29
    endloop
  endfacet
  facet normal 1 0 0
    outer loop
      vertex -25 -49.2 8
      vertex -25 -50 29
      vertex -25 -50 8
    endloop
  endfacet
  facet normal 0 -1 0
    outer loop
      vertex -25 -49.2 8
      vertex 25 -49.2 29
      vertex -25 -49.2 29
    endloop
  endfacet
  facet normal 0 -1 -0
    outer loop
      vertex 25 -49.2 29
      vertex -25 -49.2 8
      vertex 25 -49.2 8
    endloop
  endfacet
  facet normal 0 0 -1
    outer loop
      vertex 37 26 8
      vertex 39 36 8
      vertex 39 26 8
    endloop
  endfacet
  facet normal -0 0 -1
    outer loop
      vertex 39 36 8
      vertex 37 26 8
      vertex 37 36 8
    endloop
  endfacet
  facet normal -0 0 1
    outer loop
      vertex 37 36 4
      vertex 39 26 4
      vertex 39 36 4
    endloop
  endfacet
  facet normal 0 0 1
    outer loop
      vertex 39 26 4
      vertex 37 36 4
      vertex 37 26 4
    endloop
  endfacet
  facet normal 0 -1 0
    outer loop
      vertex 37 36 4
      vertex 39 36 8
      vertex 37 36 8
    endloop
  endfacet
  facet normal 0 -1 -0
    outer loop
      vertex 39 36 8
      vertex 37 36 4
      vertex 39 36 4
    endloop
  endfacet
  facet normal 0 1 -0
    outer loop
      vertex 39 26 4
      vertex 37 26 8
      vertex 39 26 8
    endloop
  endfacet
  facet normal 0 1 0
    outer loop
      vertex 37 26 8
      vertex 39 26 4
      vertex 37 26 4
    endloop
  endfacet
  facet normal 0 0 -1
    outer loop
      vertex 37 -34 8
      vertex 39 -24 8
      vertex 39 -34 8
    endloop
  endfacet
  facet normal -0 0 -1
    outer loop
      vertex 39 -24 8
      vertex 37 -34 8
      vertex 37 -24 8
    endloop
  endfacet
  facet normal 0 0 1
    outer loop
      vertex 39 -24 4
      vertex 37.8 -26.4 4
      vertex 39 -34 4
    endloop
  endfacet
  facet normal -0 0 1
    outer loop
      vertex 37 -24 4
      vertex 37.8 -26.4 4
      vertex 39 -24 4
    endloop
  endfacet
  facet normal 0 0 1
    outer loop
      vertex 37.8 -26.4 4
      vertex 37 -24 4
      vertex 37 -26.4 4
    endloop
  endfacet
  facet normal 0 0 1
    outer loop
      vertex 39 -34 4
      vertex 37.8 -26.4 4
      vertex 37.8 -34 4
    endloop
  endfacet
  facet normal 0 -1 0
    outer loop
      vertex 37 -24 4
      vertex 39 -24 8
      vertex 37 -24 8
    endloop
  endfacet
  facet normal 0 -1 -0
    outer loop
      vertex 39 -24 8
      vertex 37 -24 4
      vertex 39 -24 4
    endloop
  endfacet
  facet normal 0 1 0
    outer loop
      vertex 39 -34 8
      vertex 37.8 -34 5
      vertex 37 -34 8
    endloop
  endfacet
  facet normal 0 1 -0
    outer loop
      vertex 39 -34 4
      vertex 37.8 -34 5
      vertex 39 -34 8
    endloop
  endfacet
  facet normal 0 1 0
    outer loop
      vertex 37.8 -34 5
      vertex 39 -34 4
      vertex 37.8 -34 4
    endloop
  endfacet
  facet normal 0 1 0
    outer loop
      vertex 37 -34 8
      vertex 37.8 -34 5
      vertex 37 -34 5
    endloop
  endfacet
  facet normal -0 0.442176 0.896928
    outer loop
      vertex -39 26.8137 14.136
      vertex -37 26.45 14.3153
      vertex -37 26.8137 14.136
    endloop
  endfacet
  facet normal 0 0.442176 0.896928
    outer loop
      vertex -37 26.45 14.3153
      vertex -39 26.8137 14.136
      vertex -39 26.45 14.3153
    endloop
  endfacet
  facet normal 0 -0.321549 0.946893
    outer loop
      vertex -39 29.1863 14.136
      vertex -37 28.8023 14.0056
      vertex -37 29.1863 14.136
    endloop
  endfacet
  facet normal 0 -0.321549 0.946893
    outer loop
      vertex -37 28.8023 14.0056
      vertex -39 29.1863 14.136
      vertex -39 28.8023 14.0056
    endloop
  endfacet
  facet normal -0 0.195073 0.980789
    outer loop
      vertex -39 27.5954 13.9265
      vertex -37 27.1977 14.0056
      vertex -37 27.5954 13.9265
    endloop
  endfacet
  facet normal 0 0.195073 0.980789
    outer loop
      vertex -37 27.1977 14.0056
      vertex -39 27.5954 13.9265
      vertex -39 27.1977 14.0056
    endloop
  endfacet
  facet normal 0 -0.946893 0.321549
    outer loop
      vertex -39 30.864 15.8137
      vertex -37 30.9944 16.1977
      vertex -39 30.9944 16.1977
    endloop
  endfacet
  facet normal 0 -0.946893 0.321549
    outer loop
      vertex -37 30.9944 16.1977
      vertex -39 30.864 15.8137
      vertex -37 30.864 15.8137
    endloop
  endfacet
  facet normal 0 -0.442176 0.896928
    outer loop
      vertex -39 29.55 14.3153
      vertex -37 29.1863 14.136
      vertex -37 29.55 14.3153
    endloop
  endfacet
  facet normal 0 -0.442176 0.896928
    outer loop
      vertex -37 29.1863 14.136
      vertex -39 29.55 14.3153
      vertex -39 29.1863 14.136
    endloop
  endfacet
  facet normal 0 -0.0653568 0.997862
    outer loop
      vertex -39 28.4046 13.9265
      vertex -37 28 13.9
      vertex -37 28.4046 13.9265
    endloop
  endfacet
  facet normal 0 -0.0653568 0.997862
    outer loop
      vertex -37 28 13.9
      vertex -39 28.4046 13.9265
      vertex -39 28 13.9
    endloop
  endfacet
  facet normal 0 0.442176 -0.896928
    outer loop
      vertex -39 26.45 19.6847
      vertex -37 26.8137 19.864
      vertex -37 26.45 19.6847
    endloop
  endfacet
  facet normal 0 0.442176 -0.896928
    outer loop
      vertex -37 26.8137 19.864
      vertex -39 26.45 19.6847
      vertex -39 26.8137 19.864
    endloop
  endfacet
  facet normal 0 -0.321549 -0.946893
    outer loop
      vertex -39 28.8023 19.9944
      vertex -37 29.1863 19.864
      vertex -37 28.8023 19.9944
    endloop
  endfacet
  facet normal -0 -0.321549 -0.946893
    outer loop
      vertex -37 29.1863 19.864
      vertex -39 28.8023 19.9944
      vertex -39 29.1863 19.864
    endloop
  endfacet
  facet normal -0 0.555553 0.831481
    outer loop
      vertex -39 26.45 14.3153
      vertex -37 26.1128 14.5406
      vertex -37 26.45 14.3153
    endloop
  endfacet
  facet normal 0 0.555553 0.831481
    outer loop
      vertex -37 26.1128 14.5406
      vertex -39 26.45 14.3153
      vertex -39 26.1128 14.5406
    endloop
  endfacet
  facet normal 0 -0.831481 -0.555553
    outer loop
      vertex -39 30.6847 18.55
      vertex -37 30.4594 18.8872
      vertex -39 30.4594 18.8872
    endloop
  endfacet
  facet normal 0 -0.831481 -0.555553
    outer loop
      vertex -37 30.4594 18.8872
      vertex -39 30.6847 18.55
      vertex -37 30.6847 18.55
    endloop
  endfacet
  facet normal 0 -0.442176 -0.896928
    outer loop
      vertex -39 29.1863 19.864
      vertex -37 29.55 19.6847
      vertex -37 29.1863 19.864
    endloop
  endfacet
  facet normal -0 -0.442176 -0.896928
    outer loop
      vertex -37 29.55 19.6847
      vertex -39 29.1863 19.864
      vertex -39 29.55 19.6847
    endloop
  endfacet
  facet normal 0 0.751721 -0.659482
    outer loop
      vertex -37 25.5406 18.8872
      vertex -39 25.808 19.192
      vertex -37 25.808 19.192
    endloop
  endfacet
  facet normal 0 0.751721 -0.659482
    outer loop
      vertex -39 25.808 19.192
      vertex -37 25.5406 18.8872
      vertex -39 25.5406 18.8872
    endloop
  endfacet
  facet normal 0 -0.0653568 -0.997862
    outer loop
      vertex -39 28 20.1
      vertex -37 28.4046 20.0735
      vertex -37 28 20.1
    endloop
  endfacet
  facet normal -0 -0.0653568 -0.997862
    outer loop
      vertex -37 28.4046 20.0735
      vertex -39 28 20.1
      vertex -39 28.4046 20.0735
    endloop
  endfacet
  facet normal 0 -0.659482 -0.751721
    outer loop
      vertex -39 29.8872 19.4594
      vertex -37 30.192 19.192
      vertex -37 29.8872 19.4594
    endloop
  endfacet
  facet normal -0 -0.659482 -0.751721
    outer loop
      vertex -37 30.192 19.192
      vertex -39 29.8872 19.4594
      vertex -39 30.192 19.192
    endloop
  endfacet
  facet normal 0 -0.896928 -0.442176
    outer loop
      vertex -39 30.864 18.1863
      vertex -37 30.6847 18.55
      vertex -39 30.6847 18.55
    endloop
  endfacet
  facet normal 0 -0.896928 -0.442176
    outer loop
      vertex -37 30.6847 18.55
      vertex -39 30.864 18.1863
      vertex -37 30.864 18.1863
    endloop
  endfacet
  facet normal 0 0.896928 0.442176
    outer loop
      vertex -37 25.3153 15.45
      vertex -39 25.136 15.8137
      vertex -37 25.136 15.8137
    endloop
  endfacet
  facet normal 0 0.896928 0.442176
    outer loop
      vertex -39 25.136 15.8137
      vertex -37 25.3153 15.45
      vertex -39 25.3153 15.45
    endloop
  endfacet
  facet normal -0 0.0653568 0.997862
    outer loop
      vertex -39 28 13.9
      vertex -37 27.5954 13.9265
      vertex -37 28 13.9
    endloop
  endfacet
  facet normal 0 0.0653568 0.997862
    outer loop
      vertex -37 27.5954 13.9265
      vertex -39 28 13.9
      vertex -39 27.5954 13.9265
    endloop
  endfacet
  facet normal 0 0.946893 0.321549
    outer loop
      vertex -37 25.136 15.8137
      vertex -39 25.0056 16.1977
      vertex -37 25.0056 16.1977
    endloop
  endfacet
  facet normal 0 0.946893 0.321549
    outer loop
      vertex -39 25.0056 16.1977
      vertex -37 25.136 15.8137
      vertex -39 25.136 15.8137
    endloop
  endfacet
  facet normal 0 -0.831481 0.555553
    outer loop
      vertex -39 30.4594 15.1128
      vertex -37 30.6847 15.45
      vertex -39 30.6847 15.45
    endloop
  endfacet
  facet normal 0 -0.831481 0.555553
    outer loop
      vertex -37 30.6847 15.45
      vertex -39 30.4594 15.1128
      vertex -37 30.4594 15.1128
    endloop
  endfacet
  facet normal 0 -0.896928 0.442176
    outer loop
      vertex -39 30.6847 15.45
      vertex -37 30.864 15.8137
      vertex -39 30.864 15.8137
    endloop
  endfacet
  facet normal 0 -0.896928 0.442176
    outer loop
      vertex -37 30.864 15.8137
      vertex -39 30.6847 15.45
      vertex -37 30.6847 15.45
    endloop
  endfacet
  facet normal 0 -0.555553 0.831481
    outer loop
      vertex -39 29.8872 14.5406
      vertex -37 29.55 14.3153
      vertex -37 29.8872 14.5406
    endloop
  endfacet
  facet normal 0 -0.555553 0.831481
    outer loop
      vertex -37 29.55 14.3153
      vertex -39 29.8872 14.5406
      vertex -39 29.55 14.3153
    endloop
  endfacet
  facet normal 0 -0.980789 -0.195073
    outer loop
      vertex -39 31.0735 17.4046
      vertex -37 30.9944 17.8023
      vertex -39 30.9944 17.8023
    endloop
  endfacet
  facet normal 0 -0.980789 -0.195073
    outer loop
      vertex -37 30.9944 17.8023
      vertex -39 31.0735 17.4046
      vertex -37 31.0735 17.4046
    endloop
  endfacet
  facet normal -0 0.659482 0.751721
    outer loop
      vertex -39 26.1128 14.5406
      vertex -37 25.808 14.808
      vertex -37 26.1128 14.5406
    endloop
  endfacet
  facet normal 0 0.659482 0.751721
    outer loop
      vertex -37 25.808 14.808
      vertex -39 26.1128 14.5406
      vertex -39 25.808 14.808
    endloop
  endfacet
  facet normal 0 -0.751721 0.659482
    outer loop
      vertex -39 30.192 14.808
      vertex -37 30.4594 15.1128
      vertex -39 30.4594 15.1128
    endloop
  endfacet
  facet normal 0 -0.751721 0.659482
    outer loop
      vertex -37 30.4594 15.1128
      vertex -39 30.192 14.808
      vertex -37 30.192 14.808
    endloop
  endfacet
  facet normal 0 0.997862 0.0653568
    outer loop
      vertex -37 24.9265 16.5954
      vertex -39 24.9 17
      vertex -37 24.9 17
    endloop
  endfacet
  facet normal 0 0.997862 0.0653568
    outer loop
      vertex -39 24.9 17
      vertex -37 24.9265 16.5954
      vertex -39 24.9265 16.5954
    endloop
  endfacet
  facet normal -0 0.321549 0.946893
    outer loop
      vertex -39 27.1977 14.0056
      vertex -37 26.8137 14.136
      vertex -37 27.1977 14.0056
    endloop
  endfacet
  facet normal 0 0.321549 0.946893
    outer loop
      vertex -37 26.8137 14.136
      vertex -39 27.1977 14.0056
      vertex -39 26.8137 14.136
    endloop
  endfacet
  facet normal 0 0.659482 -0.751721
    outer loop
      vertex -39 25.808 19.192
      vertex -37 26.1128 19.4594
      vertex -37 25.808 19.192
    endloop
  endfacet
  facet normal 0 0.659482 -0.751721
    outer loop
      vertex -37 26.1128 19.4594
      vertex -39 25.808 19.192
      vertex -39 26.1128 19.4594
    endloop
  endfacet
  facet normal 0 -0.946893 -0.321549
    outer loop
      vertex -39 30.9944 17.8023
      vertex -37 30.864 18.1863
      vertex -39 30.864 18.1863
    endloop
  endfacet
  facet normal 0 -0.946893 -0.321549
    outer loop
      vertex -37 30.864 18.1863
      vertex -39 30.9944 17.8023
      vertex -37 30.9944 17.8023
    endloop
  endfacet
  facet normal 0 -0.195073 0.980789
    outer loop
      vertex -39 28.8023 14.0056
      vertex -37 28.4046 13.9265
      vertex -37 28.8023 14.0056
    endloop
  endfacet
  facet normal 0 -0.195073 0.980789
    outer loop
      vertex -37 28.4046 13.9265
      vertex -39 28.8023 14.0056
      vertex -39 28.4046 13.9265
    endloop
  endfacet
  facet normal 0 0.997862 -0.0653568
    outer loop
      vertex -37 24.9 17
      vertex -39 24.9265 17.4046
      vertex -37 24.9265 17.4046
    endloop
  endfacet
  facet normal 0 0.997862 -0.0653568
    outer loop
      vertex -39 24.9265 17.4046
      vertex -37 24.9 17
      vertex -39 24.9 17
    endloop
  endfacet
  facet normal 0 0.980789 -0.195073
    outer loop
      vertex -37 24.9265 17.4046
      vertex -39 25.0056 17.8023
      vertex -37 25.0056 17.8023
    endloop
  endfacet
  facet normal 0 0.980789 -0.195073
    outer loop
      vertex -39 25.0056 17.8023
      vertex -37 24.9265 17.4046
      vertex -39 24.9265 17.4046
    endloop
  endfacet
  facet normal 0 -0.659482 0.751721
    outer loop
      vertex -39 30.192 14.808
      vertex -37 29.8872 14.5406
      vertex -37 30.192 14.808
    endloop
  endfacet
  facet normal 0 -0.659482 0.751721
    outer loop
      vertex -37 29.8872 14.5406
      vertex -39 30.192 14.808
      vertex -39 29.8872 14.5406
    endloop
  endfacet
  facet normal 0 0.555553 -0.831481
    outer loop
      vertex -39 26.1128 19.4594
      vertex -37 26.45 19.6847
      vertex -37 26.1128 19.4594
    endloop
  endfacet
  facet normal 0 0.555553 -0.831481
    outer loop
      vertex -37 26.45 19.6847
      vertex -39 26.1128 19.4594
      vertex -39 26.45 19.6847
    endloop
  endfacet
  facet normal 0 0.980789 0.195073
    outer loop
      vertex -37 25.0056 16.1977
      vertex -39 24.9265 16.5954
      vertex -37 24.9265 16.5954
    endloop
  endfacet
  facet normal 0 0.980789 0.195073
    outer loop
      vertex -39 24.9265 16.5954
      vertex -37 25.0056 16.1977
      vertex -39 25.0056 16.1977
    endloop
  endfacet
  facet normal 0 0.946893 -0.321549
    outer loop
      vertex -37 25.0056 17.8023
      vertex -39 25.136 18.1863
      vertex -37 25.136 18.1863
    endloop
  endfacet
  facet normal 0 0.946893 -0.321549
    outer loop
      vertex -39 25.136 18.1863
      vertex -37 25.0056 17.8023
      vertex -39 25.0056 17.8023
    endloop
  endfacet
  facet normal 0 0.321549 -0.946893
    outer loop
      vertex -39 26.8137 19.864
      vertex -37 27.1977 19.9944
      vertex -37 26.8137 19.864
    endloop
  endfacet
  facet normal 0 0.321549 -0.946893
    outer loop
      vertex -37 27.1977 19.9944
      vertex -39 26.8137 19.864
      vertex -39 27.1977 19.9944
    endloop
  endfacet
  facet normal 0 -0.980789 0.195073
    outer loop
      vertex -39 30.9944 16.1977
      vertex -37 31.0735 16.5954
      vertex -39 31.0735 16.5954
    endloop
  endfacet
  facet normal 0 -0.980789 0.195073
    outer loop
      vertex -37 31.0735 16.5954
      vertex -39 30.9944 16.1977
      vertex -37 30.9944 16.1977
    endloop
  endfacet
  facet normal 0 0.751721 0.659482
    outer loop
      vertex -37 25.808 14.808
      vertex -39 25.5406 15.1128
      vertex -37 25.5406 15.1128
    endloop
  endfacet
  facet normal 0 0.751721 0.659482
    outer loop
      vertex -39 25.5406 15.1128
      vertex -37 25.808 14.808
      vertex -39 25.808 14.808
    endloop
  endfacet
  facet normal 0 0.831481 -0.555553
    outer loop
      vertex -37 25.3153 18.55
      vertex -39 25.5406 18.8872
      vertex -37 25.5406 18.8872
    endloop
  endfacet
  facet normal 0 0.831481 -0.555553
    outer loop
      vertex -39 25.5406 18.8872
      vertex -37 25.3153 18.55
      vertex -39 25.3153 18.55
    endloop
  endfacet
  facet normal 0 0.831481 0.555553
    outer loop
      vertex -37 25.5406 15.1128
      vertex -39 25.3153 15.45
      vertex -37 25.3153 15.45
    endloop
  endfacet
  facet normal 0 0.831481 0.555553
    outer loop
      vertex -39 25.3153 15.45
      vertex -37 25.5406 15.1128
      vertex -39 25.5406 15.1128
    endloop
  endfacet
  facet normal 0 -0.195073 -0.980789
    outer loop
      vertex -39 28.4046 20.0735
      vertex -37 28.8023 19.9944
      vertex -37 28.4046 20.0735
    endloop
  endfacet
  facet normal -0 -0.195073 -0.980789
    outer loop
      vertex -37 28.8023 19.9944
      vertex -39 28.4046 20.0735
      vertex -39 28.8023 19.9944
    endloop
  endfacet
  facet normal 0 -0.751721 -0.659482
    outer loop
      vertex -39 30.4594 18.8872
      vertex -37 30.192 19.192
      vertex -39 30.192 19.192
    endloop
  endfacet
  facet normal 0 -0.751721 -0.659482
    outer loop
      vertex -37 30.192 19.192
      vertex -39 30.4594 18.8872
      vertex -37 30.4594 18.8872
    endloop
  endfacet
  facet normal 0 0.195073 -0.980789
    outer loop
      vertex -39 27.1977 19.9944
      vertex -37 27.5954 20.0735
      vertex -37 27.1977 19.9944
    endloop
  endfacet
  facet normal 0 0.195073 -0.980789
    outer loop
      vertex -37 27.5954 20.0735
      vertex -39 27.1977 19.9944
      vertex -39 27.5954 20.0735
    endloop
  endfacet
  facet normal 0 0.896928 -0.442176
    outer loop
      vertex -37 25.136 18.1863
      vertex -39 25.3153 18.55
      vertex -37 25.3153 18.55
    endloop
  endfacet
  facet normal 0 0.896928 -0.442176
    outer loop
      vertex -39 25.3153 18.55
      vertex -37 25.136 18.1863
      vertex -39 25.136 18.1863
    endloop
  endfacet
  facet normal 0 0.0653568 -0.997862
    outer loop
      vertex -39 27.5954 20.0735
      vertex -37 28 20.1
      vertex -37 27.5954 20.0735
    endloop
  endfacet
  facet normal 0 0.0653568 -0.997862
    outer loop
      vertex -37 28 20.1
      vertex -39 27.5954 20.0735
      vertex -39 28 20.1
    endloop
  endfacet
  facet normal 0 -0.555553 -0.831481
    outer loop
      vertex -39 29.55 19.6847
      vertex -37 29.8872 19.4594
      vertex -37 29.55 19.6847
    endloop
  endfacet
  facet normal -0 -0.555553 -0.831481
    outer loop
      vertex -37 29.8872 19.4594
      vertex -39 29.55 19.6847
      vertex -39 29.8872 19.4594
    endloop
  endfacet
  facet normal 0 -0.997862 0.0653568
    outer loop
      vertex -39 31.0735 16.5954
      vertex -37 31.1 17
      vertex -39 31.1 17
    endloop
  endfacet
  facet normal 0 -0.997862 0.0653568
    outer loop
      vertex -37 31.1 17
      vertex -39 31.0735 16.5954
      vertex -37 31.0735 16.5954
    endloop
  endfacet
  facet normal 0 -0.997862 -0.0653568
    outer loop
      vertex -39 31.1 17
      vertex -37 31.0735 17.4046
      vertex -39 31.0735 17.4046
    endloop
  endfacet
  facet normal 0 -0.997862 -0.0653568
    outer loop
      vertex -37 31.0735 17.4046
      vertex -39 31.1 17
      vertex -37 31.1 17
    endloop
  endfacet
  facet normal 0 0 -1
    outer loop
      vertex -39 0 19.5
      vertex -37 9.5 19.5
      vertex -37 0 19.5
    endloop
  endfacet
  facet normal -0 0 -1
    outer loop
      vertex -37 9.5 19.5
      vertex -39 0 19.5
      vertex -39 9.5 19.5
    endloop
  endfacet
  facet normal -0 0 1
    outer loop
      vertex -39 9.5 14.5
      vertex -37 0 14.5
      vertex -37 9.5 14.5
    endloop
  endfacet
  facet normal 0 0 1
    outer loop
      vertex -37 0 14.5
      vertex -39 9.5 14.5
      vertex -39 0 14.5
    endloop
  endfacet
  facet normal 0 -1 0
    outer loop
      vertex -39 9.5 14.5
      vertex -37 9.5 19.5
      vertex -39 9.5 19.5
    endloop
  endfacet
  facet normal 0 -1 -0
    outer loop
      vertex -37 9.5 19.5
      vertex -39 9.5 14.5
      vertex -37 9.5 14.5
    endloop
  endfacet
  facet normal 0 1 -0
    outer loop
      vertex -37 0 14.5
      vertex -39 0 19.5
      vertex -37 0 19.5
    endloop
  endfacet
  facet normal 0 1 0
    outer loop
      vertex -39 0 19.5
      vertex -37 0 14.5
      vertex -39 0 14.5
    endloop
  endfacet
  facet normal 1 -0 0
    outer loop
      vertex -26.5 -44.5 32
      vertex -26.5 -37.5 2
      vertex -26.5 -37.5 32
    endloop
  endfacet
  facet normal 1 0 0
    outer loop
      vertex -26.5 -37.5 2
      vertex -26.5 -44.5 32
      vertex -26.5 -44.5 2
    endloop
  endfacet
  facet normal 0 0 1
    outer loop
      vertex -26.5 -37.5 32
      vertex -27.95 -41 32
      vertex -26.5 -44.5 32
    endloop
  endfacet
  facet normal 0 0 1
    outer loop
      vertex -26.5 -37.5 32
      vertex -27.9675 -40.7324 32
      vertex -27.95 -41 32
    endloop
  endfacet
  facet normal 0 0 1
    outer loop
      vertex -26.5 -37.5 32
      vertex -28.0199 -40.4694 32
      vertex -27.9675 -40.7324 32
    endloop
  endfacet
  facet normal 0 0 1
    outer loop
      vertex -26.5 -37.5 32
      vertex -28.106 -40.2155 32
      vertex -28.0199 -40.4694 32
    endloop
  endfacet
  facet normal 0 0 1
    outer loop
      vertex -26.5 -37.5 32
      vertex -28.2246 -39.975 32
      vertex -28.106 -40.2155 32
    endloop
  endfacet
  facet normal 0 0 1
    outer loop
      vertex -26.5 -37.5 32
      vertex -28.3736 -39.752 32
      vertex -28.2246 -39.975 32
    endloop
  endfacet
  facet normal 0 0 1
    outer loop
      vertex -26.5 -37.5 32
      vertex -28.5504 -39.5504 32
      vertex -28.3736 -39.752 32
    endloop
  endfacet
  facet normal 0 0 1
    outer loop
      vertex -26.5 -37.5 32
      vertex -28.752 -39.3736 32
      vertex -28.5504 -39.5504 32
    endloop
  endfacet
  facet normal 0 0 1
    outer loop
      vertex -26.5 -37.5 32
      vertex -28.975 -39.2246 32
      vertex -28.752 -39.3736 32
    endloop
  endfacet
  facet normal 0 0 1
    outer loop
      vertex -26.5 -37.5 32
      vertex -29.2155 -39.106 32
      vertex -28.975 -39.2246 32
    endloop
  endfacet
  facet normal 0 0 1
    outer loop
      vertex -26.5 -37.5 32
      vertex -29.4694 -39.0199 32
      vertex -29.2155 -39.106 32
    endloop
  endfacet
  facet normal 0 0 1
    outer loop
      vertex -26.5 -37.5 32
      vertex -29.7324 -38.9675 32
      vertex -29.4694 -39.0199 32
    endloop
  endfacet
  facet normal 0 0 1
    outer loop
      vertex -26.5 -37.5 32
      vertex -30 -38.95 32
      vertex -29.7324 -38.9675 32
    endloop
  endfacet
  facet normal -0 0 1
    outer loop
      vertex -33.5 -37.5 32
      vertex -30 -38.95 32
      vertex -26.5 -37.5 32
    endloop
  endfacet
  facet normal 0 0 1
    outer loop
      vertex -30 -38.95 32
      vertex -33.5 -37.5 32
      vertex -30.2676 -38.9675 32
    endloop
  endfacet
  facet normal 0 0 1
    outer loop
      vertex -30.2676 -38.9675 32
      vertex -33.5 -37.5 32
      vertex -30.5306 -39.0199 32
    endloop
  endfacet
  facet normal 0 0 1
    outer loop
      vertex -32.0325 -40.7324 32
      vertex -33.5 -37.5 32
      vertex -32.05 -41 32
    endloop
  endfacet
  facet normal 0 0 1
    outer loop
      vertex -31.9801 -40.4694 32
      vertex -33.5 -37.5 32
      vertex -32.0325 -40.7324 32
    endloop
  endfacet
  facet normal 0 0 1
    outer loop
      vertex -31.894 -40.2155 32
      vertex -33.5 -37.5 32
      vertex -31.9801 -40.4694 32
    endloop
  endfacet
  facet normal 0 0 1
    outer loop
      vertex -31.7754 -39.975 32
      vertex -33.5 -37.5 32
      vertex -31.894 -40.2155 32
    endloop
  endfacet
  facet normal 0 0 1
    outer loop
      vertex -31.6264 -39.752 32
      vertex -33.5 -37.5 32
      vertex -31.7754 -39.975 32
    endloop
  endfacet
  facet normal 0 0 1
    outer loop
      vertex -31.4496 -39.5504 32
      vertex -33.5 -37.5 32
      vertex -31.6264 -39.752 32
    endloop
  endfacet
  facet normal 0 0 1
    outer loop
      vertex -31.248 -39.3736 32
      vertex -33.5 -37.5 32
      vertex -31.4496 -39.5504 32
    endloop
  endfacet
  facet normal 0 0 1
    outer loop
      vertex -31.025 -39.2246 32
      vertex -33.5 -37.5 32
      vertex -31.248 -39.3736 32
    endloop
  endfacet
  facet normal 0 0 1
    outer loop
      vertex -30.7845 -39.106 32
      vertex -33.5 -37.5 32
      vertex -31.025 -39.2246 32
    endloop
  endfacet
  facet normal 0 0 1
    outer loop
      vertex -30.5306 -39.0199 32
      vertex -33.5 -37.5 32
      vertex -30.7845 -39.106 32
    endloop
  endfacet
  facet normal -0 0 1
    outer loop
      vertex -27.9675 -41.2676 32
      vertex -26.5 -44.5 32
      vertex -27.95 -41 32
    endloop
  endfacet
  facet normal -0 0 1
    outer loop
      vertex -28.0199 -41.5306 32
      vertex -26.5 -44.5 32
      vertex -27.9675 -41.2676 32
    endloop
  endfacet
  facet normal -0 0 1
    outer loop
      vertex -28.106 -41.7845 32
      vertex -26.5 -44.5 32
      vertex -28.0199 -41.5306 32
    endloop
  endfacet
  facet normal -0 0 1
    outer loop
      vertex -28.2246 -42.025 32
      vertex -26.5 -44.5 32
      vertex -28.106 -41.7845 32
    endloop
  endfacet
  facet normal -0 0 1
    outer loop
      vertex -28.3736 -42.248 32
      vertex -26.5 -44.5 32
      vertex -28.2246 -42.025 32
    endloop
  endfacet
  facet normal -0 0 1
    outer loop
      vertex -28.5504 -42.4496 32
      vertex -26.5 -44.5 32
      vertex -28.3736 -42.248 32
    endloop
  endfacet
  facet normal -0 0 1
    outer loop
      vertex -28.752 -42.6264 32
      vertex -26.5 -44.5 32
      vertex -28.5504 -42.4496 32
    endloop
  endfacet
  facet normal -0 0 1
    outer loop
      vertex -28.975 -42.7754 32
      vertex -26.5 -44.5 32
      vertex -28.752 -42.6264 32
    endloop
  endfacet
  facet normal -0 0 1
    outer loop
      vertex -29.2155 -42.894 32
      vertex -26.5 -44.5 32
      vertex -28.975 -42.7754 32
    endloop
  endfacet
  facet normal -0 0 1
    outer loop
      vertex -29.4694 -42.9801 32
      vertex -26.5 -44.5 32
      vertex -29.2155 -42.894 32
    endloop
  endfacet
  facet normal -0 0 1
    outer loop
      vertex -29.7324 -43.0325 32
      vertex -26.5 -44.5 32
      vertex -29.4694 -42.9801 32
    endloop
  endfacet
  facet normal -0 0 1
    outer loop
      vertex -30 -43.05 32
      vertex -26.5 -44.5 32
      vertex -29.7324 -43.0325 32
    endloop
  endfacet
  facet normal 0 0 1
    outer loop
      vertex -33.5 -44.5 32
      vertex -30 -43.05 32
      vertex -30.2676 -43.0325 32
    endloop
  endfacet
  facet normal 0 0 1
    outer loop
      vertex -33.5 -44.5 32
      vertex -30.2676 -43.0325 32
      vertex -30.5306 -42.9801 32
    endloop
  endfacet
  facet normal 0 0 1
    outer loop
      vertex -33.5 -44.5 32
      vertex -30.5306 -42.9801 32
      vertex -30.7845 -42.894 32
    endloop
  endfacet
  facet normal 0 0 1
    outer loop
      vertex -33.5 -44.5 32
      vertex -32.05 -41 32
      vertex -33.5 -37.5 32
    endloop
  endfacet
  facet normal 0 0 1
    outer loop
      vertex -32.05 -41 32
      vertex -33.5 -44.5 32
      vertex -32.0325 -41.2676 32
    endloop
  endfacet
  facet normal 0 0 1
    outer loop
      vertex -32.0325 -41.2676 32
      vertex -33.5 -44.5 32
      vertex -31.9801 -41.5306 32
    endloop
  endfacet
  facet normal 0 0 1
    outer loop
      vertex -30 -43.05 32
      vertex -33.5 -44.5 32
      vertex -26.5 -44.5 32
    endloop
  endfacet
  facet normal 0 0 1
    outer loop
      vertex -31.025 -42.7754 32
      vertex -33.5 -44.5 32
      vertex -30.7845 -42.894 32
    endloop
  endfacet
  facet normal 0 0 1
    outer loop
      vertex -31.248 -42.6264 32
      vertex -33.5 -44.5 32
      vertex -31.025 -42.7754 32
    endloop
  endfacet
  facet normal 0 0 1
    outer loop
      vertex -31.4496 -42.4496 32
      vertex -33.5 -44.5 32
      vertex -31.248 -42.6264 32
    endloop
  endfacet
  facet normal 0 0 1
    outer loop
      vertex -31.6264 -42.248 32
      vertex -33.5 -44.5 32
      vertex -31.4496 -42.4496 32
    endloop
  endfacet
  facet normal 0 0 1
    outer loop
      vertex -31.7754 -42.025 32
      vertex -33.5 -44.5 32
      vertex -31.6264 -42.248 32
    endloop
  endfacet
  facet normal 0 0 1
    outer loop
      vertex -31.894 -41.7845 32
      vertex -33.5 -44.5 32
      vertex -31.7754 -42.025 32
    endloop
  endfacet
  facet normal 0 0 1
    outer loop
      vertex -31.9801 -41.5306 32
      vertex -33.5 -44.5 32
      vertex -31.894 -41.7845 32
    endloop
  endfacet
  facet normal -1 0 0
    outer loop
      vertex -33.5 -44.5 2
      vertex -33.5 -37.5 32
      vertex -33.5 -37.5 2
    endloop
  endfacet
  facet normal -1 -0 0
    outer loop
      vertex -33.5 -37.5 32
      vertex -33.5 -44.5 2
      vertex -33.5 -44.5 32
    endloop
  endfacet
  facet normal 0 1 -0
    outer loop
      vertex -26.5 -37.5 2
      vertex -33.5 -37.5 32
      vertex -26.5 -37.5 32
    endloop
  endfacet
  facet normal 0 1 0
    outer loop
      vertex -33.5 -37.5 32
      vertex -26.5 -37.5 2
      vertex -33.5 -37.5 2
    endloop
  endfacet
  facet normal 0 -1 0
    outer loop
      vertex -33.5 -44.5 2
      vertex -26.5 -44.5 32
      vertex -33.5 -44.5 32
    endloop
  endfacet
  facet normal 0 -1 -0
    outer loop
      vertex -26.5 -44.5 32
      vertex -33.5 -44.5 2
      vertex -26.5 -44.5 2
    endloop
  endfacet
  facet normal -0.659349 0.751837 0
    outer loop
      vertex -28.5504 -42.4496 26
      vertex -28.752 -42.6264 32
      vertex -28.5504 -42.4496 32
    endloop
  endfacet
  facet normal -0.659349 0.751837 0
    outer loop
      vertex -28.752 -42.6264 32
      vertex -28.5504 -42.4496 26
      vertex -28.752 -42.6264 26
    endloop
  endfacet
  facet normal -0.980724 -0.195399 0
    outer loop
      vertex -27.9675 -40.7324 26
      vertex -28.0199 -40.4694 32
      vertex -28.0199 -40.4694 26
    endloop
  endfacet
  facet normal -0.980724 -0.195399 0
    outer loop
      vertex -28.0199 -40.4694 32
      vertex -27.9675 -40.7324 26
      vertex -27.9675 -40.7324 32
    endloop
  endfacet
  facet normal -0.997869 -0.0652567 0
    outer loop
      vertex -27.95 -41 26
      vertex -27.9675 -40.7324 32
      vertex -27.9675 -40.7324 26
    endloop
  endfacet
  facet normal -0.997869 -0.0652567 0
    outer loop
      vertex -27.9675 -40.7324 32
      vertex -27.95 -41 26
      vertex -27.95 -41 32
    endloop
  endfacet
  facet normal 0.195399 -0.980724 0
    outer loop
      vertex -30.5306 -39.0199 26
      vertex -30.2676 -38.9675 32
      vertex -30.5306 -39.0199 32
    endloop
  endfacet
  facet normal 0.195399 -0.980724 0
    outer loop
      vertex -30.2676 -38.9675 32
      vertex -30.5306 -39.0199 26
      vertex -30.2676 -38.9675 26
    endloop
  endfacet
  facet normal -0.980724 0.195399 0
    outer loop
      vertex -28.0199 -41.5306 26
      vertex -27.9675 -41.2676 32
      vertex -27.9675 -41.2676 26
    endloop
  endfacet
  facet normal -0.980724 0.195399 0
    outer loop
      vertex -27.9675 -41.2676 32
      vertex -28.0199 -41.5306 26
      vertex -28.0199 -41.5306 32
    endloop
  endfacet
  facet normal -0.751837 -0.659349 0
    outer loop
      vertex -28.3736 -39.752 26
      vertex -28.5504 -39.5504 32
      vertex -28.5504 -39.5504 26
    endloop
  endfacet
  facet normal -0.751837 -0.659349 0
    outer loop
      vertex -28.5504 -39.5504 32
      vertex -28.3736 -39.752 26
      vertex -28.3736 -39.752 32
    endloop
  endfacet
  facet normal -0.55556 0.831476 0
    outer loop
      vertex -28.752 -42.6264 26
      vertex -28.975 -42.7754 32
      vertex -28.752 -42.6264 32
    endloop
  endfacet
  facet normal -0.55556 0.831476 0
    outer loop
      vertex -28.975 -42.7754 32
      vertex -28.752 -42.6264 26
      vertex -28.975 -42.7754 26
    endloop
  endfacet
  facet normal -0.751837 0.659349 0
    outer loop
      vertex -28.5504 -42.4496 26
      vertex -28.3736 -42.248 32
      vertex -28.3736 -42.248 26
    endloop
  endfacet
  facet normal -0.751837 0.659349 0
    outer loop
      vertex -28.3736 -42.248 32
      vertex -28.5504 -42.4496 26
      vertex -28.5504 -42.4496 32
    endloop
  endfacet
  facet normal -0.947029 0.321147 0
    outer loop
      vertex -28.106 -41.7845 26
      vertex -28.0199 -41.5306 32
      vertex -28.0199 -41.5306 26
    endloop
  endfacet
  facet normal -0.947029 0.321147 0
    outer loop
      vertex -28.0199 -41.5306 32
      vertex -28.106 -41.7845 26
      vertex -28.106 -41.7845 32
    endloop
  endfacet
  facet normal 0.659349 0.751837 -0
    outer loop
      vertex -31.248 -42.6264 26
      vertex -31.4496 -42.4496 32
      vertex -31.248 -42.6264 32
    endloop
  endfacet
  facet normal 0.659349 0.751837 0
    outer loop
      vertex -31.4496 -42.4496 32
      vertex -31.248 -42.6264 26
      vertex -31.4496 -42.4496 26
    endloop
  endfacet
  facet normal -0.195399 0.980724 0
    outer loop
      vertex -29.4694 -42.9801 26
      vertex -29.7324 -43.0325 32
      vertex -29.4694 -42.9801 32
    endloop
  endfacet
  facet normal -0.195399 0.980724 0
    outer loop
      vertex -29.7324 -43.0325 32
      vertex -29.4694 -42.9801 26
      vertex -29.7324 -43.0325 26
    endloop
  endfacet
  facet normal -0.659349 -0.751837 0
    outer loop
      vertex -28.752 -39.3736 26
      vertex -28.5504 -39.5504 32
      vertex -28.752 -39.3736 32
    endloop
  endfacet
  facet normal -0.659349 -0.751837 -0
    outer loop
      vertex -28.5504 -39.5504 32
      vertex -28.752 -39.3736 26
      vertex -28.5504 -39.5504 26
    endloop
  endfacet
  facet normal -0.442284 -0.896875 0
    outer loop
      vertex -29.2155 -39.106 26
      vertex -28.975 -39.2246 32
      vertex -29.2155 -39.106 32
    endloop
  endfacet
  facet normal -0.442284 -0.896875 -0
    outer loop
      vertex -28.975 -39.2246 32
      vertex -29.2155 -39.106 26
      vertex -28.975 -39.2246 26
    endloop
  endfacet
  facet normal 0.896875 -0.442284 0
    outer loop
      vertex -31.894 -40.2155 32
      vertex -31.7754 -39.975 26
      vertex -31.7754 -39.975 32
    endloop
  endfacet
  facet normal 0.896875 -0.442284 0
    outer loop
      vertex -31.7754 -39.975 26
      vertex -31.894 -40.2155 32
      vertex -31.894 -40.2155 26
    endloop
  endfacet
  facet normal 0.442284 -0.896875 0
    outer loop
      vertex -31.025 -39.2246 26
      vertex -30.7845 -39.106 32
      vertex -31.025 -39.2246 32
    endloop
  endfacet
  facet normal 0.442284 -0.896875 0
    outer loop
      vertex -30.7845 -39.106 32
      vertex -31.025 -39.2246 26
      vertex -30.7845 -39.106 26
    endloop
  endfacet
  facet normal -0.0652567 -0.997869 0
    outer loop
      vertex -30 -38.95 26
      vertex -29.7324 -38.9675 32
      vertex -30 -38.95 32
    endloop
  endfacet
  facet normal -0.0652567 -0.997869 -0
    outer loop
      vertex -29.7324 -38.9675 32
      vertex -30 -38.95 26
      vertex -29.7324 -38.9675 26
    endloop
  endfacet
  facet normal 0.55556 0.831476 -0
    outer loop
      vertex -31.025 -42.7754 26
      vertex -31.248 -42.6264 32
      vertex -31.025 -42.7754 32
    endloop
  endfacet
  facet normal 0.55556 0.831476 0
    outer loop
      vertex -31.248 -42.6264 32
      vertex -31.025 -42.7754 26
      vertex -31.248 -42.6264 26
    endloop
  endfacet
  facet normal -0.195399 -0.980724 0
    outer loop
      vertex -29.7324 -38.9675 26
      vertex -29.4694 -39.0199 32
      vertex -29.7324 -38.9675 32
    endloop
  endfacet
  facet normal -0.195399 -0.980724 -0
    outer loop
      vertex -29.4694 -39.0199 32
      vertex -29.7324 -38.9675 26
      vertex -29.4694 -39.0199 26
    endloop
  endfacet
  facet normal 0.55556 -0.831476 0
    outer loop
      vertex -31.248 -39.3736 26
      vertex -31.025 -39.2246 32
      vertex -31.248 -39.3736 32
    endloop
  endfacet
  facet normal 0.55556 -0.831476 0
    outer loop
      vertex -31.025 -39.2246 32
      vertex -31.248 -39.3736 26
      vertex -31.025 -39.2246 26
    endloop
  endfacet
  facet normal 0.980724 0.195399 0
    outer loop
      vertex -31.9801 -41.5306 32
      vertex -32.0325 -41.2676 26
      vertex -32.0325 -41.2676 32
    endloop
  endfacet
  facet normal 0.980724 0.195399 0
    outer loop
      vertex -32.0325 -41.2676 26
      vertex -31.9801 -41.5306 32
      vertex -31.9801 -41.5306 26
    endloop
  endfacet
  facet normal 0.896875 0.442284 0
    outer loop
      vertex -31.7754 -42.025 32
      vertex -31.894 -41.7845 26
      vertex -31.894 -41.7845 32
    endloop
  endfacet
  facet normal 0.896875 0.442284 0
    outer loop
      vertex -31.894 -41.7845 26
      vertex -31.7754 -42.025 32
      vertex -31.7754 -42.025 26
    endloop
  endfacet
  facet normal -0.0652567 0.997869 0
    outer loop
      vertex -29.7324 -43.0325 26
      vertex -30 -43.05 32
      vertex -29.7324 -43.0325 32
    endloop
  endfacet
  facet normal -0.0652567 0.997869 0
    outer loop
      vertex -30 -43.05 32
      vertex -29.7324 -43.0325 26
      vertex -30 -43.05 26
    endloop
  endfacet
  facet normal -0.321147 -0.947029 0
    outer loop
      vertex -29.4694 -39.0199 26
      vertex -29.2155 -39.106 32
      vertex -29.4694 -39.0199 32
    endloop
  endfacet
  facet normal -0.321147 -0.947029 -0
    outer loop
      vertex -29.2155 -39.106 32
      vertex -29.4694 -39.0199 26
      vertex -29.2155 -39.106 26
    endloop
  endfacet
  facet normal -0.831476 -0.55556 0
    outer loop
      vertex -28.2246 -39.975 26
      vertex -28.3736 -39.752 32
      vertex -28.3736 -39.752 26
    endloop
  endfacet
  facet normal -0.831476 -0.55556 0
    outer loop
      vertex -28.3736 -39.752 32
      vertex -28.2246 -39.975 26
      vertex -28.2246 -39.975 32
    endloop
  endfacet
  facet normal 0.997869 -0.0652567 0
    outer loop
      vertex -32.05 -41 32
      vertex -32.0325 -40.7324 26
      vertex -32.0325 -40.7324 32
    endloop
  endfacet
  facet normal 0.997869 -0.0652567 0
    outer loop
      vertex -32.0325 -40.7324 26
      vertex -32.05 -41 32
      vertex -32.05 -41 26
    endloop
  endfacet
  facet normal -0.896875 -0.442284 0
    outer loop
      vertex -28.106 -40.2155 26
      vertex -28.2246 -39.975 32
      vertex -28.2246 -39.975 26
    endloop
  endfacet
  facet normal -0.896875 -0.442284 0
    outer loop
      vertex -28.2246 -39.975 32
      vertex -28.106 -40.2155 26
      vertex -28.106 -40.2155 32
    endloop
  endfacet
  facet normal 0.659349 -0.751837 0
    outer loop
      vertex -31.4496 -39.5504 26
      vertex -31.248 -39.3736 32
      vertex -31.4496 -39.5504 32
    endloop
  endfacet
  facet normal 0.659349 -0.751837 0
    outer loop
      vertex -31.248 -39.3736 32
      vertex -31.4496 -39.5504 26
      vertex -31.248 -39.3736 26
    endloop
  endfacet
  facet normal 0.0652567 -0.997869 0
    outer loop
      vertex -30.2676 -38.9675 26
      vertex -30 -38.95 32
      vertex -30.2676 -38.9675 32
    endloop
  endfacet
  facet normal 0.0652567 -0.997869 0
    outer loop
      vertex -30 -38.95 32
      vertex -30.2676 -38.9675 26
      vertex -30 -38.95 26
    endloop
  endfacet
  facet normal -0.896875 0.442284 0
    outer loop
      vertex -28.2246 -42.025 26
      vertex -28.106 -41.7845 32
      vertex -28.106 -41.7845 26
    endloop
  endfacet
  facet normal -0.896875 0.442284 0
    outer loop
      vertex -28.106 -41.7845 32
      vertex -28.2246 -42.025 26
      vertex -28.2246 -42.025 32
    endloop
  endfacet
  facet normal 0.321147 -0.947029 0
    outer loop
      vertex -30.7845 -39.106 26
      vertex -30.5306 -39.0199 32
      vertex -30.7845 -39.106 32
    endloop
  endfacet
  facet normal 0.321147 -0.947029 0
    outer loop
      vertex -30.5306 -39.0199 32
      vertex -30.7845 -39.106 26
      vertex -30.5306 -39.0199 26
    endloop
  endfacet
  facet normal 0.831476 -0.55556 0
    outer loop
      vertex -31.7754 -39.975 32
      vertex -31.6264 -39.752 26
      vertex -31.6264 -39.752 32
    endloop
  endfacet
  facet normal 0.831476 -0.55556 0
    outer loop
      vertex -31.6264 -39.752 26
      vertex -31.7754 -39.975 32
      vertex -31.7754 -39.975 26
    endloop
  endfacet
  facet normal 0.947029 0.321147 0
    outer loop
      vertex -31.894 -41.7845 32
      vertex -31.9801 -41.5306 26
      vertex -31.9801 -41.5306 32
    endloop
  endfacet
  facet normal 0.947029 0.321147 0
    outer loop
      vertex -31.9801 -41.5306 26
      vertex -31.894 -41.7845 32
      vertex -31.894 -41.7845 26
    endloop
  endfacet
  facet normal -0.997869 0.0652567 0
    outer loop
      vertex -27.9675 -41.2676 26
      vertex -27.95 -41 32
      vertex -27.95 -41 26
    endloop
  endfacet
  facet normal -0.997869 0.0652567 0
    outer loop
      vertex -27.95 -41 32
      vertex -27.9675 -41.2676 26
      vertex -27.9675 -41.2676 32
    endloop
  endfacet
  facet normal -0.55556 -0.831476 0
    outer loop
      vertex -28.975 -39.2246 26
      vertex -28.752 -39.3736 32
      vertex -28.975 -39.2246 32
    endloop
  endfacet
  facet normal -0.55556 -0.831476 -0
    outer loop
      vertex -28.752 -39.3736 32
      vertex -28.975 -39.2246 26
      vertex -28.752 -39.3736 26
    endloop
  endfacet
  facet normal 0.947029 -0.321147 0
    outer loop
      vertex -31.9801 -40.4694 32
      vertex -31.894 -40.2155 26
      vertex -31.894 -40.2155 32
    endloop
  endfacet
  facet normal 0.947029 -0.321147 0
    outer loop
      vertex -31.894 -40.2155 26
      vertex -31.9801 -40.4694 32
      vertex -31.9801 -40.4694 26
    endloop
  endfacet
  facet normal -0.442284 0.896875 0
    outer loop
      vertex -28.975 -42.7754 26
      vertex -29.2155 -42.894 32
      vertex -28.975 -42.7754 32
    endloop
  endfacet
  facet normal -0.442284 0.896875 0
    outer loop
      vertex -29.2155 -42.894 32
      vertex -28.975 -42.7754 26
      vertex -29.2155 -42.894 26
    endloop
  endfacet
  facet normal 0.321147 0.947029 -0
    outer loop
      vertex -30.5306 -42.9801 26
      vertex -30.7845 -42.894 32
      vertex -30.5306 -42.9801 32
    endloop
  endfacet
  facet normal 0.321147 0.947029 0
    outer loop
      vertex -30.7845 -42.894 32
      vertex -30.5306 -42.9801 26
      vertex -30.7845 -42.894 26
    endloop
  endfacet
  facet normal -0.321147 0.947029 0
    outer loop
      vertex -29.2155 -42.894 26
      vertex -29.4694 -42.9801 32
      vertex -29.2155 -42.894 32
    endloop
  endfacet
  facet normal -0.321147 0.947029 0
    outer loop
      vertex -29.4694 -42.9801 32
      vertex -29.2155 -42.894 26
      vertex -29.4694 -42.9801 26
    endloop
  endfacet
  facet normal 0.195399 0.980724 -0
    outer loop
      vertex -30.2676 -43.0325 26
      vertex -30.5306 -42.9801 32
      vertex -30.2676 -43.0325 32
    endloop
  endfacet
  facet normal 0.195399 0.980724 0
    outer loop
      vertex -30.5306 -42.9801 32
      vertex -30.2676 -43.0325 26
      vertex -30.5306 -42.9801 26
    endloop
  endfacet
  facet normal -0.947029 -0.321147 0
    outer loop
      vertex -28.0199 -40.4694 26
      vertex -28.106 -40.2155 32
      vertex -28.106 -40.2155 26
    endloop
  endfacet
  facet normal -0.947029 -0.321147 0
    outer loop
      vertex -28.106 -40.2155 32
      vertex -28.0199 -40.4694 26
      vertex -28.0199 -40.4694 32
    endloop
  endfacet
  facet normal 0 0 1
    outer loop
      vertex -27.9675 -40.7324 26
      vertex -27.9675 -41.2676 26
      vertex -27.95 -41 26
    endloop
  endfacet
  facet normal 0 0 1
    outer loop
      vertex -28.0199 -40.4694 26
      vertex -27.9675 -41.2676 26
      vertex -27.9675 -40.7324 26
    endloop
  endfacet
  facet normal 0 0 1
    outer loop
      vertex -28.0199 -40.4694 26
      vertex -28.0199 -41.5306 26
      vertex -27.9675 -41.2676 26
    endloop
  endfacet
  facet normal 0 0 1
    outer loop
      vertex -28.106 -40.2155 26
      vertex -28.0199 -41.5306 26
      vertex -28.0199 -40.4694 26
    endloop
  endfacet
  facet normal 0 0 1
    outer loop
      vertex -28.106 -40.2155 26
      vertex -28.106 -41.7845 26
      vertex -28.0199 -41.5306 26
    endloop
  endfacet
  facet normal 0 0 1
    outer loop
      vertex -28.2246 -39.975 26
      vertex -28.106 -41.7845 26
      vertex -28.106 -40.2155 26
    endloop
  endfacet
  facet normal 0 0 1
    outer loop
      vertex -28.2246 -39.975 26
      vertex -28.2246 -42.025 26
      vertex -28.106 -41.7845 26
    endloop
  endfacet
  facet normal 0 0 1
    outer loop
      vertex -28.3736 -39.752 26
      vertex -28.2246 -42.025 26
      vertex -28.2246 -39.975 26
    endloop
  endfacet
  facet normal 0 0 1
    outer loop
      vertex -28.3736 -39.752 26
      vertex -28.3736 -42.248 26
      vertex -28.2246 -42.025 26
    endloop
  endfacet
  facet normal 0 0 1
    outer loop
      vertex -28.5504 -39.5504 26
      vertex -28.3736 -42.248 26
      vertex -28.3736 -39.752 26
    endloop
  endfacet
  facet normal 0 0 1
    outer loop
      vertex -28.5504 -39.5504 26
      vertex -28.5504 -42.4496 26
      vertex -28.3736 -42.248 26
    endloop
  endfacet
  facet normal 0 0 1
    outer loop
      vertex -28.752 -39.3736 26
      vertex -28.5504 -42.4496 26
      vertex -28.5504 -39.5504 26
    endloop
  endfacet
  facet normal 0 0 1
    outer loop
      vertex -28.752 -39.3736 26
      vertex -28.752 -42.6264 26
      vertex -28.5504 -42.4496 26
    endloop
  endfacet
  facet normal 0 0 1
    outer loop
      vertex -28.975 -39.2246 26
      vertex -28.752 -42.6264 26
      vertex -28.752 -39.3736 26
    endloop
  endfacet
  facet normal 0 0 1
    outer loop
      vertex -28.975 -39.2246 26
      vertex -28.975 -42.7754 26
      vertex -28.752 -42.6264 26
    endloop
  endfacet
  facet normal 0 0 1
    outer loop
      vertex -29.2155 -39.106 26
      vertex -28.975 -42.7754 26
      vertex -28.975 -39.2246 26
    endloop
  endfacet
  facet normal 0 0 1
    outer loop
      vertex -29.2155 -39.106 26
      vertex -29.2155 -42.894 26
      vertex -28.975 -42.7754 26
    endloop
  endfacet
  facet normal 0 0 1
    outer loop
      vertex -29.4694 -39.0199 26
      vertex -29.2155 -42.894 26
      vertex -29.2155 -39.106 26
    endloop
  endfacet
  facet normal 0 0 1
    outer loop
      vertex -29.4694 -39.0199 26
      vertex -29.4694 -42.9801 26
      vertex -29.2155 -42.894 26
    endloop
  endfacet
  facet normal 0 0 1
    outer loop
      vertex -29.7324 -38.9675 26
      vertex -29.4694 -42.9801 26
      vertex -29.4694 -39.0199 26
    endloop
  endfacet
  facet normal 0 0 1
    outer loop
      vertex -29.7324 -38.9675 26
      vertex -29.7324 -43.0325 26
      vertex -29.4694 -42.9801 26
    endloop
  endfacet
  facet normal 0 0 1
    outer loop
      vertex -30 -38.95 26
      vertex -29.7324 -43.0325 26
      vertex -29.7324 -38.9675 26
    endloop
  endfacet
  facet normal 0 0 1
    outer loop
      vertex -30 -38.95 26
      vertex -30 -43.05 26
      vertex -29.7324 -43.0325 26
    endloop
  endfacet
  facet normal -0 0 1
    outer loop
      vertex -30.2676 -38.9675 26
      vertex -30 -43.05 26
      vertex -30 -38.95 26
    endloop
  endfacet
  facet normal 0 0 1
    outer loop
      vertex -30.2676 -38.9675 26
      vertex -30.2676 -43.0325 26
      vertex -30 -43.05 26
    endloop
  endfacet
  facet normal -0 0 1
    outer loop
      vertex -30.5306 -39.0199 26
      vertex -30.2676 -43.0325 26
      vertex -30.2676 -38.9675 26
    endloop
  endfacet
  facet normal 0 0 1
    outer loop
      vertex -30.5306 -39.0199 26
      vertex -30.5306 -42.9801 26
      vertex -30.2676 -43.0325 26
    endloop
  endfacet
  facet normal -0 0 1
    outer loop
      vertex -30.7845 -39.106 26
      vertex -30.5306 -42.9801 26
      vertex -30.5306 -39.0199 26
    endloop
  endfacet
  facet normal 0 0 1
    outer loop
      vertex -30.7845 -39.106 26
      vertex -30.7845 -42.894 26
      vertex -30.5306 -42.9801 26
    endloop
  endfacet
  facet normal -0 0 1
    outer loop
      vertex -31.025 -39.2246 26
      vertex -30.7845 -42.894 26
      vertex -30.7845 -39.106 26
    endloop
  endfacet
  facet normal 0 0 1
    outer loop
      vertex -31.025 -39.2246 26
      vertex -31.025 -42.7754 26
      vertex -30.7845 -42.894 26
    endloop
  endfacet
  facet normal -0 0 1
    outer loop
      vertex -31.248 -39.3736 26
      vertex -31.025 -42.7754 26
      vertex -31.025 -39.2246 26
    endloop
  endfacet
  facet normal 0 0 1
    outer loop
      vertex -31.248 -39.3736 26
      vertex -31.248 -42.6264 26
      vertex -31.025 -42.7754 26
    endloop
  endfacet
  facet normal -0 0 1
    outer loop
      vertex -31.4496 -39.5504 26
      vertex -31.248 -42.6264 26
      vertex -31.248 -39.3736 26
    endloop
  endfacet
  facet normal 0 0 1
    outer loop
      vertex -31.4496 -39.5504 26
      vertex -31.4496 -42.4496 26
      vertex -31.248 -42.6264 26
    endloop
  endfacet
  facet normal -0 0 1
    outer loop
      vertex -31.6264 -39.752 26
      vertex -31.4496 -42.4496 26
      vertex -31.4496 -39.5504 26
    endloop
  endfacet
  facet normal 0 0 1
    outer loop
      vertex -31.6264 -39.752 26
      vertex -31.6264 -42.248 26
      vertex -31.4496 -42.4496 26
    endloop
  endfacet
  facet normal -0 0 1
    outer loop
      vertex -31.7754 -39.975 26
      vertex -31.6264 -42.248 26
      vertex -31.6264 -39.752 26
    endloop
  endfacet
  facet normal 0 0 1
    outer loop
      vertex -31.7754 -39.975 26
      vertex -31.7754 -42.025 26
      vertex -31.6264 -42.248 26
    endloop
  endfacet
  facet normal -0 0 1
    outer loop
      vertex -31.894 -40.2155 26
      vertex -31.7754 -42.025 26
      vertex -31.7754 -39.975 26
    endloop
  endfacet
  facet normal 0 0 1
    outer loop
      vertex -31.894 -40.2155 26
      vertex -31.894 -41.7845 26
      vertex -31.7754 -42.025 26
    endloop
  endfacet
  facet normal -0 0 1
    outer loop
      vertex -31.9801 -40.4694 26
      vertex -31.894 -41.7845 26
      vertex -31.894 -40.2155 26
    endloop
  endfacet
  facet normal 0 0 1
    outer loop
      vertex -31.9801 -40.4694 26
      vertex -31.9801 -41.5306 26
      vertex -31.894 -41.7845 26
    endloop
  endfacet
  facet normal -0 0 1
    outer loop
      vertex -32.0325 -40.7324 26
      vertex -31.9801 -41.5306 26
      vertex -31.9801 -40.4694 26
    endloop
  endfacet
  facet normal 0 0 1
    outer loop
      vertex -32.0325 -40.7324 26
      vertex -32.0325 -41.2676 26
      vertex -31.9801 -41.5306 26
    endloop
  endfacet
  facet normal 0 -0 1
    outer loop
      vertex -32.0325 -41.2676 26
      vertex -32.0325 -40.7324 26
      vertex -32.05 -41 26
    endloop
  endfacet
  facet normal -0.831476 0.55556 0
    outer loop
      vertex -28.3736 -42.248 26
      vertex -28.2246 -42.025 32
      vertex -28.2246 -42.025 26
    endloop
  endfacet
  facet normal -0.831476 0.55556 0
    outer loop
      vertex -28.2246 -42.025 32
      vertex -28.3736 -42.248 26
      vertex -28.3736 -42.248 32
    endloop
  endfacet
  facet normal 0.751837 0.659349 0
    outer loop
      vertex -31.4496 -42.4496 32
      vertex -31.6264 -42.248 26
      vertex -31.6264 -42.248 32
    endloop
  endfacet
  facet normal 0.751837 0.659349 0
    outer loop
      vertex -31.6264 -42.248 26
      vertex -31.4496 -42.4496 32
      vertex -31.4496 -42.4496 26
    endloop
  endfacet
  facet normal 0.997869 0.0652567 0
    outer loop
      vertex -32.0325 -41.2676 32
      vertex -32.05 -41 26
      vertex -32.05 -41 32
    endloop
  endfacet
  facet normal 0.997869 0.0652567 0
    outer loop
      vertex -32.05 -41 26
      vertex -32.0325 -41.2676 32
      vertex -32.0325 -41.2676 26
    endloop
  endfacet
  facet normal 0.831476 0.55556 0
    outer loop
      vertex -31.6264 -42.248 32
      vertex -31.7754 -42.025 26
      vertex -31.7754 -42.025 32
    endloop
  endfacet
  facet normal 0.831476 0.55556 0
    outer loop
      vertex -31.7754 -42.025 26
      vertex -31.6264 -42.248 32
      vertex -31.6264 -42.248 26
    endloop
  endfacet
  facet normal 0.980724 -0.195399 0
    outer loop
      vertex -32.0325 -40.7324 32
      vertex -31.9801 -40.4694 26
      vertex -31.9801 -40.4694 32
    endloop
  endfacet
  facet normal 0.980724 -0.195399 0
    outer loop
      vertex -31.9801 -40.4694 26
      vertex -32.0325 -40.7324 32
      vertex -32.0325 -40.7324 26
    endloop
  endfacet
  facet normal 0.0652567 0.997869 -0
    outer loop
      vertex -30 -43.05 26
      vertex -30.2676 -43.0325 32
      vertex -30 -43.05 32
    endloop
  endfacet
  facet normal 0.0652567 0.997869 0
    outer loop
      vertex -30.2676 -43.0325 32
      vertex -30 -43.05 26
      vertex -30.2676 -43.0325 26
    endloop
  endfacet
  facet normal 0.442284 0.896875 -0
    outer loop
      vertex -30.7845 -42.894 26
      vertex -31.025 -42.7754 32
      vertex -30.7845 -42.894 32
    endloop
  endfacet
  facet normal 0.442284 0.896875 0
    outer loop
      vertex -31.025 -42.7754 32
      vertex -30.7845 -42.894 26
      vertex -31.025 -42.7754 26
    endloop
  endfacet
  facet normal 0.751837 -0.659349 0
    outer loop
      vertex -31.6264 -39.752 32
      vertex -31.4496 -39.5504 26
      vertex -31.4496 -39.5504 32
    endloop
  endfacet
  facet normal 0.751837 -0.659349 0
    outer loop
      vertex -31.4496 -39.5504 26
      vertex -31.6264 -39.752 32
      vertex -31.6264 -39.752 26
    endloop
  endfacet
  facet normal 1 -0 0
    outer loop
      vertex -26.5 50 32
      vertex -26.5 51.5 2
      vertex -26.5 51.5 32
    endloop
  endfacet
  facet normal 1 0 0
    outer loop
      vertex -26.5 51.5 2
      vertex -26.5 50 32
      vertex -26.5 50 2
    endloop
  endfacet
  facet normal 1 -0 0
    outer loop
      vertex -26.5 44.5 32
      vertex -26.5 48 2
      vertex -26.5 48 32
    endloop
  endfacet
  facet normal 1 0 0
    outer loop
      vertex -26.5 48 2
      vertex -26.5 44.5 32
      vertex -26.5 44.5 2
    endloop
  endfacet
  facet normal -1 0 0
    outer loop
      vertex -33.5 50 2
      vertex -33.5 51.5 32
      vertex -33.5 51.5 2
    endloop
  endfacet
  facet normal -1 -0 0
    outer loop
      vertex -33.5 51.5 32
      vertex -33.5 50 2
      vertex -33.5 50 32
    endloop
  endfacet
  facet normal -1 0 0
    outer loop
      vertex -33.5 44.5 2
      vertex -33.5 48 32
      vertex -33.5 48 2
    endloop
  endfacet
  facet normal -1 -0 0
    outer loop
      vertex -33.5 48 32
      vertex -33.5 44.5 2
      vertex -33.5 44.5 32
    endloop
  endfacet
  facet normal 0 1 -0
    outer loop
      vertex -26.5 51.5 2
      vertex -33.5 51.5 32
      vertex -26.5 51.5 32
    endloop
  endfacet
  facet normal 0 1 0
    outer loop
      vertex -33.5 51.5 32
      vertex -26.5 51.5 2
      vertex -33.5 51.5 2
    endloop
  endfacet
  facet normal 0 -1 0
    outer loop
      vertex -33.5 44.5 2
      vertex -26.5 44.5 32
      vertex -33.5 44.5 32
    endloop
  endfacet
  facet normal 0 -1 -0
    outer loop
      vertex -26.5 44.5 32
      vertex -33.5 44.5 2
      vertex -26.5 44.5 2
    endloop
  endfacet
  facet normal -0.195399 0.980724 0
    outer loop
      vertex -29.4694 46.0199 26
      vertex -29.7324 45.9675 32
      vertex -29.4694 46.0199 32
    endloop
  endfacet
  facet normal -0.195399 0.980724 0
    outer loop
      vertex -29.7324 45.9675 32
      vertex -29.4694 46.0199 26
      vertex -29.7324 45.9675 26
    endloop
  endfacet
  facet normal 0.896875 0.442284 0
    outer loop
      vertex -31.7754 46.975 32
      vertex -31.894 47.2155 26
      vertex -31.894 47.2155 32
    endloop
  endfacet
  facet normal 0.896875 0.442284 0
    outer loop
      vertex -31.894 47.2155 26
      vertex -31.7754 46.975 32
      vertex -31.7754 46.975 26
    endloop
  endfacet
  facet normal -0.896875 0.442284 0
    outer loop
      vertex -28.2246 46.975 26
      vertex -28.106 47.2155 32
      vertex -28.106 47.2155 26
    endloop
  endfacet
  facet normal -0.896875 0.442284 0
    outer loop
      vertex -28.106 47.2155 32
      vertex -28.2246 46.975 26
      vertex -28.2246 46.975 32
    endloop
  endfacet
  facet normal -0.997869 0.0652567 0
    outer loop
      vertex -27.9675 47.7324 26
      vertex -27.95 48 32
      vertex -27.95 48 26
    endloop
  endfacet
  facet normal -0.997869 0.0652567 0
    outer loop
      vertex -27.95 48 32
      vertex -27.9675 47.7324 26
      vertex -27.9675 47.7324 32
    endloop
  endfacet
  facet normal -0.0652567 0.997869 0
    outer loop
      vertex -29.7324 45.9675 26
      vertex -30 45.95 32
      vertex -29.7324 45.9675 32
    endloop
  endfacet
  facet normal -0.0652567 0.997869 0
    outer loop
      vertex -30 45.95 32
      vertex -29.7324 45.9675 26
      vertex -30 45.95 26
    endloop
  endfacet
  facet normal 0.980724 0.195399 0
    outer loop
      vertex -31.9801 47.4694 32
      vertex -32.0325 47.7324 26
      vertex -32.0325 47.7324 32
    endloop
  endfacet
  facet normal 0.980724 0.195399 0
    outer loop
      vertex -32.0325 47.7324 26
      vertex -31.9801 47.4694 32
      vertex -31.9801 47.4694 26
    endloop
  endfacet
  facet normal -0.831476 0.55556 0
    outer loop
      vertex -28.3736 46.752 26
      vertex -28.2246 46.975 32
      vertex -28.2246 46.975 26
    endloop
  endfacet
  facet normal -0.831476 0.55556 0
    outer loop
      vertex -28.2246 46.975 32
      vertex -28.3736 46.752 26
      vertex -28.3736 46.752 32
    endloop
  endfacet
  facet normal 0.0652567 0.997869 -0
    outer loop
      vertex -30 45.95 26
      vertex -30.2676 45.9675 32
      vertex -30 45.95 32
    endloop
  endfacet
  facet normal 0.0652567 0.997869 0
    outer loop
      vertex -30.2676 45.9675 32
      vertex -30 45.95 26
      vertex -30.2676 45.9675 26
    endloop
  endfacet
  facet normal 0.997869 0.0652567 0
    outer loop
      vertex -32.0325 47.7324 32
      vertex -32.05 48 26
      vertex -32.05 48 32
    endloop
  endfacet
  facet normal 0.997869 0.0652567 0
    outer loop
      vertex -32.05 48 26
      vertex -32.0325 47.7324 32
      vertex -32.0325 47.7324 26
    endloop
  endfacet
  facet normal 0.947029 0.321147 0
    outer loop
      vertex -31.894 47.2155 32
      vertex -31.9801 47.4694 26
      vertex -31.9801 47.4694 32
    endloop
  endfacet
  facet normal 0.947029 0.321147 0
    outer loop
      vertex -31.9801 47.4694 26
      vertex -31.894 47.2155 32
      vertex -31.894 47.2155 26
    endloop
  endfacet
  facet normal 0.0652567 -0.997869 0
    outer loop
      vertex -30.2676 50.0325 26
      vertex -30 50.05 32
      vertex -30.2676 50.0325 32
    endloop
  endfacet
  facet normal 0.0652567 -0.997869 0
    outer loop
      vertex -30 50.05 32
      vertex -30.2676 50.0325 26
      vertex -30 50.05 26
    endloop
  endfacet
  facet normal 0.321147 0.947029 -0
    outer loop
      vertex -30.5306 46.0199 26
      vertex -30.7845 46.106 32
      vertex -30.5306 46.0199 32
    endloop
  endfacet
  facet normal 0.321147 0.947029 0
    outer loop
      vertex -30.7845 46.106 32
      vertex -30.5306 46.0199 26
      vertex -30.7845 46.106 26
    endloop
  endfacet
  facet normal 0.195399 0.980724 -0
    outer loop
      vertex -30.2676 45.9675 26
      vertex -30.5306 46.0199 32
      vertex -30.2676 45.9675 32
    endloop
  endfacet
  facet normal 0.195399 0.980724 0
    outer loop
      vertex -30.5306 46.0199 32
      vertex -30.2676 45.9675 26
      vertex -30.5306 46.0199 26
    endloop
  endfacet
  facet normal -0.55556 0.831476 0
    outer loop
      vertex -28.752 46.3736 26
      vertex -28.975 46.2246 32
      vertex -28.752 46.3736 32
    endloop
  endfacet
  facet normal -0.55556 0.831476 0
    outer loop
      vertex -28.975 46.2246 32
      vertex -28.752 46.3736 26
      vertex -28.975 46.2246 26
    endloop
  endfacet
  facet normal -0.980724 0.195399 0
    outer loop
      vertex -28.0199 47.4694 26
      vertex -27.9675 47.7324 32
      vertex -27.9675 47.7324 26
    endloop
  endfacet
  facet normal -0.980724 0.195399 0
    outer loop
      vertex -27.9675 47.7324 32
      vertex -28.0199 47.4694 26
      vertex -28.0199 47.4694 32
    endloop
  endfacet
  facet normal -0.659349 0.751837 0
    outer loop
      vertex -28.5504 46.5504 26
      vertex -28.752 46.3736 32
      vertex -28.5504 46.5504 32
    endloop
  endfacet
  facet normal -0.659349 0.751837 0
    outer loop
      vertex -28.752 46.3736 32
      vertex -28.5504 46.5504 26
      vertex -28.752 46.3736 26
    endloop
  endfacet
  facet normal 0.195307 -0.980742 0
    outer loop
      vertex -30.4308 50 26
      vertex -30.2676 50.0325 32
      vertex -30.4308 50 32
    endloop
  endfacet
  facet normal 0.195307 -0.980742 0
    outer loop
      vertex -30.2676 50.0325 32
      vertex -30.4308 50 26
      vertex -30.2676 50.0325 26
    endloop
  endfacet
  facet normal 0.55556 0.831476 -0
    outer loop
      vertex -31.025 46.2246 26
      vertex -31.248 46.3736 32
      vertex -31.025 46.2246 32
    endloop
  endfacet
  facet normal 0.55556 0.831476 0
    outer loop
      vertex -31.248 46.3736 32
      vertex -31.025 46.2246 26
      vertex -31.248 46.3736 26
    endloop
  endfacet
  facet normal 0.659349 0.751837 -0
    outer loop
      vertex -31.248 46.3736 26
      vertex -31.4496 46.5504 32
      vertex -31.248 46.3736 32
    endloop
  endfacet
  facet normal 0.659349 0.751837 0
    outer loop
      vertex -31.4496 46.5504 32
      vertex -31.248 46.3736 26
      vertex -31.4496 46.5504 26
    endloop
  endfacet
  facet normal -0.751837 0.659349 0
    outer loop
      vertex -28.5504 46.5504 26
      vertex -28.3736 46.752 32
      vertex -28.3736 46.752 26
    endloop
  endfacet
  facet normal -0.751837 0.659349 0
    outer loop
      vertex -28.3736 46.752 32
      vertex -28.5504 46.5504 26
      vertex -28.5504 46.5504 32
    endloop
  endfacet
  facet normal 0 0 1
    outer loop
      vertex -27.95 48 26
      vertex -28.0199 47.4694 26
      vertex -27.9675 47.7324 26
    endloop
  endfacet
  facet normal 0 0 1
    outer loop
      vertex -27.95 48 26
      vertex -28.106 47.2155 26
      vertex -28.0199 47.4694 26
    endloop
  endfacet
  facet normal 0 0 1
    outer loop
      vertex -27.95 48 26
      vertex -28.2246 46.975 26
      vertex -28.106 47.2155 26
    endloop
  endfacet
  facet normal 0 0 1
    outer loop
      vertex -27.95 48 26
      vertex -28.3736 46.752 26
      vertex -28.2246 46.975 26
    endloop
  endfacet
  facet normal 0 0 1
    outer loop
      vertex -27.95 48 26
      vertex -28.5504 46.5504 26
      vertex -28.3736 46.752 26
    endloop
  endfacet
  facet normal 0 0 1
    outer loop
      vertex -27.95 48 26
      vertex -28.752 46.3736 26
      vertex -28.5504 46.5504 26
    endloop
  endfacet
  facet normal 0 0 1
    outer loop
      vertex -27.95 48 26
      vertex -28.975 46.2246 26
      vertex -28.752 46.3736 26
    endloop
  endfacet
  facet normal 0 0 1
    outer loop
      vertex -27.95 48 26
      vertex -29.2155 46.106 26
      vertex -28.975 46.2246 26
    endloop
  endfacet
  facet normal 0 0 1
    outer loop
      vertex -27.95 48 26
      vertex -29.4694 46.0199 26
      vertex -29.2155 46.106 26
    endloop
  endfacet
  facet normal 0 0 1
    outer loop
      vertex -27.95 48 26
      vertex -29.7324 45.9675 26
      vertex -29.4694 46.0199 26
    endloop
  endfacet
  facet normal 0 0 1
    outer loop
      vertex -27.95 48 26
      vertex -30 45.95 26
      vertex -29.7324 45.9675 26
    endloop
  endfacet
  facet normal 0 0 1
    outer loop
      vertex -27.95 48 26
      vertex -30.2676 45.9675 26
      vertex -30 45.95 26
    endloop
  endfacet
  facet normal 0 0 1
    outer loop
      vertex -27.95 48 26
      vertex -30.5306 46.0199 26
      vertex -30.2676 45.9675 26
    endloop
  endfacet
  facet normal 0 0 1
    outer loop
      vertex -27.95 48 26
      vertex -30.7845 46.106 26
      vertex -30.5306 46.0199 26
    endloop
  endfacet
  facet normal 0 0 1
    outer loop
      vertex -27.95 48 26
      vertex -31.025 46.2246 26
      vertex -30.7845 46.106 26
    endloop
  endfacet
  facet normal 0 0 1
    outer loop
      vertex -27.95 48 26
      vertex -31.248 46.3736 26
      vertex -31.025 46.2246 26
    endloop
  endfacet
  facet normal 0 0 1
    outer loop
      vertex -27.95 48 26
      vertex -31.4496 46.5504 26
      vertex -31.248 46.3736 26
    endloop
  endfacet
  facet normal 0 0 1
    outer loop
      vertex -27.95 48 26
      vertex -31.6264 46.752 26
      vertex -31.4496 46.5504 26
    endloop
  endfacet
  facet normal 0 0 1
    outer loop
      vertex -27.95 48 26
      vertex -31.7754 46.975 26
      vertex -31.6264 46.752 26
    endloop
  endfacet
  facet normal 0 0 1
    outer loop
      vertex -27.95 48 26
      vertex -31.894 47.2155 26
      vertex -31.7754 46.975 26
    endloop
  endfacet
  facet normal 0 0 1
    outer loop
      vertex -27.95 48 26
      vertex -31.9801 47.4694 26
      vertex -31.894 47.2155 26
    endloop
  endfacet
  facet normal 0 0 1
    outer loop
      vertex -27.95 48 26
      vertex -32.0325 47.7324 26
      vertex -31.9801 47.4694 26
    endloop
  endfacet
  facet normal 0 -0 1
    outer loop
      vertex -32.0325 47.7324 26
      vertex -27.95 48 26
      vertex -32.05 48 26
    endloop
  endfacet
  facet normal 0 0 1
    outer loop
      vertex -30 50.05 26
      vertex -29.5692 50 26
      vertex -29.7324 50.0325 26
    endloop
  endfacet
  facet normal 0 0 1
    outer loop
      vertex -30.4308 50 26
      vertex -30 50.05 26
      vertex -30.2676 50.0325 26
    endloop
  endfacet
  facet normal 0 0 1
    outer loop
      vertex -30 50.05 26
      vertex -30.4308 50 26
      vertex -29.5692 50 26
    endloop
  endfacet
  facet normal -0.0652567 -0.997869 0
    outer loop
      vertex -30 50.05 26
      vertex -29.7324 50.0325 32
      vertex -30 50.05 32
    endloop
  endfacet
  facet normal -0.0652567 -0.997869 -0
    outer loop
      vertex -29.7324 50.0325 32
      vertex -30 50.05 26
      vertex -29.7324 50.0325 26
    endloop
  endfacet
  facet normal -0.321147 0.947029 0
    outer loop
      vertex -29.2155 46.106 26
      vertex -29.4694 46.0199 32
      vertex -29.2155 46.106 32
    endloop
  endfacet
  facet normal -0.321147 0.947029 0
    outer loop
      vertex -29.4694 46.0199 32
      vertex -29.2155 46.106 26
      vertex -29.4694 46.0199 26
    endloop
  endfacet
  facet normal -0.442284 0.896875 0
    outer loop
      vertex -28.975 46.2246 26
      vertex -29.2155 46.106 32
      vertex -28.975 46.2246 32
    endloop
  endfacet
  facet normal -0.442284 0.896875 0
    outer loop
      vertex -29.2155 46.106 32
      vertex -28.975 46.2246 26
      vertex -29.2155 46.106 26
    endloop
  endfacet
  facet normal -0.947029 0.321147 0
    outer loop
      vertex -28.106 47.2155 26
      vertex -28.0199 47.4694 32
      vertex -28.0199 47.4694 26
    endloop
  endfacet
  facet normal -0.947029 0.321147 0
    outer loop
      vertex -28.0199 47.4694 32
      vertex -28.106 47.2155 26
      vertex -28.106 47.2155 32
    endloop
  endfacet
  facet normal -0.195307 -0.980742 0
    outer loop
      vertex -29.7324 50.0325 26
      vertex -29.5692 50 32
      vertex -29.7324 50.0325 32
    endloop
  endfacet
  facet normal -0.195307 -0.980742 -0
    outer loop
      vertex -29.5692 50 32
      vertex -29.7324 50.0325 26
      vertex -29.5692 50 26
    endloop
  endfacet
  facet normal 0.442284 0.896875 -0
    outer loop
      vertex -30.7845 46.106 26
      vertex -31.025 46.2246 32
      vertex -30.7845 46.106 32
    endloop
  endfacet
  facet normal 0.442284 0.896875 0
    outer loop
      vertex -31.025 46.2246 32
      vertex -30.7845 46.106 26
      vertex -31.025 46.2246 26
    endloop
  endfacet
  facet normal 0.831476 0.55556 0
    outer loop
      vertex -31.6264 46.752 32
      vertex -31.7754 46.975 26
      vertex -31.7754 46.975 32
    endloop
  endfacet
  facet normal 0.831476 0.55556 0
    outer loop
      vertex -31.7754 46.975 26
      vertex -31.6264 46.752 32
      vertex -31.6264 46.752 26
    endloop
  endfacet
  facet normal 0.751837 0.659349 0
    outer loop
      vertex -31.4496 46.5504 32
      vertex -31.6264 46.752 26
      vertex -31.6264 46.752 32
    endloop
  endfacet
  facet normal 0.751837 0.659349 0
    outer loop
      vertex -31.6264 46.752 26
      vertex -31.4496 46.5504 32
      vertex -31.4496 46.5504 26
    endloop
  endfacet
  facet normal 1 -0 0
    outer loop
      vertex 40.5 -44.5 32
      vertex 40.5 -37.5 2
      vertex 40.5 -37.5 32
    endloop
  endfacet
  facet normal 1 0 0
    outer loop
      vertex 40.5 -37.5 2
      vertex 40.5 -44.5 32
      vertex 40.5 -44.5 2
    endloop
  endfacet
  facet normal -1 0 0
    outer loop
      vertex 33.5 -44.5 2
      vertex 33.5 -37.5 32
      vertex 33.5 -37.5 2
    endloop
  endfacet
  facet normal -1 -0 0
    outer loop
      vertex 33.5 -37.5 32
      vertex 33.5 -44.5 2
      vertex 33.5 -44.5 32
    endloop
  endfacet
  facet normal 0 1 -0
    outer loop
      vertex 37 -37.5 2
      vertex 33.5 -37.5 32
      vertex 37 -37.5 32
    endloop
  endfacet
  facet normal 0 1 0
    outer loop
      vertex 33.5 -37.5 32
      vertex 37 -37.5 2
      vertex 33.5 -37.5 2
    endloop
  endfacet
  facet normal 0 1 -0
    outer loop
      vertex 40.5 -37.5 2
      vertex 39 -37.5 32
      vertex 40.5 -37.5 32
    endloop
  endfacet
  facet normal 0 1 0
    outer loop
      vertex 39 -37.5 32
      vertex 40.5 -37.5 2
      vertex 39 -37.5 2
    endloop
  endfacet
  facet normal 0 -1 0
    outer loop
      vertex 33.5 -44.5 2
      vertex 37 -44.5 32
      vertex 33.5 -44.5 32
    endloop
  endfacet
  facet normal 0 -1 -0
    outer loop
      vertex 37 -44.5 32
      vertex 33.5 -44.5 2
      vertex 37 -44.5 2
    endloop
  endfacet
  facet normal 0 -1 0
    outer loop
      vertex 39 -44.5 2
      vertex 40.5 -44.5 32
      vertex 39 -44.5 32
    endloop
  endfacet
  facet normal 0 -1 -0
    outer loop
      vertex 40.5 -44.5 32
      vertex 39 -44.5 2
      vertex 40.5 -44.5 2
    endloop
  endfacet
  facet normal -0.980742 0.195307 0
    outer loop
      vertex 39 -41.4308 26
      vertex 39.0325 -41.2676 32
      vertex 39.0325 -41.2676 26
    endloop
  endfacet
  facet normal -0.980742 0.195307 0
    outer loop
      vertex 39.0325 -41.2676 32
      vertex 39 -41.4308 26
      vertex 39 -41.4308 32
    endloop
  endfacet
  facet normal -0.980742 -0.195307 0
    outer loop
      vertex 39.0325 -40.7324 26
      vertex 39 -40.5692 32
      vertex 39 -40.5692 26
    endloop
  endfacet
  facet normal -0.980742 -0.195307 0
    outer loop
      vertex 39 -40.5692 32
      vertex 39.0325 -40.7324 26
      vertex 39.0325 -40.7324 32
    endloop
  endfacet
  facet normal -0.997869 -0.0652567 0
    outer loop
      vertex 39.05 -41 26
      vertex 39.0325 -40.7324 32
      vertex 39.0325 -40.7324 26
    endloop
  endfacet
  facet normal -0.997869 -0.0652567 0
    outer loop
      vertex 39.0325 -40.7324 32
      vertex 39.05 -41 26
      vertex 39.05 -41 32
    endloop
  endfacet
  facet normal 0.659349 -0.751837 0
    outer loop
      vertex 35.5504 -39.5504 26
      vertex 35.752 -39.3736 32
      vertex 35.5504 -39.5504 32
    endloop
  endfacet
  facet normal 0.659349 -0.751837 0
    outer loop
      vertex 35.752 -39.3736 32
      vertex 35.5504 -39.5504 26
      vertex 35.752 -39.3736 26
    endloop
  endfacet
  facet normal 0.55556 -0.831476 0
    outer loop
      vertex 35.752 -39.3736 26
      vertex 35.975 -39.2246 32
      vertex 35.752 -39.3736 32
    endloop
  endfacet
  facet normal 0.55556 -0.831476 0
    outer loop
      vertex 35.975 -39.2246 32
      vertex 35.752 -39.3736 26
      vertex 35.975 -39.2246 26
    endloop
  endfacet
  facet normal 0.442284 -0.896875 0
    outer loop
      vertex 35.975 -39.2246 26
      vertex 36.2155 -39.106 32
      vertex 35.975 -39.2246 32
    endloop
  endfacet
  facet normal 0.442284 -0.896875 0
    outer loop
      vertex 36.2155 -39.106 32
      vertex 35.975 -39.2246 26
      vertex 36.2155 -39.106 26
    endloop
  endfacet
  facet normal 0.947029 0.321147 0
    outer loop
      vertex 35.106 -41.7845 32
      vertex 35.0199 -41.5306 26
      vertex 35.0199 -41.5306 32
    endloop
  endfacet
  facet normal 0.947029 0.321147 0
    outer loop
      vertex 35.0199 -41.5306 26
      vertex 35.106 -41.7845 32
      vertex 35.106 -41.7845 26
    endloop
  endfacet
  facet normal 0.831476 0.55556 0
    outer loop
      vertex 35.3736 -42.248 32
      vertex 35.2246 -42.025 26
      vertex 35.2246 -42.025 32
    endloop
  endfacet
  facet normal 0.831476 0.55556 0
    outer loop
      vertex 35.2246 -42.025 26
      vertex 35.3736 -42.248 32
      vertex 35.3736 -42.248 26
    endloop
  endfacet
  facet normal 0 0 1
    outer loop
      vertex 39 -40.5692 26
      vertex 39.05 -41 26
      vertex 39.0325 -40.7324 26
    endloop
  endfacet
  facet normal 0 0 1
    outer loop
      vertex 39 -41.4308 26
      vertex 39.05 -41 26
      vertex 39 -40.5692 26
    endloop
  endfacet
  facet normal 0 0 1
    outer loop
      vertex 39.05 -41 26
      vertex 39 -41.4308 26
      vertex 39.0325 -41.2676 26
    endloop
  endfacet
  facet normal -0 0 1
    outer loop
      vertex 36.7324 -38.9675 26
      vertex 37 -43.05 26
      vertex 37 -38.95 26
    endloop
  endfacet
  facet normal 0 0 1
    outer loop
      vertex 36.7324 -38.9675 26
      vertex 36.7324 -43.0325 26
      vertex 37 -43.05 26
    endloop
  endfacet
  facet normal -0 0 1
    outer loop
      vertex 36.4694 -39.0199 26
      vertex 36.7324 -43.0325 26
      vertex 36.7324 -38.9675 26
    endloop
  endfacet
  facet normal 0 0 1
    outer loop
      vertex 36.4694 -39.0199 26
      vertex 36.4694 -42.9801 26
      vertex 36.7324 -43.0325 26
    endloop
  endfacet
  facet normal -0 0 1
    outer loop
      vertex 36.2155 -39.106 26
      vertex 36.4694 -42.9801 26
      vertex 36.4694 -39.0199 26
    endloop
  endfacet
  facet normal 0 0 1
    outer loop
      vertex 36.2155 -39.106 26
      vertex 36.2155 -42.894 26
      vertex 36.4694 -42.9801 26
    endloop
  endfacet
  facet normal -0 0 1
    outer loop
      vertex 35.975 -39.2246 26
      vertex 36.2155 -42.894 26
      vertex 36.2155 -39.106 26
    endloop
  endfacet
  facet normal 0 0 1
    outer loop
      vertex 35.975 -39.2246 26
      vertex 35.975 -42.7754 26
      vertex 36.2155 -42.894 26
    endloop
  endfacet
  facet normal -0 0 1
    outer loop
      vertex 35.752 -39.3736 26
      vertex 35.975 -42.7754 26
      vertex 35.975 -39.2246 26
    endloop
  endfacet
  facet normal 0 0 1
    outer loop
      vertex 35.752 -39.3736 26
      vertex 35.752 -42.6264 26
      vertex 35.975 -42.7754 26
    endloop
  endfacet
  facet normal -0 0 1
    outer loop
      vertex 35.5504 -39.5504 26
      vertex 35.752 -42.6264 26
      vertex 35.752 -39.3736 26
    endloop
  endfacet
  facet normal 0 0 1
    outer loop
      vertex 35.5504 -39.5504 26
      vertex 35.5504 -42.4496 26
      vertex 35.752 -42.6264 26
    endloop
  endfacet
  facet normal -0 0 1
    outer loop
      vertex 35.3736 -39.752 26
      vertex 35.5504 -42.4496 26
      vertex 35.5504 -39.5504 26
    endloop
  endfacet
  facet normal 0 0 1
    outer loop
      vertex 35.3736 -39.752 26
      vertex 35.3736 -42.248 26
      vertex 35.5504 -42.4496 26
    endloop
  endfacet
  facet normal -0 0 1
    outer loop
      vertex 35.2246 -39.975 26
      vertex 35.3736 -42.248 26
      vertex 35.3736 -39.752 26
    endloop
  endfacet
  facet normal 0 0 1
    outer loop
      vertex 35.2246 -39.975 26
      vertex 35.2246 -42.025 26
      vertex 35.3736 -42.248 26
    endloop
  endfacet
  facet normal -0 0 1
    outer loop
      vertex 35.106 -40.2155 26
      vertex 35.2246 -42.025 26
      vertex 35.2246 -39.975 26
    endloop
  endfacet
  facet normal 0 0 1
    outer loop
      vertex 35.106 -40.2155 26
      vertex 35.106 -41.7845 26
      vertex 35.2246 -42.025 26
    endloop
  endfacet
  facet normal -0 0 1
    outer loop
      vertex 35.0199 -40.4694 26
      vertex 35.106 -41.7845 26
      vertex 35.106 -40.2155 26
    endloop
  endfacet
  facet normal 0 0 1
    outer loop
      vertex 35.0199 -40.4694 26
      vertex 35.0199 -41.5306 26
      vertex 35.106 -41.7845 26
    endloop
  endfacet
  facet normal -0 0 1
    outer loop
      vertex 34.9675 -40.7324 26
      vertex 35.0199 -41.5306 26
      vertex 35.0199 -40.4694 26
    endloop
  endfacet
  facet normal 0 0 1
    outer loop
      vertex 34.9675 -40.7324 26
      vertex 34.9675 -41.2676 26
      vertex 35.0199 -41.5306 26
    endloop
  endfacet
  facet normal 0 -0 1
    outer loop
      vertex 34.9675 -41.2676 26
      vertex 34.9675 -40.7324 26
      vertex 34.95 -41 26
    endloop
  endfacet
  facet normal 0.980724 -0.195399 0
    outer loop
      vertex 34.9675 -40.7324 32
      vertex 35.0199 -40.4694 26
      vertex 35.0199 -40.4694 32
    endloop
  endfacet
  facet normal 0.980724 -0.195399 0
    outer loop
      vertex 35.0199 -40.4694 26
      vertex 34.9675 -40.7324 32
      vertex 34.9675 -40.7324 26
    endloop
  endfacet
  facet normal -0.997869 0.0652567 0
    outer loop
      vertex 39.0325 -41.2676 26
      vertex 39.05 -41 32
      vertex 39.05 -41 26
    endloop
  endfacet
  facet normal -0.997869 0.0652567 0
    outer loop
      vertex 39.05 -41 32
      vertex 39.0325 -41.2676 26
      vertex 39.0325 -41.2676 32
    endloop
  endfacet
  facet normal 0.980724 0.195399 0
    outer loop
      vertex 35.0199 -41.5306 32
      vertex 34.9675 -41.2676 26
      vertex 34.9675 -41.2676 32
    endloop
  endfacet
  facet normal 0.980724 0.195399 0
    outer loop
      vertex 34.9675 -41.2676 26
      vertex 35.0199 -41.5306 32
      vertex 35.0199 -41.5306 26
    endloop
  endfacet
  facet normal 0.947029 -0.321147 0
    outer loop
      vertex 35.0199 -40.4694 32
      vertex 35.106 -40.2155 26
      vertex 35.106 -40.2155 32
    endloop
  endfacet
  facet normal 0.947029 -0.321147 0
    outer loop
      vertex 35.106 -40.2155 26
      vertex 35.0199 -40.4694 32
      vertex 35.0199 -40.4694 26
    endloop
  endfacet
  facet normal 0.997869 0.0652567 0
    outer loop
      vertex 34.9675 -41.2676 32
      vertex 34.95 -41 26
      vertex 34.95 -41 32
    endloop
  endfacet
  facet normal 0.997869 0.0652567 0
    outer loop
      vertex 34.95 -41 26
      vertex 34.9675 -41.2676 32
      vertex 34.9675 -41.2676 26
    endloop
  endfacet
  facet normal 0.195399 -0.980724 0
    outer loop
      vertex 36.4694 -39.0199 26
      vertex 36.7324 -38.9675 32
      vertex 36.4694 -39.0199 32
    endloop
  endfacet
  facet normal 0.195399 -0.980724 0
    outer loop
      vertex 36.7324 -38.9675 32
      vertex 36.4694 -39.0199 26
      vertex 36.7324 -38.9675 26
    endloop
  endfacet
  facet normal 0.896875 0.442284 0
    outer loop
      vertex 35.2246 -42.025 32
      vertex 35.106 -41.7845 26
      vertex 35.106 -41.7845 32
    endloop
  endfacet
  facet normal 0.896875 0.442284 0
    outer loop
      vertex 35.106 -41.7845 26
      vertex 35.2246 -42.025 32
      vertex 35.2246 -42.025 26
    endloop
  endfacet
  facet normal 0.831476 -0.55556 0
    outer loop
      vertex 35.2246 -39.975 32
      vertex 35.3736 -39.752 26
      vertex 35.3736 -39.752 32
    endloop
  endfacet
  facet normal 0.831476 -0.55556 0
    outer loop
      vertex 35.3736 -39.752 26
      vertex 35.2246 -39.975 32
      vertex 35.2246 -39.975 26
    endloop
  endfacet
  facet normal 0.321147 -0.947029 0
    outer loop
      vertex 36.2155 -39.106 26
      vertex 36.4694 -39.0199 32
      vertex 36.2155 -39.106 32
    endloop
  endfacet
  facet normal 0.321147 -0.947029 0
    outer loop
      vertex 36.4694 -39.0199 32
      vertex 36.2155 -39.106 26
      vertex 36.4694 -39.0199 26
    endloop
  endfacet
  facet normal 0.0652567 0.997869 -0
    outer loop
      vertex 37 -43.05 26
      vertex 36.7324 -43.0325 32
      vertex 37 -43.05 32
    endloop
  endfacet
  facet normal 0.0652567 0.997869 0
    outer loop
      vertex 36.7324 -43.0325 32
      vertex 37 -43.05 26
      vertex 36.7324 -43.0325 26
    endloop
  endfacet
  facet normal 0.0652567 -0.997869 0
    outer loop
      vertex 36.7324 -38.9675 26
      vertex 37 -38.95 32
      vertex 36.7324 -38.9675 32
    endloop
  endfacet
  facet normal 0.0652567 -0.997869 0
    outer loop
      vertex 37 -38.95 32
      vertex 36.7324 -38.9675 26
      vertex 37 -38.95 26
    endloop
  endfacet
  facet normal 0.997869 -0.0652567 0
    outer loop
      vertex 34.95 -41 32
      vertex 34.9675 -40.7324 26
      vertex 34.9675 -40.7324 32
    endloop
  endfacet
  facet normal 0.997869 -0.0652567 0
    outer loop
      vertex 34.9675 -40.7324 26
      vertex 34.95 -41 32
      vertex 34.95 -41 26
    endloop
  endfacet
  facet normal 0.442284 0.896875 -0
    outer loop
      vertex 36.2155 -42.894 26
      vertex 35.975 -42.7754 32
      vertex 36.2155 -42.894 32
    endloop
  endfacet
  facet normal 0.442284 0.896875 0
    outer loop
      vertex 35.975 -42.7754 32
      vertex 36.2155 -42.894 26
      vertex 35.975 -42.7754 26
    endloop
  endfacet
  facet normal 0.321147 0.947029 -0
    outer loop
      vertex 36.4694 -42.9801 26
      vertex 36.2155 -42.894 32
      vertex 36.4694 -42.9801 32
    endloop
  endfacet
  facet normal 0.321147 0.947029 0
    outer loop
      vertex 36.2155 -42.894 32
      vertex 36.4694 -42.9801 26
      vertex 36.2155 -42.894 26
    endloop
  endfacet
  facet normal 0.751837 0.659349 0
    outer loop
      vertex 35.5504 -42.4496 32
      vertex 35.3736 -42.248 26
      vertex 35.3736 -42.248 32
    endloop
  endfacet
  facet normal 0.751837 0.659349 0
    outer loop
      vertex 35.3736 -42.248 26
      vertex 35.5504 -42.4496 32
      vertex 35.5504 -42.4496 26
    endloop
  endfacet
  facet normal 0.896875 -0.442284 0
    outer loop
      vertex 35.106 -40.2155 32
      vertex 35.2246 -39.975 26
      vertex 35.2246 -39.975 32
    endloop
  endfacet
  facet normal 0.896875 -0.442284 0
    outer loop
      vertex 35.2246 -39.975 26
      vertex 35.106 -40.2155 32
      vertex 35.106 -40.2155 26
    endloop
  endfacet
  facet normal 0.195399 0.980724 -0
    outer loop
      vertex 36.7324 -43.0325 26
      vertex 36.4694 -42.9801 32
      vertex 36.7324 -43.0325 32
    endloop
  endfacet
  facet normal 0.195399 0.980724 0
    outer loop
      vertex 36.4694 -42.9801 32
      vertex 36.7324 -43.0325 26
      vertex 36.4694 -42.9801 26
    endloop
  endfacet
  facet normal 0.751837 -0.659349 0
    outer loop
      vertex 35.3736 -39.752 32
      vertex 35.5504 -39.5504 26
      vertex 35.5504 -39.5504 32
    endloop
  endfacet
  facet normal 0.751837 -0.659349 0
    outer loop
      vertex 35.5504 -39.5504 26
      vertex 35.3736 -39.752 32
      vertex 35.3736 -39.752 26
    endloop
  endfacet
  facet normal 0.659349 0.751837 -0
    outer loop
      vertex 35.752 -42.6264 26
      vertex 35.5504 -42.4496 32
      vertex 35.752 -42.6264 32
    endloop
  endfacet
  facet normal 0.659349 0.751837 0
    outer loop
      vertex 35.5504 -42.4496 32
      vertex 35.752 -42.6264 26
      vertex 35.5504 -42.4496 26
    endloop
  endfacet
  facet normal 0.55556 0.831476 -0
    outer loop
      vertex 35.975 -42.7754 26
      vertex 35.752 -42.6264 32
      vertex 35.975 -42.7754 32
    endloop
  endfacet
  facet normal 0.55556 0.831476 0
    outer loop
      vertex 35.752 -42.6264 32
      vertex 35.975 -42.7754 26
      vertex 35.752 -42.6264 26
    endloop
  endfacet
  facet normal 1 -0 0
    outer loop
      vertex 40.5 44.5 32
      vertex 40.5 51.5 2
      vertex 40.5 51.5 32
    endloop
  endfacet
  facet normal 1 0 0
    outer loop
      vertex 40.5 51.5 2
      vertex 40.5 44.5 32
      vertex 40.5 44.5 2
    endloop
  endfacet
  facet normal -1 0 0
    outer loop
      vertex 33.5 50 2
      vertex 33.5 51.5 32
      vertex 33.5 51.5 2
    endloop
  endfacet
  facet normal -1 -0 0
    outer loop
      vertex 33.5 51.5 32
      vertex 33.5 50 2
      vertex 33.5 50 32
    endloop
  endfacet
  facet normal -1 0 0
    outer loop
      vertex 33.5 44.5 2
      vertex 33.5 48 32
      vertex 33.5 48 2
    endloop
  endfacet
  facet normal -1 -0 0
    outer loop
      vertex 33.5 48 32
      vertex 33.5 44.5 2
      vertex 33.5 44.5 32
    endloop
  endfacet
  facet normal 0 1 -0
    outer loop
      vertex 40.5 51.5 2
      vertex 33.5 51.5 32
      vertex 40.5 51.5 32
    endloop
  endfacet
  facet normal 0 1 0
    outer loop
      vertex 33.5 51.5 32
      vertex 40.5 51.5 2
      vertex 33.5 51.5 2
    endloop
  endfacet
  facet normal 0 -1 0
    outer loop
      vertex 33.5 44.5 2
      vertex 37 44.5 32
      vertex 33.5 44.5 32
    endloop
  endfacet
  facet normal 0 -1 -0
    outer loop
      vertex 37 44.5 32
      vertex 33.5 44.5 2
      vertex 37 44.5 2
    endloop
  endfacet
  facet normal 0 -1 0
    outer loop
      vertex 39 44.5 2
      vertex 40.5 44.5 32
      vertex 39 44.5 32
    endloop
  endfacet
  facet normal 0 -1 -0
    outer loop
      vertex 40.5 44.5 32
      vertex 39 44.5 2
      vertex 40.5 44.5 2
    endloop
  endfacet
  facet normal -0 0 1
    outer loop
      vertex 38.7716 48.148 26
      vertex 39.05 48 26
      vertex 39.0325 48.2676 26
    endloop
  endfacet
  facet normal 0 0 1
    outer loop
      vertex 38.7716 48.148 26
      vertex 39.0325 48.2676 26
      vertex 38.9801 48.5306 26
    endloop
  endfacet
  facet normal 0 0 1
    outer loop
      vertex 39.05 48 26
      vertex 38.7716 48.148 26
      vertex 38.8978 47.7765 26
    endloop
  endfacet
  facet normal 0 0 1
    outer loop
      vertex 39.0325 47.7324 26
      vertex 38.8978 47.7765 26
      vertex 38.9801 47.4694 26
    endloop
  endfacet
  facet normal 0 0 1
    outer loop
      vertex 38.9801 47.4694 26
      vertex 38.8978 47.7765 26
      vertex 38.9667 47.4299 26
    endloop
  endfacet
  facet normal 0 0 1
    outer loop
      vertex 38.5981 48.5 26
      vertex 38.9801 48.5306 26
      vertex 38.894 48.7845 26
    endloop
  endfacet
  facet normal -0 0 1
    outer loop
      vertex 38.3801 48.8263 26
      vertex 38.894 48.7845 26
      vertex 38.7754 49.025 26
    endloop
  endfacet
  facet normal 0 0 1
    outer loop
      vertex 39.05 48 26
      vertex 38.8978 47.7765 26
      vertex 39.0325 47.7324 26
    endloop
  endfacet
  facet normal 0 0 1
    outer loop
      vertex 38.3801 48.8263 26
      vertex 38.7754 49.025 26
      vertex 38.6264 49.248 26
    endloop
  endfacet
  facet normal 0 0 1
    outer loop
      vertex 38.9801 48.5306 26
      vertex 38.5981 48.5 26
      vertex 38.7716 48.148 26
    endloop
  endfacet
  facet normal 0 0 1
    outer loop
      vertex 38.1213 49.1213 26
      vertex 38.6264 49.248 26
      vertex 38.4496 49.4496 26
    endloop
  endfacet
  facet normal 0 0 1
    outer loop
      vertex 38.894 48.7845 26
      vertex 38.3801 48.8263 26
      vertex 38.5981 48.5 26
    endloop
  endfacet
  facet normal 0 0 1
    outer loop
      vertex 38.1213 49.1213 26
      vertex 38.4496 49.4496 26
      vertex 38.248 49.6264 26
    endloop
  endfacet
  facet normal 0 0 1
    outer loop
      vertex 38.6264 49.248 26
      vertex 38.1213 49.1213 26
      vertex 38.3801 48.8263 26
    endloop
  endfacet
  facet normal 0 0 1
    outer loop
      vertex 37.8263 49.3801 26
      vertex 38.248 49.6264 26
      vertex 38.025 49.7754 26
    endloop
  endfacet
  facet normal 0 0 1
    outer loop
      vertex 38.248 49.6264 26
      vertex 37.8263 49.3801 26
      vertex 38.1213 49.1213 26
    endloop
  endfacet
  facet normal 0 0 1
    outer loop
      vertex 37.7845 49.894 26
      vertex 37.8263 49.3801 26
      vertex 38.025 49.7754 26
    endloop
  endfacet
  facet normal 0 0 1
    outer loop
      vertex 37.5 49.5981 26
      vertex 37.7845 49.894 26
      vertex 37.5306 49.9801 26
    endloop
  endfacet
  facet normal 0 0 1
    outer loop
      vertex 37.7845 49.894 26
      vertex 37.5 49.5981 26
      vertex 37.8263 49.3801 26
    endloop
  endfacet
  facet normal 0 0 1
    outer loop
      vertex 37.148 49.7716 26
      vertex 37.5306 49.9801 26
      vertex 37.2676 50.0325 26
    endloop
  endfacet
  facet normal 0 0 1
    outer loop
      vertex 37.5306 49.9801 26
      vertex 37.148 49.7716 26
      vertex 37.5 49.5981 26
    endloop
  endfacet
  facet normal 0 0 1
    outer loop
      vertex 37 50.05 26
      vertex 37.148 49.7716 26
      vertex 37.2676 50.0325 26
    endloop
  endfacet
  facet normal 0 0 1
    outer loop
      vertex 37 50.05 26
      vertex 36.7765 49.8978 26
      vertex 37.148 49.7716 26
    endloop
  endfacet
  facet normal -0 0 1
    outer loop
      vertex 36.7324 50.0325 26
      vertex 36.7765 49.8978 26
      vertex 37 50.05 26
    endloop
  endfacet
  facet normal -0 0 1
    outer loop
      vertex 36.4694 49.9801 26
      vertex 36.7765 49.8978 26
      vertex 36.7324 50.0325 26
    endloop
  endfacet
  facet normal 0 0 1
    outer loop
      vertex 36.7765 49.8978 26
      vertex 36.4694 49.9801 26
      vertex 36.4299 49.9667 26
    endloop
  endfacet
  facet normal 0 0 1
    outer loop
      vertex 35.752 46.3736 26
      vertex 37 47 26
      vertex 36.9914 47.1305 26
    endloop
  endfacet
  facet normal 0 0 1
    outer loop
      vertex 35.752 46.3736 26
      vertex 36.9914 47.1305 26
      vertex 36.9659 47.2588 26
    endloop
  endfacet
  facet normal 0 0 1
    outer loop
      vertex 35.752 46.3736 26
      vertex 36.9659 47.2588 26
      vertex 36.9239 47.3827 26
    endloop
  endfacet
  facet normal 0 0 1
    outer loop
      vertex 35.5504 46.5504 26
      vertex 36.9239 47.3827 26
      vertex 36.866 47.5 26
    endloop
  endfacet
  facet normal 0 0 1
    outer loop
      vertex 35.5504 46.5504 26
      vertex 36.866 47.5 26
      vertex 36.7934 47.6088 26
    endloop
  endfacet
  facet normal 0 0 1
    outer loop
      vertex 37 47 26
      vertex 36.7324 45.9675 26
      vertex 37 45.95 26
    endloop
  endfacet
  facet normal 0 0 1
    outer loop
      vertex 35.5504 46.5504 26
      vertex 36.7934 47.6088 26
      vertex 36.7071 47.7071 26
    endloop
  endfacet
  facet normal 0 0 1
    outer loop
      vertex 35.5504 46.5504 26
      vertex 36.7071 47.7071 26
      vertex 36.6088 47.7934 26
    endloop
  endfacet
  facet normal 0 0 1
    outer loop
      vertex 35.5504 46.5504 26
      vertex 36.6088 47.7934 26
      vertex 36.5 47.866 26
    endloop
  endfacet
  facet normal 0 0 1
    outer loop
      vertex 37 47 26
      vertex 36.4694 46.0199 26
      vertex 36.7324 45.9675 26
    endloop
  endfacet
  facet normal 0 0 1
    outer loop
      vertex 35.5504 46.5504 26
      vertex 36.5 47.866 26
      vertex 36.3827 47.9239 26
    endloop
  endfacet
  facet normal 0 0 1
    outer loop
      vertex 35.5504 46.5504 26
      vertex 36.3827 47.9239 26
      vertex 36.2588 47.9659 26
    endloop
  endfacet
  facet normal 0 0 1
    outer loop
      vertex 37 47 26
      vertex 36.2155 46.106 26
      vertex 36.4694 46.0199 26
    endloop
  endfacet
  facet normal 0 0 1
    outer loop
      vertex 35.3736 46.752 26
      vertex 36.2588 47.9659 26
      vertex 36.1305 47.9914 26
    endloop
  endfacet
  facet normal 0 0 1
    outer loop
      vertex 35.3736 46.752 26
      vertex 36.1305 47.9914 26
      vertex 36 48 26
    endloop
  endfacet
  facet normal 0 0 1
    outer loop
      vertex 37 47 26
      vertex 35.975 46.2246 26
      vertex 36.2155 46.106 26
    endloop
  endfacet
  facet normal 0 0 1
    outer loop
      vertex 37 47 26
      vertex 35.752 46.3736 26
      vertex 35.975 46.2246 26
    endloop
  endfacet
  facet normal 0 0 1
    outer loop
      vertex 36.9239 47.3827 26
      vertex 35.5504 46.5504 26
      vertex 35.752 46.3736 26
    endloop
  endfacet
  facet normal 0 0 1
    outer loop
      vertex 36.2588 47.9659 26
      vertex 35.3736 46.752 26
      vertex 35.5504 46.5504 26
    endloop
  endfacet
  facet normal 0 0 1
    outer loop
      vertex 36 48 26
      vertex 35.2246 46.975 26
      vertex 35.3736 46.752 26
    endloop
  endfacet
  facet normal 0 0 1
    outer loop
      vertex 36 48 26
      vertex 35.106 47.2155 26
      vertex 35.2246 46.975 26
    endloop
  endfacet
  facet normal 0 0 1
    outer loop
      vertex 36 48 26
      vertex 35.0199 47.4694 26
      vertex 35.106 47.2155 26
    endloop
  endfacet
  facet normal 0 0 1
    outer loop
      vertex 36 48 26
      vertex 34.9675 47.7324 26
      vertex 35.0199 47.4694 26
    endloop
  endfacet
  facet normal 0 -0 1
    outer loop
      vertex 34.9675 47.7324 26
      vertex 36 48 26
      vertex 34.95 48 26
    endloop
  endfacet
  facet normal -0.980724 -0.195399 0
    outer loop
      vertex 39.0325 48.2676 26
      vertex 38.9801 48.5306 32
      vertex 38.9801 48.5306 26
    endloop
  endfacet
  facet normal -0.980724 -0.195399 0
    outer loop
      vertex 38.9801 48.5306 32
      vertex 39.0325 48.2676 26
      vertex 39.0325 48.2676 32
    endloop
  endfacet
  facet normal -0.997869 -0.0652567 0
    outer loop
      vertex 39.05 48 26
      vertex 39.0325 48.2676 32
      vertex 39.0325 48.2676 26
    endloop
  endfacet
  facet normal -0.997869 -0.0652567 0
    outer loop
      vertex 39.0325 48.2676 32
      vertex 39.05 48 26
      vertex 39.05 48 32
    endloop
  endfacet
  facet normal -0.442284 -0.896875 0
    outer loop
      vertex 37.7845 49.894 26
      vertex 38.025 49.7754 32
      vertex 37.7845 49.894 32
    endloop
  endfacet
  facet normal -0.442284 -0.896875 -0
    outer loop
      vertex 38.025 49.7754 32
      vertex 37.7845 49.894 26
      vertex 38.025 49.7754 26
    endloop
  endfacet
  facet normal -0.659349 -0.751837 0
    outer loop
      vertex 38.248 49.6264 26
      vertex 38.4496 49.4496 32
      vertex 38.248 49.6264 32
    endloop
  endfacet
  facet normal -0.659349 -0.751837 -0
    outer loop
      vertex 38.4496 49.4496 32
      vertex 38.248 49.6264 26
      vertex 38.4496 49.4496 26
    endloop
  endfacet
  facet normal -0.946992 0.321258 0
    outer loop
      vertex 38.9667 47.4299 26
      vertex 38.9801 47.4694 32
      vertex 38.9801 47.4694 26
    endloop
  endfacet
  facet normal -0.946992 0.321258 0
    outer loop
      vertex 38.9801 47.4694 32
      vertex 38.9667 47.4299 26
      vertex 38.9667 47.4299 32
    endloop
  endfacet
  facet normal -0.997869 0.0652567 0
    outer loop
      vertex 39.0325 47.7324 26
      vertex 39.05 48 32
      vertex 39.05 48 26
    endloop
  endfacet
  facet normal -0.997869 0.0652567 0
    outer loop
      vertex 39.05 48 32
      vertex 39.0325 47.7324 26
      vertex 39.0325 47.7324 32
    endloop
  endfacet
  facet normal 0.442284 0.896875 -0
    outer loop
      vertex 36.2155 46.106 26
      vertex 35.975 46.2246 32
      vertex 36.2155 46.106 32
    endloop
  endfacet
  facet normal 0.442284 0.896875 0
    outer loop
      vertex 35.975 46.2246 32
      vertex 36.2155 46.106 26
      vertex 35.975 46.2246 26
    endloop
  endfacet
  facet normal 0.195399 0.980724 -0
    outer loop
      vertex 36.7324 45.9675 26
      vertex 36.4694 46.0199 32
      vertex 36.7324 45.9675 32
    endloop
  endfacet
  facet normal 0.195399 0.980724 0
    outer loop
      vertex 36.4694 46.0199 32
      vertex 36.7324 45.9675 26
      vertex 36.4694 46.0199 26
    endloop
  endfacet
  facet normal 0.0652567 -0.997869 0
    outer loop
      vertex 36.7324 50.0325 26
      vertex 37 50.05 32
      vertex 36.7324 50.0325 32
    endloop
  endfacet
  facet normal 0.0652567 -0.997869 0
    outer loop
      vertex 37 50.05 32
      vertex 36.7324 50.0325 26
      vertex 37 50.05 26
    endloop
  endfacet
  facet normal 0.896875 0.442284 0
    outer loop
      vertex 35.2246 46.975 32
      vertex 35.106 47.2155 26
      vertex 35.106 47.2155 32
    endloop
  endfacet
  facet normal 0.896875 0.442284 0
    outer loop
      vertex 35.106 47.2155 26
      vertex 35.2246 46.975 32
      vertex 35.2246 46.975 26
    endloop
  endfacet
  facet normal -0.896875 -0.442284 0
    outer loop
      vertex 38.894 48.7845 26
      vertex 38.7754 49.025 32
      vertex 38.7754 49.025 26
    endloop
  endfacet
  facet normal -0.896875 -0.442284 0
    outer loop
      vertex 38.7754 49.025 32
      vertex 38.894 48.7845 26
      vertex 38.894 48.7845 32
    endloop
  endfacet
  facet normal 0.751837 0.659349 0
    outer loop
      vertex 35.5504 46.5504 32
      vertex 35.3736 46.752 26
      vertex 35.3736 46.752 32
    endloop
  endfacet
  facet normal 0.751837 0.659349 0
    outer loop
      vertex 35.3736 46.752 26
      vertex 35.5504 46.5504 32
      vertex 35.5504 46.5504 26
    endloop
  endfacet
  facet normal -0.831476 -0.55556 0
    outer loop
      vertex 38.7754 49.025 26
      vertex 38.6264 49.248 32
      vertex 38.6264 49.248 26
    endloop
  endfacet
  facet normal -0.831476 -0.55556 0
    outer loop
      vertex 38.6264 49.248 32
      vertex 38.7754 49.025 26
      vertex 38.7754 49.025 32
    endloop
  endfacet
  facet normal -0.195399 -0.980724 0
    outer loop
      vertex 37.2676 50.0325 26
      vertex 37.5306 49.9801 32
      vertex 37.2676 50.0325 32
    endloop
  endfacet
  facet normal -0.195399 -0.980724 -0
    outer loop
      vertex 37.5306 49.9801 32
      vertex 37.2676 50.0325 26
      vertex 37.5306 49.9801 26
    endloop
  endfacet
  facet normal -0.55556 -0.831476 0
    outer loop
      vertex 38.025 49.7754 26
      vertex 38.248 49.6264 32
      vertex 38.025 49.7754 32
    endloop
  endfacet
  facet normal -0.55556 -0.831476 -0
    outer loop
      vertex 38.248 49.6264 32
      vertex 38.025 49.7754 26
      vertex 38.248 49.6264 26
    endloop
  endfacet
  facet normal 0.195399 -0.980724 0
    outer loop
      vertex 36.4694 49.9801 26
      vertex 36.7324 50.0325 32
      vertex 36.4694 49.9801 32
    endloop
  endfacet
  facet normal 0.195399 -0.980724 0
    outer loop
      vertex 36.7324 50.0325 32
      vertex 36.4694 49.9801 26
      vertex 36.7324 50.0325 26
    endloop
  endfacet
  facet normal -0.980724 0.195399 0
    outer loop
      vertex 38.9801 47.4694 26
      vertex 39.0325 47.7324 32
      vertex 39.0325 47.7324 26
    endloop
  endfacet
  facet normal -0.980724 0.195399 0
    outer loop
      vertex 39.0325 47.7324 32
      vertex 38.9801 47.4694 26
      vertex 38.9801 47.4694 32
    endloop
  endfacet
  facet normal -0.0652567 -0.997869 0
    outer loop
      vertex 37 50.05 26
      vertex 37.2676 50.0325 32
      vertex 37 50.05 32
    endloop
  endfacet
  facet normal -0.0652567 -0.997869 -0
    outer loop
      vertex 37.2676 50.0325 32
      vertex 37 50.05 26
      vertex 37.2676 50.0325 26
    endloop
  endfacet
  facet normal 0.321147 0.947029 -0
    outer loop
      vertex 36.4694 46.0199 26
      vertex 36.2155 46.106 32
      vertex 36.4694 46.0199 32
    endloop
  endfacet
  facet normal 0.321147 0.947029 0
    outer loop
      vertex 36.2155 46.106 32
      vertex 36.4694 46.0199 26
      vertex 36.2155 46.106 26
    endloop
  endfacet
  facet normal -0.321147 -0.947029 0
    outer loop
      vertex 37.5306 49.9801 26
      vertex 37.7845 49.894 32
      vertex 37.5306 49.9801 32
    endloop
  endfacet
  facet normal -0.321147 -0.947029 -0
    outer loop
      vertex 37.7845 49.894 32
      vertex 37.5306 49.9801 26
      vertex 37.7845 49.894 26
    endloop
  endfacet
  facet normal 0.0652567 0.997869 -0
    outer loop
      vertex 37 45.95 26
      vertex 36.7324 45.9675 32
      vertex 37 45.95 32
    endloop
  endfacet
  facet normal 0.0652567 0.997869 0
    outer loop
      vertex 36.7324 45.9675 32
      vertex 37 45.95 26
      vertex 36.7324 45.9675 26
    endloop
  endfacet
  facet normal -0.751837 -0.659349 0
    outer loop
      vertex 38.6264 49.248 26
      vertex 38.4496 49.4496 32
      vertex 38.4496 49.4496 26
    endloop
  endfacet
  facet normal -0.751837 -0.659349 0
    outer loop
      vertex 38.4496 49.4496 32
      vertex 38.6264 49.248 26
      vertex 38.6264 49.248 32
    endloop
  endfacet
  facet normal -0.947029 -0.321147 0
    outer loop
      vertex 38.9801 48.5306 26
      vertex 38.894 48.7845 32
      vertex 38.894 48.7845 26
    endloop
  endfacet
  facet normal -0.947029 -0.321147 0
    outer loop
      vertex 38.894 48.7845 32
      vertex 38.9801 48.5306 26
      vertex 38.9801 48.5306 32
    endloop
  endfacet
  facet normal 0.321258 -0.946992 0
    outer loop
      vertex 36.4299 49.9667 26
      vertex 36.4694 49.9801 32
      vertex 36.4299 49.9667 32
    endloop
  endfacet
  facet normal 0.321258 -0.946992 0
    outer loop
      vertex 36.4694 49.9801 32
      vertex 36.4299 49.9667 26
      vertex 36.4694 49.9801 26
    endloop
  endfacet
  facet normal 0.997869 0.0652567 0
    outer loop
      vertex 34.9675 47.7324 32
      vertex 34.95 48 26
      vertex 34.95 48 32
    endloop
  endfacet
  facet normal 0.997869 0.0652567 0
    outer loop
      vertex 34.95 48 26
      vertex 34.9675 47.7324 32
      vertex 34.9675 47.7324 26
    endloop
  endfacet
  facet normal 0.947029 0.321147 0
    outer loop
      vertex 35.106 47.2155 32
      vertex 35.0199 47.4694 26
      vertex 35.0199 47.4694 32
    endloop
  endfacet
  facet normal 0.947029 0.321147 0
    outer loop
      vertex 35.0199 47.4694 26
      vertex 35.106 47.2155 32
      vertex 35.106 47.2155 26
    endloop
  endfacet
  facet normal 0.831476 0.55556 0
    outer loop
      vertex 35.3736 46.752 32
      vertex 35.2246 46.975 26
      vertex 35.2246 46.975 32
    endloop
  endfacet
  facet normal 0.831476 0.55556 0
    outer loop
      vertex 35.2246 46.975 26
      vertex 35.3736 46.752 32
      vertex 35.3736 46.752 26
    endloop
  endfacet
  facet normal 0.980724 0.195399 0
    outer loop
      vertex 35.0199 47.4694 32
      vertex 34.9675 47.7324 26
      vertex 34.9675 47.7324 32
    endloop
  endfacet
  facet normal 0.980724 0.195399 0
    outer loop
      vertex 34.9675 47.7324 26
      vertex 35.0199 47.4694 32
      vertex 35.0199 47.4694 26
    endloop
  endfacet
  facet normal 0.55556 0.831476 -0
    outer loop
      vertex 35.975 46.2246 26
      vertex 35.752 46.3736 32
      vertex 35.975 46.2246 32
    endloop
  endfacet
  facet normal 0.55556 0.831476 0
    outer loop
      vertex 35.752 46.3736 32
      vertex 35.975 46.2246 26
      vertex 35.752 46.3736 26
    endloop
  endfacet
  facet normal 0.659349 0.751837 -0
    outer loop
      vertex 35.752 46.3736 26
      vertex 35.5504 46.5504 32
      vertex 35.752 46.3736 32
    endloop
  endfacet
  facet normal 0.659349 0.751837 0
    outer loop
      vertex 35.5504 46.5504 32
      vertex 35.752 46.3736 26
      vertex 35.5504 46.5504 26
    endloop
  endfacet
  facet normal 1 0 0
    outer loop
      vertex -22 -47 25
      vertex -22 -48 25
      vertex -22 -47 4
    endloop
  endfacet
  facet normal 1 0 0
    outer loop
      vertex -22 -44.2 4
      vertex -22 -43.2 25
      vertex -22 -44.2 25
    endloop
  endfacet
  facet normal 1 0 0
    outer loop
      vertex -22 -43.2 25
      vertex -22 -44.2 4
      vertex -22 -43.2 2
    endloop
  endfacet
  facet normal 1 -0 0
    outer loop
      vertex -22 -47 4
      vertex -22 -43.2 2
      vertex -22 -44.2 4
    endloop
  endfacet
  facet normal 1 0 0
    outer loop
      vertex -22 -47 4
      vertex -22 -48 2
      vertex -22 -43.2 2
    endloop
  endfacet
  facet normal 1 0 0
    outer loop
      vertex -22 -48 2
      vertex -22 -47 4
      vertex -22 -48 25
    endloop
  endfacet
  facet normal -0 0 1
    outer loop
      vertex -24 -43.2 25
      vertex -22 -44.2 25
      vertex -22 -43.2 25
    endloop
  endfacet
  facet normal 0 0 1
    outer loop
      vertex -22 -44.2 25
      vertex -24 -43.2 25
      vertex -24 -44.2 25
    endloop
  endfacet
  facet normal -0 0 1
    outer loop
      vertex -24 -47 25
      vertex -22 -48 25
      vertex -22 -47 25
    endloop
  endfacet
  facet normal 0 0 1
    outer loop
      vertex -22 -48 25
      vertex -24 -47 25
      vertex -24 -48 25
    endloop
  endfacet
  facet normal -1 0 0
    outer loop
      vertex -24 -43.2 2
      vertex -24 -44.2 4
      vertex -24 -43.2 25
    endloop
  endfacet
  facet normal -1 0 0
    outer loop
      vertex -24 -43.2 2
      vertex -24 -47 4
      vertex -24 -44.2 4
    endloop
  endfacet
  facet normal -1 0 0
    outer loop
      vertex -24 -48 2
      vertex -24 -47 4
      vertex -24 -43.2 2
    endloop
  endfacet
  facet normal -1 0 0
    outer loop
      vertex -24 -48 25
      vertex -24 -47 4
      vertex -24 -48 2
    endloop
  endfacet
  facet normal -1 0 0
    outer loop
      vertex -24 -47 4
      vertex -24 -48 25
      vertex -24 -47 25
    endloop
  endfacet
  facet normal -1 -0 0
    outer loop
      vertex -24 -43.2 25
      vertex -24 -44.2 4
      vertex -24 -44.2 25
    endloop
  endfacet
  facet normal 0 1 -0
    outer loop
      vertex -22 -43.2 2
      vertex -24 -43.2 25
      vertex -22 -43.2 25
    endloop
  endfacet
  facet normal 0 1 0
    outer loop
      vertex -24 -43.2 25
      vertex -22 -43.2 2
      vertex -24 -43.2 2
    endloop
  endfacet
  facet normal -0 0 1
    outer loop
      vertex -24 -44.2 4
      vertex -22 -47 4
      vertex -22 -44.2 4
    endloop
  endfacet
  facet normal 0 0 1
    outer loop
      vertex -22 -47 4
      vertex -24 -44.2 4
      vertex -24 -47 4
    endloop
  endfacet
  facet normal 0 -1 0
    outer loop
      vertex -24 -44.2 4
      vertex -22 -44.2 25
      vertex -24 -44.2 25
    endloop
  endfacet
  facet normal 0 -1 -0
    outer loop
      vertex -22 -44.2 25
      vertex -24 -44.2 4
      vertex -22 -44.2 4
    endloop
  endfacet
  facet normal 0 1 -0
    outer loop
      vertex -22 -47 4
      vertex -24 -47 25
      vertex -22 -47 25
    endloop
  endfacet
  facet normal 0 1 0
    outer loop
      vertex -24 -47 25
      vertex -22 -47 4
      vertex -24 -47 4
    endloop
  endfacet
  facet normal 1 0 0
    outer loop
      vertex 24 -47 25
      vertex 24 -48 25
      vertex 24 -47 4
    endloop
  endfacet
  facet normal 1 0 0
    outer loop
      vertex 24 -44.2 4
      vertex 24 -43.2 25
      vertex 24 -44.2 25
    endloop
  endfacet
  facet normal 1 0 0
    outer loop
      vertex 24 -43.2 25
      vertex 24 -44.2 4
      vertex 24 -43.2 2
    endloop
  endfacet
  facet normal 1 -0 0
    outer loop
      vertex 24 -47 4
      vertex 24 -43.2 2
      vertex 24 -44.2 4
    endloop
  endfacet
  facet normal 1 0 0
    outer loop
      vertex 24 -47 4
      vertex 24 -48 2
      vertex 24 -43.2 2
    endloop
  endfacet
  facet normal 1 0 0
    outer loop
      vertex 24 -48 2
      vertex 24 -47 4
      vertex 24 -48 25
    endloop
  endfacet
  facet normal -0 0 1
    outer loop
      vertex 22 -43.2 25
      vertex 24 -44.2 25
      vertex 24 -43.2 25
    endloop
  endfacet
  facet normal 0 0 1
    outer loop
      vertex 24 -44.2 25
      vertex 22 -43.2 25
      vertex 22 -44.2 25
    endloop
  endfacet
  facet normal -0 0 1
    outer loop
      vertex 22 -47 25
      vertex 24 -48 25
      vertex 24 -47 25
    endloop
  endfacet
  facet normal 0 0 1
    outer loop
      vertex 24 -48 25
      vertex 22 -47 25
      vertex 22 -48 25
    endloop
  endfacet
  facet normal -1 0 0
    outer loop
      vertex 22 -43.2 2
      vertex 22 -44.2 4
      vertex 22 -43.2 25
    endloop
  endfacet
  facet normal -1 0 0
    outer loop
      vertex 22 -43.2 2
      vertex 22 -47 4
      vertex 22 -44.2 4
    endloop
  endfacet
  facet normal -1 0 0
    outer loop
      vertex 22 -48 2
      vertex 22 -47 4
      vertex 22 -43.2 2
    endloop
  endfacet
  facet normal -1 0 0
    outer loop
      vertex 22 -48 25
      vertex 22 -47 4
      vertex 22 -48 2
    endloop
  endfacet
  facet normal -1 0 0
    outer loop
      vertex 22 -47 4
      vertex 22 -48 25
      vertex 22 -47 25
    endloop
  endfacet
  facet normal -1 -0 0
    outer loop
      vertex 22 -43.2 25
      vertex 22 -44.2 4
      vertex 22 -44.2 25
    endloop
  endfacet
  facet normal 0 1 -0
    outer loop
      vertex 24 -43.2 2
      vertex 22 -43.2 25
      vertex 24 -43.2 25
    endloop
  endfacet
  facet normal 0 1 0
    outer loop
      vertex 22 -43.2 25
      vertex 24 -43.2 2
      vertex 22 -43.2 2
    endloop
  endfacet
  facet normal -0 0 1
    outer loop
      vertex 22 -44.2 4
      vertex 24 -47 4
      vertex 24 -44.2 4
    endloop
  endfacet
  facet normal 0 0 1
    outer loop
      vertex 24 -47 4
      vertex 22 -44.2 4
      vertex 22 -47 4
    endloop
  endfacet
  facet normal 0 -1 0
    outer loop
      vertex 22 -44.2 4
      vertex 24 -44.2 25
      vertex 22 -44.2 25
    endloop
  endfacet
  facet normal 0 -1 -0
    outer loop
      vertex 24 -44.2 25
      vertex 22 -44.2 4
      vertex 24 -44.2 4
    endloop
  endfacet
  facet normal 0 1 -0
    outer loop
      vertex 24 -47 4
      vertex 22 -47 25
      vertex 24 -47 25
    endloop
  endfacet
  facet normal 0 1 0
    outer loop
      vertex 22 -47 25
      vertex 24 -47 4
      vertex 22 -47 4
    endloop
  endfacet
  facet normal 1 -0 0
    outer loop
      vertex -34.6 -0.4 5
      vertex -34.6 7.6 2
      vertex -34.6 7.6 5
    endloop
  endfacet
  facet normal 1 0 0
    outer loop
      vertex -34.6 7.6 2
      vertex -34.6 -0.4 5
      vertex -34.6 -0.4 2
    endloop
  endfacet
  facet normal -0 0 1
    outer loop
      vertex -36.2 7.6 5
      vertex -34.6 -0.4 5
      vertex -34.6 7.6 5
    endloop
  endfacet
  facet normal 0 0 1
    outer loop
      vertex -34.6 -0.4 5
      vertex -36.2 7.6 5
      vertex -36.2 -0.4 5
    endloop
  endfacet
  facet normal -1 0 0
    outer loop
      vertex -36.2 -0.4 2
      vertex -36.2 7.6 5
      vertex -36.2 7.6 2
    endloop
  endfacet
  facet normal -1 -0 0
    outer loop
      vertex -36.2 7.6 5
      vertex -36.2 -0.4 2
      vertex -36.2 -0.4 5
    endloop
  endfacet
  facet normal 0 1 -0
    outer loop
      vertex -34.6 7.6 2
      vertex -36.2 7.6 5
      vertex -34.6 7.6 5
    endloop
  endfacet
  facet normal 0 1 0
    outer loop
      vertex -36.2 7.6 5
      vertex -34.6 7.6 2
      vertex -36.2 7.6 2
    endloop
  endfacet
  facet normal 0 -1 0
    outer loop
      vertex -36.2 -0.4 2
      vertex -34.6 -0.4 5
      vertex -36.2 -0.4 5
    endloop
  endfacet
  facet normal 0 -1 -0
    outer loop
      vertex -34.6 -0.4 5
      vertex -36.2 -0.4 2
      vertex -34.6 -0.4 2
    endloop
  endfacet
  facet normal 1 -0 0
    outer loop
      vertex -34.6 50 5
      vertex -34.6 50.4 2
      vertex -34.6 50.4 5
    endloop
  endfacet
  facet normal 1 0 0
    outer loop
      vertex -34.6 50.4 2
      vertex -34.6 50 5
      vertex -34.6 50 2
    endloop
  endfacet
  facet normal 1 -0 0
    outer loop
      vertex -34.6 42.4 5
      vertex -34.6 48 2
      vertex -34.6 48 5
    endloop
  endfacet
  facet normal 1 0 0
    outer loop
      vertex -34.6 48 2
      vertex -34.6 42.4 5
      vertex -34.6 42.4 2
    endloop
  endfacet
  facet normal 0 0 1
    outer loop
      vertex -34.6 50.4 5
      vertex -36 50 5
      vertex -34.6 50 5
    endloop
  endfacet
  facet normal -0 0 1
    outer loop
      vertex -36.2 50.4 5
      vertex -36 50 5
      vertex -34.6 50.4 5
    endloop
  endfacet
  facet normal 0 0 1
    outer loop
      vertex -36 50 5
      vertex -36.2 50.4 5
      vertex -36.2 49.9869 5
    endloop
  endfacet
  facet normal -0 0 1
    outer loop
      vertex -36 48 5
      vertex -34.6 42.4 5
      vertex -34.6 48 5
    endloop
  endfacet
  facet normal 0 0 1
    outer loop
      vertex -36.2 47.9776 5
      vertex -36 48 5
      vertex -36.1305 47.9914 5
    endloop
  endfacet
  facet normal 0 0 1
    outer loop
      vertex -36 48 5
      vertex -36.2 47.9776 5
      vertex -36.2 42.4 5
    endloop
  endfacet
  facet normal 0 0 1
    outer loop
      vertex -36 48 5
      vertex -36.2 42.4 5
      vertex -34.6 42.4 5
    endloop
  endfacet
  facet normal -1 0 0
    outer loop
      vertex -36.2 49.9869 2
      vertex -36.2 50.4 5
      vertex -36.2 50.4 2
    endloop
  endfacet
  facet normal -1 -0 0
    outer loop
      vertex -36.2 50.4 5
      vertex -36.2 49.9869 2
      vertex -36.2 49.9869 5
    endloop
  endfacet
  facet normal -1 0 0
    outer loop
      vertex -36.2 42.4 2
      vertex -36.2 47.9776 5
      vertex -36.2 47.9776 2
    endloop
  endfacet
  facet normal -1 -0 0
    outer loop
      vertex -36.2 47.9776 5
      vertex -36.2 42.4 2
      vertex -36.2 42.4 5
    endloop
  endfacet
  facet normal 0 1 -0
    outer loop
      vertex -34.6 50.4 2
      vertex -36.2 50.4 5
      vertex -34.6 50.4 5
    endloop
  endfacet
  facet normal 0 1 0
    outer loop
      vertex -36.2 50.4 5
      vertex -34.6 50.4 2
      vertex -36.2 50.4 2
    endloop
  endfacet
  facet normal 0 -1 0
    outer loop
      vertex -36.2 42.4 2
      vertex -34.6 42.4 5
      vertex -36.2 42.4 5
    endloop
  endfacet
  facet normal 0 -1 -0
    outer loop
      vertex -34.6 42.4 5
      vertex -36.2 42.4 2
      vertex -34.6 42.4 2
    endloop
  endfacet
  facet normal 1 -0 0
    outer loop
      vertex 1.8 -0.4 5
      vertex 1.8 7.6 2
      vertex 1.8 7.6 5
    endloop
  endfacet
  facet normal 1 0 0
    outer loop
      vertex 1.8 7.6 2
      vertex 1.8 -0.4 5
      vertex 1.8 -0.4 2
    endloop
  endfacet
  facet normal -0 0 1
    outer loop
      vertex 0.2 7.6 5
      vertex 1.8 -0.4 5
      vertex 1.8 7.6 5
    endloop
  endfacet
  facet normal 0 0 1
    outer loop
      vertex 1.8 -0.4 5
      vertex 0.2 7.6 5
      vertex 0.2 -0.4 5
    endloop
  endfacet
  facet normal -1 0 0
    outer loop
      vertex 0.2 -0.4 2
      vertex 0.2 7.6 5
      vertex 0.2 7.6 2
    endloop
  endfacet
  facet normal -1 -0 0
    outer loop
      vertex 0.2 7.6 5
      vertex 0.2 -0.4 2
      vertex 0.2 -0.4 5
    endloop
  endfacet
  facet normal 0 1 -0
    outer loop
      vertex 1.8 7.6 2
      vertex 0.2 7.6 5
      vertex 1.8 7.6 5
    endloop
  endfacet
  facet normal 0 1 0
    outer loop
      vertex 0.2 7.6 5
      vertex 1.8 7.6 2
      vertex 0.2 7.6 2
    endloop
  endfacet
  facet normal 0 -1 0
    outer loop
      vertex 0.2 -0.4 2
      vertex 1.8 -0.4 5
      vertex 0.2 -0.4 5
    endloop
  endfacet
  facet normal 0 -1 -0
    outer loop
      vertex 1.8 -0.4 5
      vertex 0.2 -0.4 2
      vertex 1.8 -0.4 2
    endloop
  endfacet
  facet normal 1 -0 0
    outer loop
      vertex 1.8 50 5
      vertex 1.8 50.4 2
      vertex 1.8 50.4 5
    endloop
  endfacet
  facet normal 1 0 0
    outer loop
      vertex 1.8 50.4 2
      vertex 1.8 50 5
      vertex 1.8 50 2
    endloop
  endfacet
  facet normal 1 -0 0
    outer loop
      vertex 1.8 42.4 5
      vertex 1.8 48 2
      vertex 1.8 48 5
    endloop
  endfacet
  facet normal 1 0 0
    outer loop
      vertex 1.8 48 2
      vertex 1.8 42.4 5
      vertex 1.8 42.4 2
    endloop
  endfacet
  facet normal -0 0 1
    outer loop
      vertex 0.2 50.4 5
      vertex 1.8 50 5
      vertex 1.8 50.4 5
    endloop
  endfacet
  facet normal 0 0 1
    outer loop
      vertex 1.8 50 5
      vertex 0.2 50.4 5
      vertex 0.2 50 5
    endloop
  endfacet
  facet normal -0 0 1
    outer loop
      vertex 0.2 48 5
      vertex 1.8 42.4 5
      vertex 1.8 48 5
    endloop
  endfacet
  facet normal 0 0 1
    outer loop
      vertex 1.8 42.4 5
      vertex 0.2 48 5
      vertex 0.2 42.4 5
    endloop
  endfacet
  facet normal -1 0 0
    outer loop
      vertex 0.2 50 2
      vertex 0.2 50.4 5
      vertex 0.2 50.4 2
    endloop
  endfacet
  facet normal -1 -0 0
    outer loop
      vertex 0.2 50.4 5
      vertex 0.2 50 2
      vertex 0.2 50 5
    endloop
  endfacet
  facet normal -1 0 0
    outer loop
      vertex 0.2 42.4 2
      vertex 0.2 48 5
      vertex 0.2 48 2
    endloop
  endfacet
  facet normal -1 -0 0
    outer loop
      vertex 0.2 48 5
      vertex 0.2 42.4 2
      vertex 0.2 42.4 5
    endloop
  endfacet
  facet normal 0 1 -0
    outer loop
      vertex 1.8 50.4 2
      vertex 0.2 50.4 5
      vertex 1.8 50.4 5
    endloop
  endfacet
  facet normal 0 1 0
    outer loop
      vertex 0.2 50.4 5
      vertex 1.8 50.4 2
      vertex 0.2 50.4 2
    endloop
  endfacet
  facet normal 0 -1 0
    outer loop
      vertex 0.2 42.4 2
      vertex 1.8 42.4 5
      vertex 0.2 42.4 5
    endloop
  endfacet
  facet normal 0 -1 -0
    outer loop
      vertex 1.8 42.4 5
      vertex 0.2 42.4 2
      vertex 1.8 42.4 2
    endloop
  endfacet
  facet normal 0 1 -0
    outer loop
      vertex 31.4 10.4 2
      vertex 23.4 10.4 5
      vertex 31.4 10.4 5
    endloop
  endfacet
  facet normal 0 1 0
    outer loop
      vertex 23.4 10.4 5
      vertex 31.4 10.4 2
      vertex 23.4 10.4 2
    endloop
  endfacet
  facet normal -0 0 1
    outer loop
      vertex 23.4 10.4 5
      vertex 31.4 8.8 5
      vertex 31.4 10.4 5
    endloop
  endfacet
  facet normal 0 0 1
    outer loop
      vertex 31.4 8.8 5
      vertex 23.4 10.4 5
      vertex 23.4 8.8 5
    endloop
  endfacet
  facet normal 0 -1 0
    outer loop
      vertex 23.4 8.8 2
      vertex 31.4 8.8 5
      vertex 23.4 8.8 5
    endloop
  endfacet
  facet normal 0 -1 -0
    outer loop
      vertex 31.4 8.8 5
      vertex 23.4 8.8 2
      vertex 31.4 8.8 2
    endloop
  endfacet
  facet normal -1 0 0
    outer loop
      vertex 23.4 8.8 2
      vertex 23.4 10.4 5
      vertex 23.4 10.4 2
    endloop
  endfacet
  facet normal -1 -0 0
    outer loop
      vertex 23.4 10.4 5
      vertex 23.4 8.8 2
      vertex 23.4 8.8 5
    endloop
  endfacet
  facet normal 1 -0 0
    outer loop
      vertex 31.4 8.8 5
      vertex 31.4 10.4 2
      vertex 31.4 10.4 5
    endloop
  endfacet
  facet normal 1 0 0
    outer loop
      vertex 31.4 10.4 2
      vertex 31.4 8.8 5
      vertex 31.4 8.8 2
    endloop
  endfacet
  facet normal 0 1 -0
    outer loop
      vertex 21.6 10.4 2
      vertex 13.6 10.4 5
      vertex 21.6 10.4 5
    endloop
  endfacet
  facet normal 0 1 0
    outer loop
      vertex 13.6 10.4 5
      vertex 21.6 10.4 2
      vertex 13.6 10.4 2
    endloop
  endfacet
  facet normal -0 0 1
    outer loop
      vertex 13.6 10.4 5
      vertex 21.6 8.8 5
      vertex 21.6 10.4 5
    endloop
  endfacet
  facet normal 0 0 1
    outer loop
      vertex 21.6 8.8 5
      vertex 13.6 10.4 5
      vertex 13.6 8.8 5
    endloop
  endfacet
  facet normal 0 -1 0
    outer loop
      vertex 13.6 8.8 2
      vertex 21.6 8.8 5
      vertex 13.6 8.8 5
    endloop
  endfacet
  facet normal 0 -1 -0
    outer loop
      vertex 21.6 8.8 5
      vertex 13.6 8.8 2
      vertex 21.6 8.8 2
    endloop
  endfacet
  facet normal -1 0 0
    outer loop
      vertex 13.6 8.8 2
      vertex 13.6 10.4 5
      vertex 13.6 10.4 2
    endloop
  endfacet
  facet normal -1 -0 0
    outer loop
      vertex 13.6 10.4 5
      vertex 13.6 8.8 2
      vertex 13.6 8.8 5
    endloop
  endfacet
  facet normal 1 -0 0
    outer loop
      vertex 21.6 8.8 5
      vertex 21.6 10.4 2
      vertex 21.6 10.4 5
    endloop
  endfacet
  facet normal 1 0 0
    outer loop
      vertex 21.6 10.4 2
      vertex 21.6 8.8 5
      vertex 21.6 8.8 2
    endloop
  endfacet
  facet normal -0 0 1
    outer loop
      vertex 23.4 48 5
      vertex 31.4 47.2 5
      vertex 31.4 48 5
    endloop
  endfacet
  facet normal 0 0 1
    outer loop
      vertex 31.4 47.2 5
      vertex 23.4 48 5
      vertex 23.4 47.2 5
    endloop
  endfacet
  facet normal 0 -1 0
    outer loop
      vertex 23.4 47.2 2
      vertex 31.4 47.2 5
      vertex 23.4 47.2 5
    endloop
  endfacet
  facet normal 0 -1 -0
    outer loop
      vertex 31.4 47.2 5
      vertex 23.4 47.2 2
      vertex 31.4 47.2 2
    endloop
  endfacet
  facet normal -1 0 0
    outer loop
      vertex 23.4 47.2 2
      vertex 23.4 48 5
      vertex 23.4 48 2
    endloop
  endfacet
  facet normal -1 -0 0
    outer loop
      vertex 23.4 48 5
      vertex 23.4 47.2 2
      vertex 23.4 47.2 5
    endloop
  endfacet
  facet normal 1 -0 0
    outer loop
      vertex 31.4 47.2 5
      vertex 31.4 48 2
      vertex 31.4 48 5
    endloop
  endfacet
  facet normal 1 0 0
    outer loop
      vertex 31.4 48 2
      vertex 31.4 47.2 5
      vertex 31.4 47.2 2
    endloop
  endfacet
  facet normal -0 0 1
    outer loop
      vertex 13.6 48 5
      vertex 21.6 47.2 5
      vertex 21.6 48 5
    endloop
  endfacet
  facet normal 0 0 1
    outer loop
      vertex 21.6 47.2 5
      vertex 13.6 48 5
      vertex 13.6 47.2 5
    endloop
  endfacet
  facet normal 0 -1 0
    outer loop
      vertex 13.6 47.2 2
      vertex 21.6 47.2 5
      vertex 13.6 47.2 5
    endloop
  endfacet
  facet normal 0 -1 -0
    outer loop
      vertex 21.6 47.2 5
      vertex 13.6 47.2 2
      vertex 21.6 47.2 2
    endloop
  endfacet
  facet normal -1 0 0
    outer loop
      vertex 13.6 47.2 2
      vertex 13.6 48 5
      vertex 13.6 48 2
    endloop
  endfacet
  facet normal -1 -0 0
    outer loop
      vertex 13.6 48 5
      vertex 13.6 47.2 2
      vertex 13.6 47.2 5
    endloop
  endfacet
  facet normal 1 -0 0
    outer loop
      vertex 21.6 47.2 5
      vertex 21.6 48 2
      vertex 21.6 48 5
    endloop
  endfacet
  facet normal 1 0 0
    outer loop
      vertex 21.6 48 2
      vertex 21.6 47.2 5
      vertex 21.6 47.2 2
    endloop
  endfacet
  facet normal 0 1 -0
    outer loop
      vertex 31.4 -7.6 2
      vertex 23.4 -7.6 5
      vertex 31.4 -7.6 5
    endloop
  endfacet
  facet normal 0 1 0
    outer loop
      vertex 23.4 -7.6 5
      vertex 31.4 -7.6 2
      vertex 23.4 -7.6 2
    endloop
  endfacet
  facet normal -0 0 1
    outer loop
      vertex 23.4 -7.6 5
      vertex 31.4 -9.2 5
      vertex 31.4 -7.6 5
    endloop
  endfacet
  facet normal 0 0 1
    outer loop
      vertex 31.4 -9.2 5
      vertex 23.4 -7.6 5
      vertex 23.4 -9.2 5
    endloop
  endfacet
  facet normal 0 -1 0
    outer loop
      vertex 23.4 -9.2 2
      vertex 31.4 -9.2 5
      vertex 23.4 -9.2 5
    endloop
  endfacet
  facet normal 0 -1 -0
    outer loop
      vertex 31.4 -9.2 5
      vertex 23.4 -9.2 2
      vertex 31.4 -9.2 2
    endloop
  endfacet
  facet normal -1 0 0
    outer loop
      vertex 23.4 -9.2 2
      vertex 23.4 -7.6 5
      vertex 23.4 -7.6 2
    endloop
  endfacet
  facet normal -1 -0 0
    outer loop
      vertex 23.4 -7.6 5
      vertex 23.4 -9.2 2
      vertex 23.4 -9.2 5
    endloop
  endfacet
  facet normal 1 -0 0
    outer loop
      vertex 31.4 -9.2 5
      vertex 31.4 -7.6 2
      vertex 31.4 -7.6 5
    endloop
  endfacet
  facet normal 1 0 0
    outer loop
      vertex 31.4 -7.6 2
      vertex 31.4 -9.2 5
      vertex 31.4 -9.2 2
    endloop
  endfacet
  facet normal 0 1 -0
    outer loop
      vertex 21.6 -7.6 2
      vertex 13.6 -7.6 5
      vertex 21.6 -7.6 5
    endloop
  endfacet
  facet normal 0 1 0
    outer loop
      vertex 13.6 -7.6 5
      vertex 21.6 -7.6 2
      vertex 13.6 -7.6 2
    endloop
  endfacet
  facet normal -0 0 1
    outer loop
      vertex 13.6 -7.6 5
      vertex 21.6 -9.2 5
      vertex 21.6 -7.6 5
    endloop
  endfacet
  facet normal 0 0 1
    outer loop
      vertex 21.6 -9.2 5
      vertex 13.6 -7.6 5
      vertex 13.6 -9.2 5
    endloop
  endfacet
  facet normal 0 -1 0
    outer loop
      vertex 13.6 -9.2 2
      vertex 21.6 -9.2 5
      vertex 13.6 -9.2 5
    endloop
  endfacet
  facet normal 0 -1 -0
    outer loop
      vertex 21.6 -9.2 5
      vertex 13.6 -9.2 2
      vertex 21.6 -9.2 2
    endloop
  endfacet
  facet normal -1 0 0
    outer loop
      vertex 13.6 -9.2 2
      vertex 13.6 -7.6 5
      vertex 13.6 -7.6 2
    endloop
  endfacet
  facet normal -1 -0 0
    outer loop
      vertex 13.6 -7.6 5
      vertex 13.6 -9.2 2
      vertex 13.6 -9.2 5
    endloop
  endfacet
  facet normal 1 -0 0
    outer loop
      vertex 21.6 -9.2 5
      vertex 21.6 -7.6 2
      vertex 21.6 -7.6 5
    endloop
  endfacet
  facet normal 1 0 0
    outer loop
      vertex 21.6 -7.6 2
      vertex 21.6 -9.2 5
      vertex 21.6 -9.2 2
    endloop
  endfacet
  facet normal 0 1 -0
    outer loop
      vertex 31.4 22.8 2
      vertex 23.4 22.8 5
      vertex 31.4 22.8 5
    endloop
  endfacet
  facet normal 0 1 0
    outer loop
      vertex 23.4 22.8 5
      vertex 31.4 22.8 2
      vertex 23.4 22.8 2
    endloop
  endfacet
  facet normal -0 0 1
    outer loop
      vertex 23.4 22.8 5
      vertex 31.4 21.2 5
      vertex 31.4 22.8 5
    endloop
  endfacet
  facet normal 0 0 1
    outer loop
      vertex 31.4 21.2 5
      vertex 23.4 22.8 5
      vertex 23.4 21.2 5
    endloop
  endfacet
  facet normal 0 -1 0
    outer loop
      vertex 23.4 21.2 2
      vertex 31.4 21.2 5
      vertex 23.4 21.2 5
    endloop
  endfacet
  facet normal 0 -1 -0
    outer loop
      vertex 31.4 21.2 5
      vertex 23.4 21.2 2
      vertex 31.4 21.2 2
    endloop
  endfacet
  facet normal -1 0 0
    outer loop
      vertex 23.4 21.2 2
      vertex 23.4 22.8 5
      vertex 23.4 22.8 2
    endloop
  endfacet
  facet normal -1 -0 0
    outer loop
      vertex 23.4 22.8 5
      vertex 23.4 21.2 2
      vertex 23.4 21.2 5
    endloop
  endfacet
  facet normal 1 -0 0
    outer loop
      vertex 31.4 21.2 5
      vertex 31.4 22.8 2
      vertex 31.4 22.8 5
    endloop
  endfacet
  facet normal 1 0 0
    outer loop
      vertex 31.4 22.8 2
      vertex 31.4 21.2 5
      vertex 31.4 21.2 2
    endloop
  endfacet
  facet normal 0 1 -0
    outer loop
      vertex 21.6 22.8 2
      vertex 13.6 22.8 5
      vertex 21.6 22.8 5
    endloop
  endfacet
  facet normal 0 1 0
    outer loop
      vertex 13.6 22.8 5
      vertex 21.6 22.8 2
      vertex 13.6 22.8 2
    endloop
  endfacet
  facet normal -0 0 1
    outer loop
      vertex 13.6 22.8 5
      vertex 21.6 21.2 5
      vertex 21.6 22.8 5
    endloop
  endfacet
  facet normal 0 0 1
    outer loop
      vertex 21.6 21.2 5
      vertex 13.6 22.8 5
      vertex 13.6 21.2 5
    endloop
  endfacet
  facet normal 0 -1 0
    outer loop
      vertex 13.6 21.2 2
      vertex 21.6 21.2 5
      vertex 13.6 21.2 5
    endloop
  endfacet
  facet normal 0 -1 -0
    outer loop
      vertex 21.6 21.2 5
      vertex 13.6 21.2 2
      vertex 21.6 21.2 2
    endloop
  endfacet
  facet normal -1 0 0
    outer loop
      vertex 13.6 21.2 2
      vertex 13.6 22.8 5
      vertex 13.6 22.8 2
    endloop
  endfacet
  facet normal -1 -0 0
    outer loop
      vertex 13.6 22.8 5
      vertex 13.6 21.2 2
      vertex 13.6 21.2 5
    endloop
  endfacet
  facet normal 1 -0 0
    outer loop
      vertex 21.6 21.2 5
      vertex 21.6 22.8 2
      vertex 21.6 22.8 5
    endloop
  endfacet
  facet normal 1 0 0
    outer loop
      vertex 21.6 22.8 2
      vertex 21.6 21.2 5
      vertex 21.6 21.2 2
    endloop
  endfacet
  facet normal 1 -0 0
    outer loop
      vertex 14.4 -34.4 5
      vertex 14.4 -26.4 2
      vertex 14.4 -26.4 5
    endloop
  endfacet
  facet normal 1 0 0
    outer loop
      vertex 14.4 -26.4 2
      vertex 14.4 -34.4 5
      vertex 14.4 -34.4 2
    endloop
  endfacet
  facet normal -0 0 1
    outer loop
      vertex 12.8 -26.4 5
      vertex 14.4 -34.4 5
      vertex 14.4 -26.4 5
    endloop
  endfacet
  facet normal 0 0 1
    outer loop
      vertex 14.4 -34.4 5
      vertex 12.8 -26.4 5
      vertex 12.8 -34.4 5
    endloop
  endfacet
  facet normal -1 0 0
    outer loop
      vertex 12.8 -34.4 2
      vertex 12.8 -26.4 5
      vertex 12.8 -26.4 2
    endloop
  endfacet
  facet normal -1 -0 0
    outer loop
      vertex 12.8 -26.4 5
      vertex 12.8 -34.4 2
      vertex 12.8 -34.4 5
    endloop
  endfacet
  facet normal 0 1 -0
    outer loop
      vertex 14.4 -26.4 2
      vertex 12.8 -26.4 5
      vertex 14.4 -26.4 5
    endloop
  endfacet
  facet normal 0 1 0
    outer loop
      vertex 12.8 -26.4 5
      vertex 14.4 -26.4 2
      vertex 12.8 -26.4 2
    endloop
  endfacet
  facet normal 0 -1 0
    outer loop
      vertex 12.8 -34.4 2
      vertex 14.4 -34.4 5
      vertex 12.8 -34.4 5
    endloop
  endfacet
  facet normal 0 -1 -0
    outer loop
      vertex 14.4 -34.4 5
      vertex 12.8 -34.4 2
      vertex 14.4 -34.4 2
    endloop
  endfacet
  facet normal 1 -0 0
    outer loop
      vertex 14.4 -23.8 5
      vertex 14.4 -15.8 2
      vertex 14.4 -15.8 5
    endloop
  endfacet
  facet normal 1 0 0
    outer loop
      vertex 14.4 -15.8 2
      vertex 14.4 -23.8 5
      vertex 14.4 -23.8 2
    endloop
  endfacet
  facet normal -0 0 1
    outer loop
      vertex 12.8 -15.8 5
      vertex 14.4 -23.8 5
      vertex 14.4 -15.8 5
    endloop
  endfacet
  facet normal 0 0 1
    outer loop
      vertex 14.4 -23.8 5
      vertex 12.8 -15.8 5
      vertex 12.8 -23.8 5
    endloop
  endfacet
  facet normal -1 0 0
    outer loop
      vertex 12.8 -23.8 2
      vertex 12.8 -15.8 5
      vertex 12.8 -15.8 2
    endloop
  endfacet
  facet normal -1 -0 0
    outer loop
      vertex 12.8 -15.8 5
      vertex 12.8 -23.8 2
      vertex 12.8 -23.8 5
    endloop
  endfacet
  facet normal 0 1 -0
    outer loop
      vertex 14.4 -15.8 2
      vertex 12.8 -15.8 5
      vertex 14.4 -15.8 5
    endloop
  endfacet
  facet normal 0 1 0
    outer loop
      vertex 12.8 -15.8 5
      vertex 14.4 -15.8 2
      vertex 12.8 -15.8 2
    endloop
  endfacet
  facet normal 0 -1 0
    outer loop
      vertex 12.8 -23.8 2
      vertex 14.4 -23.8 5
      vertex 12.8 -23.8 5
    endloop
  endfacet
  facet normal 0 -1 -0
    outer loop
      vertex 14.4 -23.8 5
      vertex 12.8 -23.8 2
      vertex 14.4 -23.8 2
    endloop
  endfacet
  facet normal 1 -0 0
    outer loop
      vertex 37.8 -34 5
      vertex 37.8 -26.4 4
      vertex 37.8 -26.4 5
    endloop
  endfacet
  facet normal 1 0 0
    outer loop
      vertex 37.8 -26.4 4
      vertex 37.8 -34 5
      vertex 37.8 -34 4
    endloop
  endfacet
  facet normal 0 0 1
    outer loop
      vertex 37.8 -26.4 5
      vertex 37 -34 5
      vertex 37.8 -34 5
    endloop
  endfacet
  facet normal -0 0 1
    outer loop
      vertex 36.2 -26.4 5
      vertex 37 -34 5
      vertex 37.8 -26.4 5
    endloop
  endfacet
  facet normal 0 0 1
    outer loop
      vertex 36.2 -34.4 5
      vertex 37 -34 5
      vertex 36.2 -26.4 5
    endloop
  endfacet
  facet normal 0 0 1
    outer loop
      vertex 37 -34 5
      vertex 36.2 -34.4 5
      vertex 37 -34.4 5
    endloop
  endfacet
  facet normal -1 0 0
    outer loop
      vertex 36.2 -34.4 2
      vertex 36.2 -26.4 5
      vertex 36.2 -26.4 2
    endloop
  endfacet
  facet normal -1 -0 0
    outer loop
      vertex 36.2 -26.4 5
      vertex 36.2 -34.4 2
      vertex 36.2 -34.4 5
    endloop
  endfacet
  facet normal 0 1 0
    outer loop
      vertex 37 -26.4 4
      vertex 37.8 -26.4 5
      vertex 37.8 -26.4 4
    endloop
  endfacet
  facet normal 0 1 0
    outer loop
      vertex 37.8 -26.4 5
      vertex 37 -26.4 4
      vertex 36.2 -26.4 5
    endloop
  endfacet
  facet normal 0 1 0
    outer loop
      vertex 36.2 -26.4 2
      vertex 37 -26.4 4
      vertex 37 -26.4 2
    endloop
  endfacet
  facet normal 0 1 0
    outer loop
      vertex 37 -26.4 4
      vertex 36.2 -26.4 2
      vertex 36.2 -26.4 5
    endloop
  endfacet
  facet normal 0 -1 0
    outer loop
      vertex 36.2 -34.4 2
      vertex 37 -34.4 5
      vertex 36.2 -34.4 5
    endloop
  endfacet
  facet normal 0 -1 -0
    outer loop
      vertex 37 -34.4 5
      vertex 36.2 -34.4 2
      vertex 37 -34.4 2
    endloop
  endfacet
  facet normal -0 0 1
    outer loop
      vertex 36.2 -15.8 5
      vertex 37 -23.8 5
      vertex 37 -15.8 5
    endloop
  endfacet
  facet normal 0 0 1
    outer loop
      vertex 37 -23.8 5
      vertex 36.2 -15.8 5
      vertex 36.2 -23.8 5
    endloop
  endfacet
  facet normal -1 0 0
    outer loop
      vertex 36.2 -23.8 2
      vertex 36.2 -15.8 5
      vertex 36.2 -15.8 2
    endloop
  endfacet
  facet normal -1 -0 0
    outer loop
      vertex 36.2 -15.8 5
      vertex 36.2 -23.8 2
      vertex 36.2 -23.8 5
    endloop
  endfacet
  facet normal 0 1 -0
    outer loop
      vertex 37 -15.8 2
      vertex 36.2 -15.8 5
      vertex 37 -15.8 5
    endloop
  endfacet
  facet normal 0 1 0
    outer loop
      vertex 36.2 -15.8 5
      vertex 37 -15.8 2
      vertex 36.2 -15.8 2
    endloop
  endfacet
  facet normal 0 -1 0
    outer loop
      vertex 36.2 -23.8 2
      vertex 37 -23.8 5
      vertex 36.2 -23.8 5
    endloop
  endfacet
  facet normal 0 -1 -0
    outer loop
      vertex 37 -23.8 5
      vertex 36.2 -23.8 2
      vertex 37 -23.8 2
    endloop
  endfacet
endsolid OpenSCAD_Model
